RhythmScore,AudioLoudness,VocalContent,AcousticQuality,InstrumentalScore,LivePerformanceLikelihood,MoodScore,TrackDurationMs,Energy,Duration_min,Duration_log,Duration_band,Loudness_band,Rhythm_x_Energy,Loudness_x_Energy,Mood_x_Energy,Vocal_plus_Instr,Acoustic_minus_Energy,Live_x_Vocal,Energy_to_Acoustic,Loudness_per_min,Audio_mean,Audio_std,Audio_max,Audio_min,BeatsPerMinute
0.4518,-13.9066,0.0235,0.2565,0.0544,0.3517,0.655,209921.89,0.2365,3.4987,12.2545,1.0,0.0,0.1069,-3.2894,0.1549,0.0779,0.02,0.0083,0.9186,-3.9748,0.2899,0.2213,0.655,0.0235,65.1936
0.646,-7.9969,0.1439,0.0,0.0,0.0582,0.3965,217672.55,0.7128,3.6279,12.2908,1.0,2.0,0.4605,-5.7002,0.2826,0.1439,-0.7128,0.0084,708.9998,-2.2043,0.2796,0.3053,0.7128,0.0,87.3308
0.7669,-5.0109,0.1587,0.0,0.0,0.1856,0.3713,200367.77,0.3114,3.3395,12.2079,1.0,3.0,0.2388,-1.5604,0.1156,0.1587,-0.3114,0.0295,309.7398,-1.5005,0.2563,0.2655,0.7669,0.0,88.85
0.4525,-2.6275,0.0762,0.5139,0.4287,0.1449,0.4928,346616.75,0.9533,5.7769,12.756,4.0,4.0,0.4314,-2.5049,0.4698,0.5049,-0.4394,0.011,1.8515,-0.4548,0.4375,0.2862,0.9533,0.0762,159.2938
0.7106,-8.9606,0.0235,0.268,0.0842,0.3345,0.8282,331810.78,0.2762,5.5302,12.7123,4.0,2.0,0.1963,-2.4749,0.2288,0.1077,-0.0082,0.0079,1.0268,-1.6203,0.3608,0.3021,0.8282,0.0235,143.667
0.5883,-1.357,0.169,0.0,0.0727,0.0969,0.5346,285082.53,0.9193,4.7514,12.5605,3.0,4.0,0.5409,-1.2475,0.4915,0.2417,-0.9193,0.0164,914.432,-0.2856,0.3401,0.3441,0.9193,0.0,81.5093
0.5899,-9.262,0.0957,0.5701,0.034,0.329,0.3434,126888.266,0.0281,2.1148,11.7511,0.0,2.0,0.0166,-0.26,0.0096,0.1297,0.542,0.0315,0.0491,-4.3796,0.2843,0.2396,0.5899,0.0281,93.8222
0.4239,-9.6115,0.1695,0.1213,0.0914,0.0243,0.8146,263915.4,0.5935,4.3986,12.4834,3.0,1.0,0.2516,-5.7041,0.4834,0.2609,-0.4722,0.0041,4.8526,-2.1851,0.3198,0.2978,0.8146,0.0243,95.8323
0.6226,-1.357,0.0315,0.5367,0.0601,0.3917,0.6303,313988.78,0.9735,5.2331,12.6571,4.0,4.0,0.6062,-1.3211,0.6136,0.0917,-0.4368,0.0123,1.8104,-0.2593,0.4638,0.3349,0.9735,0.0315,103.0862
0.7739,-8.9532,0.15,0.3925,0.3825,0.2445,0.7822,159770.45,0.0641,2.6628,11.9815,0.0,2.0,0.0496,-0.5742,0.0502,0.5325,0.3284,0.0367,0.163,-3.3623,0.3985,0.2845,0.7822,0.0641,93.5572
0.4313,-10.8295,0.0235,0.2815,0.0665,0.3217,0.4712,285054.0,0.5649,4.7509,12.5604,3.0,1.0,0.2436,-6.1172,0.2662,0.09,-0.2834,0.0076,1.9994,-2.2795,0.3087,0.2033,0.5649,0.0235,126.129
0.6118,-5.7839,0.227,0.2449,0.263,0.2557,0.6439,260937.88,0.2391,4.349,12.472,3.0,3.0,0.1463,-1.3827,0.1539,0.49,0.0058,0.0581,0.9723,-1.33,0.355,0.1869,0.6439,0.227,142.4802
0.8941,-4.0951,0.0235,0.6202,0.1418,0.2939,0.8172,172923.89,0.5089,2.8821,12.0606,0.0,3.0,0.455,-2.0839,0.4158,0.1653,0.1113,0.0069,0.8192,-1.4209,0.4714,0.3323,0.8941,0.0235,125.2637
0.432,-16.9126,0.0235,0.3638,0.0,0.1244,0.4914,147801.69,0.9663,2.4634,11.9036,0.0,0.0,0.4174,-16.3421,0.4748,0.0235,-0.6024,0.0029,2.6485,-6.8657,0.3431,0.3382,0.9663,0.0,132.317
0.6426,-13.4033,0.0235,0.3967,0.1538,0.0707,0.3765,182369.88,0.4554,3.0395,12.1138,0.0,0.0,0.2926,-6.1039,0.1714,0.1773,-0.0587,0.0017,1.145,-4.4097,0.3027,0.2262,0.6426,0.0235,129.3997
0.5626,-16.9191,0.0581,0.2878,0.3191,0.0501,0.5847,271041.75,0.2982,4.5174,12.51,3.0,0.0,0.1678,-5.0453,0.1744,0.3772,-0.0104,0.0029,1.0326,-3.7454,0.3087,0.2125,0.5847,0.0501,103.0338
0.5539,-2.557,0.0915,0.1268,0.2437,0.0243,0.6068,385840.25,0.7243,6.4307,12.8632,4.0,4.0,0.4012,-1.852,0.4395,0.3352,-0.5975,0.0022,5.6678,-0.3976,0.3387,0.2831,0.7243,0.0243,132.9396
0.6923,-1.357,0.0595,0.3977,0.2716,0.2146,0.4134,262938.62,0.3674,4.3823,12.4797,3.0,4.0,0.2544,-0.4986,0.1519,0.3311,0.0303,0.0128,0.9214,-0.3097,0.3452,0.1968,0.6923,0.0595,121.7834
0.8184,-3.8021,0.0235,0.0788,0.0696,0.1424,0.479,280031.4,0.3829,4.6672,12.5427,3.0,4.0,0.3133,-1.4557,0.1834,0.0931,-0.304,0.0033,4.7964,-0.8146,0.2849,0.2913,0.8184,0.0235,89.3705
0.7489,-8.9342,0.0235,0.2534,0.0878,0.2378,0.286,262364.06,0.1668,4.3727,12.4775,3.0,2.0,0.1249,-1.4902,0.0477,0.1113,0.0866,0.0056,0.6556,-2.0432,0.2578,0.2361,0.7489,0.0235,133.1243
0.4858,-1.357,0.0235,0.4134,0.0491,0.1145,0.4749,163599.9,0.4552,2.7267,12.0052,0.0,4.0,0.2212,-0.6177,0.2162,0.0726,-0.0418,0.0027,1.0984,-0.4977,0.2881,0.214,0.4858,0.0235,139.672
0.5417,-5.7447,0.105,0.1335,0.0,0.1658,0.8264,247596.72,0.9357,4.1266,12.4196,2.0,3.0,0.5069,-5.3751,0.7732,0.105,-0.8021,0.0174,6.9545,-1.3921,0.3869,0.3787,0.9357,0.0,101.9661
0.313,-1.357,0.0505,0.995,0.0,0.2469,0.4986,258846.77,0.8913,4.3141,12.464,2.0,4.0,0.279,-1.2095,0.4444,0.0505,0.1037,0.0125,0.8949,-0.3145,0.4279,0.3901,0.995,0.0,117.7819
0.7829,-16.2407,0.0545,0.7644,0.0137,0.0558,0.8435,282594.3,0.0029,4.7099,12.5518,3.0,0.0,0.0022,-0.0466,0.0024,0.0682,0.7615,0.003,0.0037,-3.4482,0.3597,0.4102,0.8435,0.0029,90.2632
0.7748,-8.5741,0.0422,0.3434,0.4451,0.2519,0.3775,210821.62,0.8547,3.5137,12.2588,1.0,2.0,0.6622,-7.328,0.3227,0.4873,-0.5113,0.0106,2.4818,-2.4402,0.4414,0.286,0.8547,0.0422,88.5883
0.6401,-4.3739,0.1557,0.1765,0.0,0.1634,0.8114,246845.2,0.9653,4.1141,12.4165,2.0,3.0,0.6179,-4.2223,0.7833,0.1557,-0.7888,0.0254,5.4373,-1.0632,0.4161,0.3809,0.9653,0.0,94.0737
0.5845,-9.8766,0.0235,0.3975,0.1088,0.2884,0.645,161371.55,0.0495,2.6895,11.9915,0.0,1.0,0.0289,-0.4886,0.0319,0.1323,0.3481,0.0068,0.1241,-3.6722,0.2996,0.2534,0.645,0.0235,123.0578
0.4377,-5.4735,0.0235,0.4588,0.0696,0.031,0.335,217680.84,0.9851,3.628,12.2908,1.0,3.0,0.4312,-5.3917,0.33,0.0931,-0.5262,0.0007,2.1423,-1.5087,0.3344,0.3436,0.9851,0.0235,133.9198
0.5701,-10.868,0.0857,0.0,0.0,0.2857,0.7171,218658.0,0.6925,3.6443,12.2953,1.0,1.0,0.3948,-7.5257,0.4966,0.0857,-0.6925,0.0245,688.7748,-2.9822,0.3359,0.321,0.7171,0.0,149.2253
0.5271,-9.3628,0.0755,0.2796,0.0849,0.2539,0.7642,241616.81,0.0495,4.0269,12.3951,2.0,2.0,0.0261,-0.4631,0.0378,0.1604,0.2301,0.0192,0.1763,-2.325,0.2907,0.2672,0.7642,0.0495,129.163
0.6947,-8.105,0.0285,0.1049,0.0,0.1207,0.4645,169966.23,0.6129,2.8328,12.0434,0.0,2.0,0.4258,-4.9673,0.2847,0.0285,-0.5079,0.0034,5.7859,-2.8611,0.2895,0.2927,0.6947,0.0,142.0874
0.7175,-17.566,0.0578,0.0,0.0,0.3235,0.0256,252894.16,0.8481,4.2149,12.4407,2.0,0.0,0.6085,-14.8983,0.0217,0.0578,-0.8481,0.0187,843.6116,-4.1676,0.2818,0.3622,0.8481,0.0,129.1113
0.6689,-3.7089,0.0445,0.2737,0.0,0.3738,0.3556,246597.33,0.4822,4.11,12.4155,2.0,4.0,0.3226,-1.7884,0.1715,0.0445,-0.2085,0.0166,1.7551,-0.9024,0.3141,0.2354,0.6689,0.0,65.9561
0.5906,-10.6388,0.0251,0.0974,0.1331,0.2349,0.2913,266916.34,0.4399,4.4486,12.4947,3.0,1.0,0.2598,-4.6796,0.1282,0.1582,-0.3425,0.0059,4.4722,-2.3915,0.2589,0.2004,0.5906,0.0251,107.0486
0.648,-1.357,0.0782,0.4547,0.0078,0.2659,0.0256,244326.1,0.3879,4.0721,12.4063,2.0,4.0,0.2514,-0.5264,0.0099,0.086,0.0668,0.0208,0.8512,-0.3332,0.2669,0.2436,0.648,0.0078,93.953
0.3732,-9.298,0.0235,0.0,0.2125,0.3768,0.6713,230255.83,0.4722,3.8376,12.347,1.0,2.0,0.1762,-4.3905,0.317,0.236,-0.4722,0.0089,469.6825,-2.4229,0.3042,0.2425,0.6713,0.0,114.5672
0.8148,-11.634,0.0727,0.4731,0.1517,0.2546,0.3425,285786.4,0.1215,4.7631,12.563,3.0,1.0,0.099,-1.4131,0.0416,0.2244,0.3516,0.0185,0.2562,-2.4425,0.3187,0.2588,0.8148,0.0727,106.8061
0.6374,-15.9269,0.0791,0.2969,0.0,0.0243,0.6683,207572.53,0.3775,3.4595,12.2432,1.0,0.0,0.2406,-6.0119,0.2523,0.0791,-0.0805,0.0019,1.2669,-4.6038,0.2976,0.2799,0.6683,0.0,116.1962
0.6393,-1.357,0.0235,0.1328,0.0,0.1276,0.5662,151895.22,0.5918,2.5316,11.931,0.0,4.0,0.3784,-0.8031,0.3351,0.0235,-0.459,0.003,4.4244,-0.536,0.2973,0.2873,0.6393,0.0,99.0182
0.6836,-4.9639,0.0567,0.0,0.0,0.329,0.6656,255872.0,0.3482,4.2645,12.4524,2.0,3.0,0.238,-1.7284,0.2318,0.0567,-0.3482,0.0187,346.3436,-1.164,0.2976,0.2953,0.6836,0.0,53.5433
0.7026,-13.9773,0.0235,0.625,0.4423,0.3974,0.6333,230098.02,0.0228,3.835,12.3463,1.0,0.0,0.016,-0.3187,0.0144,0.4658,0.6022,0.0093,0.0364,-3.6447,0.4067,0.2835,0.7026,0.0228,131.6852
0.6433,-13.5945,0.0901,0.0,0.0229,0.0905,0.3959,244399.8,0.3905,4.0733,12.4066,2.0,0.0,0.2512,-5.3082,0.1546,0.1129,-0.3905,0.0082,388.3849,-3.3374,0.2333,0.2445,0.6433,0.0,118.0256
0.6486,-7.9822,0.0235,0.8375,0.0611,0.2246,0.8396,267722.0,0.3298,4.462,12.4977,3.0,2.0,0.2139,-2.6325,0.2769,0.0846,0.5077,0.0053,0.3933,-1.7889,0.4235,0.35,0.8396,0.0235,129.1516
0.4976,-2.0773,0.0235,0.0,0.209,0.1429,0.3945,270344.38,0.3375,4.5057,12.5075,3.0,4.0,0.1679,-0.7012,0.1332,0.2325,-0.3375,0.0034,335.7338,-0.461,0.2293,0.1888,0.4976,0.0,62.9706
0.8095,-1.357,0.0775,0.7669,0.1829,0.0243,0.7159,283041.38,0.6565,4.7174,12.5534,3.0,4.0,0.5314,-0.8908,0.4699,0.2604,0.1104,0.0019,0.8549,-0.2877,0.4619,0.3496,0.8095,0.0243,114.4667
0.744,-6.6477,0.0839,0.2927,0.0766,0.0967,0.0256,222489.45,0.4608,3.7082,12.3126,1.0,3.0,0.3428,-3.0632,0.0118,0.1605,-0.1681,0.0081,1.5691,-1.7927,0.2543,0.2651,0.744,0.0256,104.6051
0.6759,-15.0627,0.1529,0.0576,0.0,0.0243,0.4967,270170.3,0.7941,4.5028,12.5068,3.0,0.0,0.5367,-11.9608,0.3944,0.1529,-0.7364,0.0037,13.5419,-3.3452,0.3145,0.3339,0.7941,0.0,139.6131
0.975,-15.6204,0.035,0.4646,0.0,0.209,0.2389,170776.62,0.0269,2.8463,12.0481,0.0,0.0,0.0262,-0.4197,0.0064,0.035,0.4377,0.0073,0.0577,-5.488,0.2785,0.3479,0.975,0.0,139.9934
0.975,-12.2917,0.0865,0.6332,0.0,0.0866,0.4835,272314.25,0.1669,4.5386,12.5147,3.0,1.0,0.1628,-2.0519,0.0807,0.0865,0.4663,0.0075,0.2632,-2.7083,0.3474,0.3613,0.975,0.0,105.6712
0.4616,-5.6754,0.0423,0.006,0.0118,0.0243,0.6226,270432.5,0.4241,4.5072,12.5078,3.0,3.0,0.1958,-2.4068,0.264,0.0542,-0.4181,0.001,60.8212,-1.2592,0.2275,0.2648,0.6226,0.006,127.5617
0.4714,-1.357,0.0235,0.0587,0.0,0.2514,0.6789,210950.72,0.3921,3.5158,12.2594,1.0,4.0,0.1848,-0.5321,0.2662,0.0235,-0.3334,0.0059,6.565,-0.386,0.268,0.2586,0.6789,0.0,108.8259
0.475,-5.5314,0.0423,0.2589,0.0,0.0587,0.369,220582.77,0.9913,3.6764,12.304,1.0,3.0,0.4709,-5.4835,0.3658,0.0423,-0.7324,0.0025,3.8145,-1.5046,0.3136,0.3484,0.9913,0.0,107.9414
0.7153,-16.2448,0.0235,0.2599,0.1526,0.3618,0.3089,322411.53,0.2523,5.3735,12.6836,4.0,0.0,0.1805,-4.0991,0.0779,0.1761,0.0075,0.0085,0.9673,-3.0231,0.2963,0.2154,0.7153,0.0235,88.7175
0.483,-1.357,0.0235,0.223,0.0,0.3571,0.6658,253904.33,0.4175,4.2317,12.4447,2.0,4.0,0.2016,-0.5665,0.278,0.0235,-0.1945,0.0084,1.864,-0.3207,0.31,0.2436,0.6658,0.0,174.1858
0.5474,-11.1759,0.144,0.3204,0.0,0.1689,0.6195,269148.44,0.5258,4.4858,12.503,3.0,1.0,0.2878,-5.8763,0.3257,0.144,-0.2054,0.0243,1.6359,-2.4914,0.3323,0.2377,0.6195,0.0,133.5292
0.3876,-7.793,0.0703,0.0,0.0,0.0243,0.4968,205823.92,0.9499,3.4304,12.2348,1.0,2.0,0.3682,-7.4023,0.4719,0.0703,-0.9499,0.0017,944.8026,-2.2717,0.2756,0.359,0.9499,0.0,127.4676
0.7442,-5.5672,0.0774,0.1689,0.0037,0.0243,0.6908,274963.8,0.3918,4.5827,12.5244,3.0,3.0,0.2916,-2.1812,0.2707,0.0811,-0.2229,0.0019,2.3063,-1.2148,0.3002,0.3133,0.7442,0.0037,96.5433
0.4936,-2.2915,0.0454,0.0,0.0,0.1955,0.354,304481.6,0.7912,5.0747,12.6264,4.0,4.0,0.3906,-1.8131,0.2801,0.0454,-0.7912,0.0089,786.9818,-0.4516,0.2685,0.2974,0.7912,0.0,132.3474
0.5727,-10.1834,0.1389,0.9232,0.0642,0.0671,0.6433,166837.28,0.5819,2.7806,12.0248,0.0,1.0,0.3333,-5.9261,0.3743,0.2031,0.3412,0.0093,0.6297,-3.6623,0.4273,0.3372,0.9232,0.0642,111.6803
0.5471,-6.2152,0.0396,0.3968,0.1754,0.4876,0.7492,238865.89,0.2899,3.9811,12.3837,2.0,3.0,0.1586,-1.802,0.2172,0.215,0.1069,0.0193,0.7288,-1.5612,0.3837,0.2387,0.7492,0.0396,152.4274
0.4514,-7.9674,0.118,0.0167,0.0,0.1816,0.6095,232270.97,0.8417,3.8712,12.3557,2.0,2.0,0.38,-6.7059,0.513,0.118,-0.8249,0.0214,47.4458,-2.0581,0.317,0.3234,0.8417,0.0,133.2398
0.6678,-2.8734,0.1841,0.0,0.0974,0.3083,0.6529,357786.16,0.6879,5.9631,12.7877,4.0,4.0,0.4594,-1.9766,0.4491,0.2815,-0.6879,0.0567,684.1994,-0.4819,0.3712,0.2942,0.6879,0.0,80.8061
0.5888,-10.2418,0.1739,0.0959,0.0,0.2478,0.4966,264982.06,0.3149,4.4164,12.4874,3.0,1.0,0.1854,-3.2255,0.1564,0.1739,-0.219,0.0431,3.249,-2.3191,0.274,0.2113,0.5888,0.0,123.4936
0.4209,-4.7533,0.0284,0.3859,0.0,0.2486,0.652,291028.38,0.2288,4.8505,12.5812,3.0,3.0,0.0963,-1.0876,0.1492,0.0284,0.1571,0.0071,0.5914,-0.98,0.2807,0.2291,0.652,0.0,145.7616
0.8425,-15.1069,0.0292,0.2629,0.0,0.1857,0.7046,238567.81,0.0674,3.9761,12.3824,2.0,0.0,0.0568,-1.0182,0.0475,0.0292,0.1955,0.0054,0.2554,-3.7994,0.2989,0.3391,0.8425,0.0,108.592
0.6458,-11.2334,0.2359,0.2706,0.0679,0.161,0.978,213353.88,0.2998,3.5559,12.2707,1.0,1.0,0.1936,-3.3678,0.2932,0.3038,-0.0292,0.038,1.104,-3.1591,0.3799,0.3196,0.978,0.0679,68.0678
0.6634,-10.0953,0.0937,0.4731,0.0,0.4725,0.4277,272744.6,0.2511,4.5457,12.5163,3.0,1.0,0.1666,-2.5353,0.1074,0.0937,0.222,0.0443,0.5297,-2.2208,0.3402,0.2351,0.6634,0.0,62.6804
0.6114,-5.3913,0.0235,0.516,0.2564,0.1549,0.3148,290723.1,0.2884,4.8454,12.5801,3.0,3.0,0.1763,-1.5549,0.0908,0.2799,0.2276,0.0036,0.5578,-1.1127,0.3094,0.2011,0.6114,0.0235,96.9024
0.6396,-1.357,0.0852,0.096,0.0,0.0587,0.4938,303490.56,0.9583,5.0582,12.6231,4.0,4.0,0.6129,-1.3004,0.4732,0.0852,-0.8623,0.005,9.8798,-0.2683,0.3331,0.3685,0.9583,0.0,108.6375
0.8988,-13.1634,0.1051,0.5644,0.1053,0.0783,0.4932,182891.72,0.1789,3.0482,12.1167,1.0,0.0,0.1608,-2.3545,0.0882,0.2104,0.3855,0.0082,0.3164,-4.3184,0.3463,0.3137,0.8988,0.0783,147.7922
0.3313,-6.6857,0.0686,0.5341,0.0318,0.2767,0.7588,250638.34,0.6488,4.1773,12.4318,2.0,3.0,0.215,-4.3377,0.4923,0.1005,-0.1147,0.019,1.2125,-1.6005,0.3786,0.2801,0.7588,0.0318,120.9081
0.4669,-10.9482,0.1188,0.0,0.0,0.1918,0.4788,212438.62,0.4549,3.5406,12.2664,1.0,1.0,0.2124,-4.98,0.2178,0.1188,-0.4549,0.0228,452.4416,-3.0922,0.2445,0.2186,0.4788,0.0,129.3096
0.7777,-4.978,0.1409,0.0,0.0,0.1259,0.0256,226563.36,0.9023,3.7761,12.3308,1.0,3.0,0.7017,-4.4918,0.0231,0.1409,-0.9023,0.0177,897.5226,-1.3183,0.2818,0.3872,0.9023,0.0,94.0398
0.7314,-1.357,0.0235,0.1399,0.1769,0.0623,0.3717,214818.33,0.4109,3.5803,12.2776,1.0,4.0,0.3006,-0.5576,0.1527,0.2004,-0.271,0.0015,2.9162,-0.379,0.2738,0.2492,0.7314,0.0235,105.1604
0.7745,-1.357,0.0235,0.5927,0.0,0.1699,0.6513,153371.48,0.47,2.5562,11.9406,0.0,4.0,0.364,-0.6378,0.3061,0.0235,0.1227,0.004,0.7917,-0.5309,0.3831,0.3157,0.7745,0.0,89.3952
0.6838,-8.7882,0.0566,0.6469,0.0,0.3096,0.8135,232062.05,0.1075,3.8677,12.3548,2.0,2.0,0.0735,-0.945,0.0875,0.0566,0.5394,0.0175,0.166,-2.2722,0.374,0.3365,0.8135,0.0,116.8897
0.4631,-1.357,0.0235,0.3668,0.0,0.0567,0.443,270233.94,0.3435,4.5039,12.507,3.0,4.0,0.1591,-0.4662,0.1522,0.0235,0.0233,0.0013,0.9341,-0.3013,0.2424,0.2065,0.4631,0.0,85.9243
0.5717,-16.6412,0.0235,0.0,0.0,0.1701,0.5662,313971.28,0.4198,5.2329,12.6571,4.0,0.0,0.24,-6.986,0.2377,0.0235,-0.4198,0.004,417.5618,-3.1801,0.2502,0.263,0.5717,0.0,96.5534
0.8263,-1.357,0.0724,0.0991,0.4378,0.0243,0.6526,268886.5,0.3058,4.4814,12.502,3.0,4.0,0.2527,-0.415,0.1996,0.5102,-0.2067,0.0018,3.0542,-0.3028,0.3455,0.3093,0.8263,0.0243,115.4687
0.7389,-15.369,0.068,0.3577,0.1085,0.0888,0.3034,303872.44,0.3268,5.0645,12.6244,4.0,0.0,0.2415,-5.0226,0.0992,0.1766,0.0309,0.006,0.911,-3.0346,0.2846,0.2346,0.7389,0.068,126.4491
0.4841,-11.1245,0.1513,0.3326,0.2729,0.1639,0.8345,252846.77,0.0803,4.2141,12.4405,2.0,1.0,0.0389,-0.8929,0.067,0.4242,0.2523,0.0248,0.2406,-2.6398,0.3314,0.2593,0.8345,0.0803,133.0259
0.3828,-8.9977,0.1179,0.0034,0.0888,0.2717,0.4427,133904.8,0.3911,2.2317,11.8049,0.0,2.0,0.1497,-3.5193,0.1731,0.2067,-0.3878,0.032,89.7576,-4.0317,0.2426,0.1727,0.4427,0.0034,89.4678
0.7441,-4.5674,0.0235,0.1879,0.1645,0.2612,0.48,233673.66,0.734,3.8946,12.3617,2.0,3.0,0.5461,-3.3524,0.3523,0.188,-0.5461,0.0061,3.8852,-1.1728,0.3707,0.2863,0.7441,0.0235,115.3394
0.4288,-18.817,0.1222,0.0533,0.1597,0.3065,0.7075,249404.28,0.6825,4.1567,12.4268,2.0,0.0,0.2927,-12.8432,0.4829,0.282,-0.6292,0.0375,12.5616,-4.5269,0.3515,0.2654,0.7075,0.0533,98.843
0.4736,-11.3884,0.0937,0.0299,0.0,0.0709,0.4559,276725.44,0.9061,4.6121,12.5308,3.0,1.0,0.4291,-10.3187,0.4131,0.0937,-0.8761,0.0066,29.2909,-2.4693,0.29,0.3364,0.9061,0.0,159.7215
0.4616,-6.3519,0.0565,0.4986,0.0,0.308,0.978,253884.72,0.2439,4.2314,12.4446,2.0,3.0,0.1126,-1.549,0.2385,0.0565,0.2548,0.0174,0.4881,-1.5011,0.3638,0.329,0.978,0.0,78.7955
0.6738,-1.357,0.0275,0.0,0.0872,0.0243,0.2645,271021.62,0.7883,4.517,12.51,3.0,4.0,0.5312,-1.0698,0.2085,0.1147,-0.7883,0.0007,784.1304,-0.3004,0.2665,0.3309,0.7883,0.0,62.6364
0.4327,-11.7565,0.1449,0.0992,0.2799,0.1834,0.5355,291157.72,0.8076,4.8526,12.5816,3.0,1.0,0.3495,-9.4946,0.4325,0.4248,-0.7084,0.0266,8.0595,-2.4227,0.3547,0.2543,0.8076,0.0992,140.5777
0.8909,-3.2798,0.038,0.3928,0.0259,0.2979,0.978,184959.42,0.3935,3.0827,12.1279,1.0,4.0,0.3506,-1.2907,0.3849,0.0639,-0.0008,0.0113,0.9994,-1.064,0.431,0.3764,0.978,0.0259,108.7787
0.6817,-6.4358,0.1722,0.995,0.4065,0.0898,0.978,263612.9,0.2655,4.3935,12.4822,3.0,3.0,0.181,-1.7085,0.2596,0.5787,0.7295,0.0155,0.2665,-1.4648,0.5127,0.3752,0.995,0.0898,76.3285
0.7494,-11.634,0.0981,0.4199,0.0,0.0987,0.7327,220901.61,0.0746,3.6817,12.3055,1.0,1.0,0.0559,-0.8679,0.0547,0.0981,0.3453,0.0097,0.1772,-3.16,0.3105,0.3227,0.7494,0.0,107.3861
0.6689,-1.357,0.0756,0.3775,0.0,0.0545,0.7058,229138.1,0.6685,3.819,12.3421,1.0,4.0,0.4472,-0.9072,0.4719,0.0756,-0.291,0.0041,1.7661,-0.3553,0.3644,0.32,0.7058,0.0,128.6981
0.823,-5.9676,0.0972,0.0496,0.0,0.2917,0.978,309923.94,0.8983,5.1654,12.6441,4.0,3.0,0.7393,-5.3605,0.8785,0.0972,-0.8487,0.0283,17.7559,-1.1553,0.4483,0.4342,0.978,0.0,131.6877
0.5395,-8.1877,0.104,0.0,0.0867,0.1375,0.2338,126564.836,0.9063,2.1094,11.7485,0.0,2.0,0.489,-7.4208,0.2119,0.1906,-0.9063,0.0143,901.5013,-3.8815,0.2868,0.3237,0.9063,0.0,167.2553
0.975,-13.5165,0.1076,0.149,0.137,0.0243,0.5636,107772.01,0.6113,1.7962,11.5878,0.0,0.0,0.596,-8.2631,0.3446,0.2446,-0.4624,0.0026,4.0767,-7.525,0.3668,0.3543,0.975,0.0243,90.9421
0.581,-8.7628,0.099,0.0,0.249,0.0243,0.3618,301934.53,0.788,5.0322,12.618,4.0,2.0,0.4579,-6.9051,0.2851,0.348,-0.788,0.0024,783.7988,-1.7413,0.3004,0.2972,0.788,0.0,113.756
0.5569,-14.1291,0.0596,0.7114,0.0,0.0243,0.5038,205729.28,0.6618,3.4288,12.2343,1.0,0.0,0.3686,-9.3506,0.3334,0.0596,0.0496,0.0014,0.929,-4.1207,0.3597,0.3179,0.7114,0.0,148.1282
0.3964,-18.4242,0.0235,0.0,0.0,0.3768,0.4389,342784.16,0.9129,5.7131,12.7449,4.0,0.0,0.3619,-16.8188,0.4007,0.0235,-0.9129,0.0089,907.9998,-3.2249,0.3069,0.3332,0.9129,0.0,92.0765
0.7918,-12.6382,0.0866,0.0,0.1013,0.1833,0.5433,138828.97,0.4909,2.3138,11.841,0.0,0.0,0.3887,-6.2037,0.2667,0.1879,-0.4909,0.0159,488.2496,-5.462,0.3139,0.2957,0.7918,0.0,93.9088
0.975,-12.3711,0.1151,0.0574,0.0905,0.2477,0.978,220159.25,0.7837,3.6693,12.3021,1.0,0.0,0.7641,-9.6948,0.7664,0.2057,-0.7262,0.0285,13.4101,-3.3715,0.4639,0.4283,0.978,0.0574,121.4312
0.6449,-15.6129,0.1517,0.3061,0.0598,0.1605,0.938,260718.4,0.1135,4.3453,12.4712,3.0,0.0,0.0732,-1.7726,0.1065,0.2115,0.1925,0.0243,0.3697,-3.593,0.3392,0.3289,0.938,0.0598,106.7853
0.686,-4.9874,0.1341,0.4517,0.0,0.1609,0.8275,317950.03,0.4071,5.2992,12.6697,4.0,3.0,0.2793,-2.0302,0.3368,0.1341,0.0447,0.0216,0.8991,-0.9412,0.381,0.3035,0.8275,0.0,82.6648
0.4524,-15.0376,0.1011,0.0678,0.2326,0.0243,0.9241,227899.08,0.6284,3.7983,12.3367,1.0,0.0,0.2843,-9.4496,0.5807,0.3337,-0.5606,0.0025,9.1346,-3.959,0.3473,0.3364,0.9241,0.0243,85.3875
0.429,-13.5705,0.0769,0.3676,0.0612,0.2134,0.9275,273081.47,0.0448,4.5514,12.5175,3.0,0.0,0.0192,-0.608,0.0416,0.1381,0.3228,0.0164,0.1215,-2.9816,0.3029,0.3147,0.9275,0.0448,183.4708
0.5679,-2.8059,0.1469,0.2541,0.0,0.2175,0.7448,345747.78,0.8566,5.7625,12.7535,4.0,4.0,0.4865,-2.4035,0.638,0.1469,-0.6025,0.032,3.3581,-0.4869,0.3983,0.3251,0.8566,0.0,83.2935
0.3855,-7.948,0.1213,0.5395,0.0236,0.0243,0.4699,228975.75,0.5538,3.8163,12.3414,1.0,2.0,0.2135,-4.4016,0.2602,0.1449,-0.0143,0.0029,1.0246,-2.0827,0.3026,0.2388,0.5538,0.0236,119.1089
0.4566,-6.1318,0.0867,0.046,0.2902,0.133,0.0256,290901.4,0.9988,4.8484,12.5807,3.0,3.0,0.4561,-6.1245,0.0256,0.3769,-0.9528,0.0115,21.2602,-1.2647,0.291,0.3478,0.9988,0.0256,124.6697
0.4526,-13.356,0.1234,0.1588,0.0,0.0243,0.0659,121370.04,0.5836,2.0228,11.7066,0.0,0.0,0.2641,-7.7945,0.0385,0.1234,-0.4248,0.003,3.6516,-6.6026,0.2012,0.2263,0.5836,0.0,152.1382
0.7598,-8.6525,0.0235,0.2419,0.0065,0.3745,0.5365,170194.86,0.4654,2.8366,12.0447,0.0,2.0,0.3536,-4.0269,0.2497,0.03,-0.2235,0.0088,1.9162,-3.0503,0.344,0.2747,0.7598,0.0065,90.3375
0.4346,-10.7155,0.0664,0.0,0.0,0.2355,0.9088,270687.62,0.8273,4.5115,12.5087,3.0,1.0,0.3595,-8.8645,0.7518,0.0664,-0.8273,0.0156,822.8562,-2.3752,0.3532,0.3842,0.9088,0.0,134.0559
0.975,-5.2793,0.0814,0.2995,0.0024,0.1385,0.3224,142541.39,0.8563,2.3757,11.8674,0.0,3.0,0.8349,-4.5205,0.276,0.0838,-0.5567,0.0113,2.8491,-2.2222,0.3822,0.3831,0.975,0.0024,119.7726
0.7269,-14.0693,0.0235,0.2035,0.3389,0.1315,0.8123,176051.52,0.3645,2.9342,12.0785,0.0,0.0,0.265,-5.1287,0.2961,0.3624,-0.161,0.0031,1.7827,-4.7949,0.3716,0.2968,0.8123,0.0235,144.0222
0.447,-12.9624,0.1425,0.1114,0.3688,0.1279,0.6435,331894.12,0.5529,5.5316,12.7126,4.0,0.0,0.2471,-7.1665,0.3558,0.5113,-0.4415,0.0182,4.9202,-2.3434,0.342,0.2183,0.6435,0.1114,155.5726
0.5305,-17.6078,0.1099,0.6037,0.1658,0.2265,0.8393,255823.88,0.0059,4.2637,12.4522,2.0,0.0,0.0031,-0.1033,0.0049,0.2757,0.5979,0.0249,0.0097,-4.1297,0.3545,0.3059,0.8393,0.0059,125.1512
0.5769,-9.6658,0.0434,0.4744,0.1319,0.2887,0.5272,238721.17,0.0649,3.9787,12.3831,2.0,1.0,0.0374,-0.627,0.0342,0.1754,0.4096,0.0125,0.1364,-2.4294,0.3011,0.2266,0.5769,0.0434,169.5845
0.5423,-9.8117,0.1076,0.3378,0.0,0.298,0.2777,231808.69,0.1386,3.8635,12.3537,2.0,1.0,0.0752,-1.3599,0.0385,0.1076,0.1992,0.0321,0.4091,-2.5396,0.2432,0.1785,0.5423,0.0,140.4889
0.6643,-10.9392,0.0235,0.2323,0.2617,0.1905,0.3599,336864.78,0.3135,5.6144,12.7274,4.0,1.0,0.2082,-3.4291,0.1128,0.2852,-0.0812,0.0045,1.3437,-1.9484,0.2922,0.196,0.6643,0.0235,139.6131
0.352,-4.6117,0.1018,0.3467,0.0,0.2318,0.7242,264982.9,0.2555,4.4164,12.4874,3.0,3.0,0.0899,-1.1781,0.185,0.1018,0.0913,0.0236,0.7347,-1.0442,0.2874,0.2308,0.7242,0.0,128.3904
0.7909,-2.3121,0.0387,0.1145,0.0213,0.1687,0.4148,153785.22,0.6527,2.5631,11.9433,0.0,4.0,0.5162,-1.5092,0.2708,0.0601,-0.5383,0.0065,5.6522,-0.9021,0.3145,0.3095,0.7909,0.0213,104.5032
0.6614,-6.6727,0.0235,0.0,0.0,0.0864,0.3187,147920.83,0.2539,2.4653,11.9044,0.0,3.0,0.1679,-1.694,0.0809,0.0235,-0.2539,0.002,252.5132,-2.7066,0.192,0.2427,0.6614,0.0,98.5737
0.845,-10.4071,0.0402,0.0,0.0,0.0548,0.393,177813.31,0.8283,2.9636,12.0885,0.0,1.0,0.7,-8.6205,0.3256,0.0402,-0.8283,0.0022,823.9171,-3.5117,0.3088,0.3856,0.845,0.0,95.4088
0.5917,-10.8066,0.1778,0.0498,0.0,0.2214,0.5914,262655.97,0.9982,4.3776,12.4786,3.0,1.0,0.5906,-10.7872,0.5904,0.1778,-0.9484,0.0394,19.6676,-2.4686,0.3757,0.3631,0.9982,0.0,106.9293
0.8262,-6.9612,0.0594,0.2624,0.3106,0.207,0.8172,321832.2,0.1489,5.3639,12.6818,4.0,2.0,0.123,-1.0367,0.1217,0.37,0.1134,0.0123,0.5655,-1.2978,0.3759,0.3149,0.8262,0.0594,104.775
0.7936,-11.6899,0.0235,0.0456,0.3467,0.0826,0.4159,142673.69,0.957,2.3779,11.8683,0.0,1.0,0.7594,-11.1873,0.3981,0.3702,-0.9114,0.0019,20.5194,-4.9161,0.3807,0.3728,0.957,0.0235,61.7646
0.4095,-8.3711,0.0276,0.0,0.0,0.0814,0.0256,228881.03,0.9914,3.8147,12.341,1.0,2.0,0.406,-8.2991,0.0254,0.0276,-0.9914,0.0022,986.1144,-2.1944,0.2194,0.3701,0.9914,0.0,121.2816
0.7882,-9.9489,0.0527,0.1389,0.0675,0.3023,0.3908,172358.52,0.1726,2.8726,12.0573,0.0,1.0,0.136,-1.7172,0.0675,0.1202,-0.0337,0.0159,1.2336,-3.4633,0.2733,0.2579,0.7882,0.0527,50.9984
0.554,-4.8944,0.1899,0.0,0.1928,0.1367,0.5527,154773.28,0.5169,2.5796,11.9497,0.0,3.0,0.2863,-2.5297,0.2857,0.3827,-0.5169,0.026,514.111,-1.8974,0.3061,0.2293,0.554,0.0,106.9952
0.5471,-10.9672,0.1268,0.0,0.0,0.3968,0.6521,232260.3,0.8983,3.871,12.3556,2.0,1.0,0.4915,-9.8514,0.5857,0.1268,-0.8983,0.0503,893.4776,-2.8332,0.3744,0.3473,0.8983,0.0,140.791
0.678,-9.9123,0.1596,0.3799,0.1616,0.3437,0.978,226520.94,0.0391,3.7753,12.3306,1.0,1.0,0.0265,-0.3879,0.0383,0.3213,0.3407,0.0549,0.1027,-2.6255,0.3914,0.3315,0.978,0.0391,107.4117
0.5322,-8.9033,0.0235,0.0786,0.1077,0.0645,0.6446,220959.33,0.7284,3.6827,12.3057,1.0,2.0,0.3876,-6.4851,0.4695,0.1312,-0.6498,0.0015,9.1494,-2.4176,0.3114,0.3091,0.7284,0.0235,103.5026
0.7172,-1.357,0.0987,0.2515,0.0419,0.0243,0.4127,251529.67,0.3365,4.1922,12.4353,2.0,4.0,0.2413,-0.4566,0.1389,0.1406,-0.085,0.0024,1.3325,-0.3237,0.269,0.2473,0.7172,0.0243,109.1011
0.7398,-3.4886,0.0818,0.8194,0.0,0.1918,0.3025,209766.06,0.9883,3.4961,12.2538,1.0,4.0,0.7311,-3.4477,0.299,0.0818,-0.1688,0.0157,1.2046,-0.9979,0.4462,0.3951,0.9883,0.0,126.7984
0.5786,-1.357,0.0646,0.0,0.0,0.1833,0.3979,255896.78,0.9364,4.2649,12.4525,2.0,4.0,0.5418,-1.2707,0.3726,0.0646,-0.9364,0.0118,931.4077,-0.3182,0.3087,0.3514,0.9364,0.0,137.5696
0.975,-5.0386,0.0369,0.3776,0.2649,0.137,0.3958,262958.62,0.0529,4.3826,12.4798,3.0,3.0,0.0515,-0.2664,0.0209,0.3018,0.3247,0.0051,0.1397,-1.1497,0.32,0.323,0.975,0.0369,96.2794
0.6931,-11.6736,0.0437,0.6636,0.0749,0.2364,0.9384,353023.88,0.0176,5.8837,12.7743,4.0,1.0,0.0122,-0.2055,0.0165,0.1185,0.646,0.0103,0.0265,-1.984,0.3811,0.376,0.9384,0.0176,79.0545
0.5785,-13.7191,0.0701,0.1699,0.0797,0.0243,0.5559,261596.9,0.7737,4.3599,12.4746,3.0,0.0,0.4476,-10.614,0.4301,0.1498,-0.6037,0.0017,4.5264,-3.1466,0.3217,0.3051,0.7737,0.0243,124.8903
0.4418,-5.0977,0.0235,0.5549,0.0197,0.3078,0.6221,225730.94,0.1278,3.7622,12.3271,1.0,3.0,0.0565,-0.6515,0.0795,0.0432,0.4271,0.0072,0.2299,-1.355,0.2997,0.2495,0.6221,0.0197,124.3043
0.4897,-11.068,0.044,0.0705,0.0,0.2023,0.543,286700.72,0.7294,4.7783,12.5662,3.0,1.0,0.3572,-8.073,0.3961,0.044,-0.6589,0.0089,10.1987,-2.3163,0.297,0.2878,0.7294,0.0,110.4756
0.975,-3.5944,0.0781,0.2466,0.0,0.3156,0.5393,252738.1,0.3327,4.2123,12.4401,2.0,4.0,0.3244,-1.1958,0.1794,0.0781,-0.086,0.0247,1.3434,-0.8533,0.3553,0.3253,0.975,0.0,118.8133
0.6739,-13.383,0.0235,0.1637,0.0,0.1925,0.5322,296940.12,0.3344,4.949,12.6013,4.0,0.0,0.2253,-4.4753,0.178,0.0235,-0.1707,0.0045,2.0309,-2.7042,0.2743,0.2539,0.6739,0.0,135.5562
0.8147,-9.1855,0.0353,0.2468,0.2638,0.0243,0.6523,253864.19,0.2662,4.2311,12.4446,2.0,2.0,0.2169,-2.4452,0.1737,0.2991,-0.0194,0.0009,1.0743,-2.171,0.3291,0.2985,0.8147,0.0243,143.2215
0.8414,-6.0145,0.0837,0.3725,0.2924,0.0579,0.4725,279399.78,0.8913,4.6567,12.5404,3.0,3.0,0.7499,-5.3605,0.4212,0.3762,-0.5188,0.0048,2.3863,-1.2916,0.4303,0.3328,0.8913,0.0579,139.6409
0.817,-13.8351,0.0718,0.2895,0.0792,0.1769,0.755,282486.44,0.2089,4.7081,12.5514,3.0,0.0,0.1706,-2.8897,0.1577,0.151,0.0806,0.0127,0.719,-2.9386,0.3426,0.3125,0.817,0.0718,124.9459
0.7242,-10.9234,0.0235,0.5397,0.2369,0.2728,0.7238,172915.42,0.0117,2.8819,12.0606,0.0,1.0,0.0085,-0.1282,0.0085,0.2604,0.5279,0.0064,0.0217,-3.7903,0.3618,0.304,0.7242,0.0117,93.7541
0.5666,-6.8479,0.1209,0.4117,0.34,0.0243,0.7189,208220.38,0.6223,3.4703,12.2464,1.0,3.0,0.3526,-4.2617,0.4474,0.4609,-0.2106,0.0029,1.5078,-1.9733,0.4007,0.2587,0.7189,0.0243,125.6965
0.7155,-9.5271,0.1919,0.0876,0.0,0.0243,0.6824,371490.3,0.917,6.1915,12.8253,4.0,2.0,0.6561,-8.7364,0.6257,0.1919,-0.8294,0.0047,10.3453,-1.5387,0.3741,0.3838,0.917,0.0,118.6585
0.7442,-7.6228,0.0235,0.265,0.2546,0.2439,0.7239,217829.97,0.7998,3.6305,12.2915,1.0,2.0,0.5952,-6.0967,0.579,0.2781,-0.5348,0.0057,3.0063,-2.0997,0.4364,0.3108,0.7998,0.0235,148.0155
0.5087,-13.1555,0.0286,0.2046,0.0,0.0243,0.6723,321865.03,0.3025,5.3644,12.6819,4.0,0.0,0.1539,-3.98,0.2034,0.0286,-0.0979,0.0007,1.4713,-2.4524,0.2487,0.2622,0.6723,0.0,126.8319
0.4869,-11.6378,0.0235,0.5996,0.0899,0.2714,0.9474,268073.3,0.0679,4.4679,12.499,3.0,1.0,0.033,-0.7898,0.0643,0.1134,0.5317,0.0064,0.113,-2.6048,0.3552,0.341,0.9474,0.0235,162.8108
0.7595,-9.5906,0.2276,0.308,0.0,0.1356,0.978,224546.05,0.0906,3.7424,12.3218,1.0,1.0,0.0688,-0.8689,0.0886,0.2276,0.2174,0.0309,0.2932,-2.5627,0.3571,0.3684,0.978,0.0,135.7515
0.6976,-9.5953,0.0235,0.3138,0.1519,0.0827,0.9132,299725.53,0.3145,4.9954,12.6106,4.0,1.0,0.2194,-3.0174,0.2872,0.1754,-0.0007,0.0019,0.9989,-1.9208,0.3567,0.331,0.9132,0.0235,98.2618
0.3267,-4.7727,0.0602,0.3969,0.0,0.0243,0.4939,382564.0,0.8499,6.3761,12.8547,4.0,3.0,0.2777,-4.0561,0.4198,0.0602,-0.453,0.0015,2.136,-0.7485,0.3074,0.3091,0.8499,0.0,151.0203
0.6795,-11.0728,0.0969,0.8139,0.2129,0.0243,0.7059,334576.28,0.7263,5.5763,12.7206,4.0,1.0,0.4936,-8.0425,0.5127,0.3098,0.0876,0.0024,0.8913,-1.9857,0.4657,0.3385,0.8139,0.0243,125.9829
0.5678,-4.5976,0.0766,0.6187,0.2431,0.2289,0.5672,180725.39,0.1548,3.0121,12.1047,0.0,3.0,0.0879,-0.7117,0.0878,0.3197,0.4639,0.0175,0.2498,-1.5264,0.351,0.2257,0.6187,0.0766,71.7687
0.8048,-3.8014,0.0749,0.4483,0.0,0.1948,0.2859,122660.914,0.7023,2.0443,11.7172,0.0,4.0,0.5652,-2.6696,0.2008,0.0749,-0.2539,0.0146,1.5629,-1.8595,0.3587,0.3073,0.8048,0.0,102.4882
0.6459,-9.5518,0.0633,0.0,0.1655,0.0243,0.6477,213517.5,0.5749,3.5586,12.2715,1.0,2.0,0.3714,-5.4916,0.3724,0.2288,-0.5749,0.0015,571.8681,-2.6841,0.3031,0.3045,0.6477,0.0,97.0498
0.7577,-12.3517,0.0235,0.2645,0.0,0.2304,0.958,151629.47,0.2339,2.5272,11.9292,0.0,1.0,0.1772,-2.8887,0.224,0.0235,0.0306,0.0054,0.8808,-4.8876,0.3526,0.3652,0.958,0.0,125.8877
0.8063,-1.357,0.1633,0.4334,0.0,0.1958,0.6023,271806.66,0.7389,4.5301,12.5128,3.0,4.0,0.5957,-1.0026,0.445,0.1633,-0.3055,0.032,1.7009,-0.2996,0.42,0.3101,0.8063,0.0,143.9235
0.6248,-6.3961,0.1236,0.334,0.0994,0.0693,0.7167,226563.38,0.2381,3.7761,12.3308,1.0,3.0,0.1487,-1.5227,0.1706,0.2229,0.0959,0.0086,0.7107,-1.6939,0.3151,0.2605,0.7167,0.0693,124.3073
0.4485,-9.4696,0.0756,0.3099,0.1859,0.0243,0.9121,181871.69,0.7345,3.0312,12.1111,0.0,2.0,0.3294,-6.9551,0.6699,0.2615,-0.4246,0.0018,2.3627,-3.1241,0.3844,0.3354,0.9121,0.0243,144.4664
0.6768,-14.8351,0.0235,0.0588,0.4478,0.2464,0.6286,242837.7,0.3567,4.0473,12.4002,2.0,0.0,0.2414,-5.2912,0.2242,0.4713,-0.2979,0.0058,5.9667,-3.6654,0.3484,0.257,0.6768,0.0235,114.7047
0.7898,-20.1213,0.0235,0.0762,0.3305,0.1198,0.3965,326623.47,0.8732,5.4437,12.6966,4.0,0.0,0.6897,-17.5699,0.3462,0.354,-0.797,0.0028,11.3048,-3.6962,0.3728,0.3417,0.8732,0.0235,99.5438
0.7493,-9.082,0.0235,0.2997,0.0,0.1785,0.5746,63973.0,0.0536,1.0662,11.0662,0.0,2.0,0.0402,-0.4868,0.0308,0.0235,0.2461,0.0042,0.1782,-8.518,0.2685,0.2922,0.7493,0.0,80.2441
0.614,-4.4444,0.0829,0.1873,0.0399,0.0243,0.6667,261633.77,0.6467,4.3606,12.4747,3.0,3.0,0.3971,-2.8744,0.4312,0.1228,-0.4594,0.002,3.4346,-1.0192,0.3231,0.3036,0.6667,0.0243,92.231
0.4765,-8.1556,0.0235,0.1833,0.46,0.4386,0.4148,208547.98,0.7065,3.4758,12.2479,1.0,2.0,0.3367,-5.7622,0.2931,0.4835,-0.5232,0.0103,3.833,-2.3464,0.3862,0.2208,0.7065,0.0235,134.2917
0.6485,-1.357,0.0235,0.3489,0.0687,0.1359,0.3796,175864.56,0.4129,2.9311,12.0775,0.0,4.0,0.2678,-0.5603,0.1567,0.0922,-0.064,0.0032,1.18,-0.463,0.2883,0.2232,0.6485,0.0235,92.2393
0.762,-9.9473,0.167,0.0,0.1948,0.2879,0.4208,252871.25,0.7205,4.2145,12.4406,2.0,1.0,0.549,-7.1667,0.3032,0.3618,-0.7205,0.0481,716.6256,-2.3602,0.3647,0.2871,0.762,0.0,75.7608
0.5315,-9.9474,0.0235,0.0679,0.2359,0.1367,0.8171,253841.88,0.7173,4.2307,12.4445,2.0,1.0,0.3812,-7.1349,0.586,0.2594,-0.6494,0.0032,10.4083,-2.3512,0.3614,0.324,0.8171,0.0235,110.9752
0.6167,-9.248,0.087,0.4277,0.0,0.0949,0.2458,141460.53,0.3245,2.3577,11.8598,0.0,2.0,0.2001,-3.0007,0.0797,0.087,0.1032,0.0083,0.7568,-3.9225,0.2567,0.2177,0.6167,0.0,108.922
0.4436,-9.3681,0.1192,0.0,0.2221,0.0243,0.8263,176585.4,0.8761,2.9431,12.0816,0.0,2.0,0.3887,-8.2077,0.724,0.3413,-0.8761,0.0029,871.4623,-3.1831,0.3588,0.3675,0.8761,0.0,158.2796
0.8982,-12.8169,0.0235,0.7388,0.1845,0.2749,0.0256,256650.8,0.5369,4.2775,12.4555,2.0,0.0,0.4822,-6.881,0.0137,0.208,0.2019,0.0065,0.7257,-2.9963,0.3832,0.3473,0.8982,0.0235,82.8724
0.443,-5.6967,0.0235,0.0,0.0779,0.2149,0.604,266730.47,0.8673,4.4455,12.494,3.0,3.0,0.3842,-4.9406,0.5238,0.1014,-0.8673,0.005,862.6429,-1.2815,0.3186,0.3305,0.8673,0.0,119.5214
0.6812,-6.5671,0.0235,0.0824,0.2095,0.3067,0.5815,160920.92,0.2329,2.682,11.9887,0.0,3.0,0.1586,-1.5293,0.1354,0.233,-0.1504,0.0072,2.7907,-2.4486,0.3025,0.2453,0.6812,0.0235,152.0468
0.5341,-4.1768,0.0711,0.4845,0.0,0.1385,0.396,302825.6,0.5178,5.0471,12.6209,4.0,3.0,0.2765,-2.1627,0.2051,0.0711,-0.0333,0.0098,1.0664,-0.8276,0.306,0.2287,0.5341,0.0,138.6356
0.8948,-9.8288,0.0235,0.3134,0.0,0.1671,0.8432,209853.22,0.0139,3.4976,12.2542,1.0,1.0,0.0124,-0.1363,0.0117,0.0235,0.2996,0.0039,0.0441,-2.8102,0.3223,0.3898,0.8948,0.0,139.2602
0.7065,-13.0772,0.0841,0.3427,0.0,0.0243,0.7492,266976.28,0.7661,4.4496,12.4949,3.0,0.0,0.5413,-10.0189,0.574,0.0841,-0.4234,0.002,2.229,-2.939,0.3818,0.354,0.7661,0.0,123.1186
0.6609,-15.7355,0.136,0.0,0.0424,0.0656,0.8181,240263.62,0.4104,4.0044,12.3895,2.0,0.0,0.2712,-6.4578,0.3357,0.1783,-0.4104,0.0089,408.212,-3.9296,0.3047,0.3289,0.8181,0.0,99.0405
0.4736,-3.9864,0.0235,0.1807,0.0,0.1279,0.6386,184420.98,0.1218,3.0737,12.125,1.0,3.0,0.0577,-0.4855,0.0778,0.0235,0.0589,0.003,0.6703,-1.2969,0.2237,0.2402,0.6386,0.0,113.6164
0.4985,-5.9184,0.0235,0.3154,0.1918,0.4569,0.0256,168905.97,0.9077,2.8151,12.0371,0.0,3.0,0.4525,-5.3719,0.0232,0.2153,-0.5923,0.0107,2.8686,-2.1024,0.3456,0.3116,0.9077,0.0235,71.0533
0.8585,-11.386,0.0486,0.4844,0.0,0.3045,0.4907,283985.6,0.0979,4.7331,12.5567,3.0,1.0,0.084,-1.1143,0.048,0.0486,0.3865,0.0148,0.2016,-2.4056,0.3264,0.3086,0.8585,0.0,86.5494
0.6693,-8.9964,0.0235,0.0433,0.0,0.1239,0.2493,272647.1,0.8903,4.5441,12.5159,3.0,2.0,0.5959,-8.0098,0.222,0.0235,-0.847,0.0029,20.0859,-1.9798,0.2857,0.3534,0.8903,0.0,116.1326
0.5402,-14.4959,0.146,0.0,0.1039,0.1375,0.4387,232777.52,0.6105,3.8796,12.3578,2.0,0.0,0.3298,-8.8492,0.2678,0.2499,-0.6105,0.0201,607.212,-3.7364,0.2824,0.2414,0.6105,0.0,114.1028
0.7054,-7.6204,0.0449,0.1261,0.0,0.1339,0.5271,250515.25,0.4958,4.1753,12.4313,2.0,2.0,0.3498,-3.7782,0.2613,0.0449,-0.3697,0.006,3.9017,-1.8251,0.2905,0.2789,0.7054,0.0,128.5146
0.766,-6.4715,0.0561,0.3925,0.2095,0.1629,0.7744,177801.34,0.1385,2.9634,12.0884,0.0,3.0,0.1061,-0.8965,0.1073,0.2655,0.2539,0.0091,0.3521,-2.1838,0.3571,0.3001,0.7744,0.0561,130.8636
0.5809,-14.5742,0.0235,0.0788,0.2767,0.2868,0.4529,266717.62,0.9583,4.4453,12.494,3.0,0.0,0.5567,-13.967,0.434,0.3002,-0.8795,0.0067,12.0116,-3.2786,0.3797,0.3208,0.9583,0.0235,139.6972
0.8066,-11.0934,0.102,0.0,0.3369,0.0696,0.7868,177554.69,0.9377,2.9592,12.087,0.0,1.0,0.7563,-10.4019,0.7377,0.4389,-0.9377,0.0071,932.6675,-3.7487,0.4342,0.3995,0.9377,0.0,86.6243
0.6069,-18.5025,0.0871,0.2636,0.0,0.2926,0.5917,225342.84,0.3549,3.7557,12.3254,1.0,0.0,0.2154,-6.5659,0.21,0.0871,-0.0912,0.0255,1.3409,-4.9265,0.3138,0.2301,0.6069,0.0,86.4117
0.7464,-10.8536,0.1334,0.2417,0.2745,0.1855,0.4578,264874.28,0.1368,4.4146,12.487,3.0,1.0,0.1021,-1.4848,0.0626,0.4079,0.1049,0.0248,0.5637,-2.4586,0.3109,0.2217,0.7464,0.1334,141.8828
0.975,-14.0988,0.1957,0.04,0.1224,0.0243,0.337,286586.84,0.5479,4.7764,12.5658,3.0,0.0,0.5342,-7.7243,0.1846,0.3181,-0.5079,0.0048,13.3574,-2.9517,0.3203,0.3419,0.975,0.0243,136.4684
0.4871,-14.8028,0.0235,0.0254,0.1906,0.2526,0.4478,275261.72,0.9912,4.5877,12.5255,3.0,0.0,0.4828,-14.6725,0.4439,0.2141,-0.9658,0.0059,37.5427,-3.2266,0.3455,0.3382,0.9912,0.0235,130.7324
0.6196,-3.5395,0.1245,0.4771,0.1377,0.0243,0.4576,235956.33,0.5449,3.9326,12.3714,2.0,4.0,0.3376,-1.9286,0.2493,0.2622,-0.0678,0.003,1.1398,-0.9,0.3408,0.238,0.6196,0.0243,103.4626
0.975,-1.357,0.0235,0.0011,0.1845,0.2902,0.6413,327959.8,0.4899,5.466,12.7006,4.0,4.0,0.4776,-0.6647,0.3142,0.208,-0.4888,0.0068,232.0618,-0.2483,0.3722,0.3538,0.975,0.0011,163.2782
0.6694,-17.5567,0.0947,0.0,0.0,0.0243,0.3902,168943.1,0.3855,2.8157,12.0373,0.0,0.0,0.2581,-6.7687,0.1504,0.0947,-0.3855,0.0023,383.4779,-6.2353,0.2235,0.2611,0.6694,0.0,104.1545
0.4416,-5.1222,0.0235,0.0684,0.1369,0.2426,0.5391,249958.25,0.9283,4.166,12.4291,2.0,3.0,0.4099,-4.7551,0.5004,0.1604,-0.86,0.0057,13.3858,-1.2295,0.34,0.3217,0.9283,0.0235,123.0529
0.5713,-6.2525,0.0584,0.367,0.045,0.3019,0.978,382704.28,0.1902,6.3784,12.855,4.0,3.0,0.1087,-1.1892,0.186,0.1034,0.1768,0.0176,0.5168,-0.9803,0.3588,0.3289,0.978,0.045,161.8323
0.7838,-3.3696,0.0685,0.2735,0.1286,0.257,0.5026,122932.055,0.4424,2.0489,11.7194,0.0,4.0,0.3468,-1.4907,0.2223,0.1972,-0.1689,0.0176,1.6115,-1.6446,0.3509,0.2459,0.7838,0.0685,78.9481
0.6094,-11.9145,0.0956,0.3824,0.0,0.1613,0.4146,300943.94,0.1169,5.0157,12.6147,4.0,1.0,0.0712,-1.3924,0.0484,0.0956,0.2655,0.0154,0.3048,-2.3754,0.2543,0.2182,0.6094,0.0,100.5508
0.587,-8.0656,0.0692,0.5201,0.0,0.4116,0.5712,202819.95,0.0408,3.3803,12.2201,1.0,2.0,0.0239,-0.3291,0.0233,0.0692,0.4793,0.0285,0.0783,-2.386,0.3143,0.2664,0.587,0.0,82.5519
0.5689,-3.5264,0.1287,0.3398,0.0976,0.3464,0.7915,225730.92,0.7305,3.7622,12.3271,1.0,4.0,0.4156,-2.5759,0.5782,0.2263,-0.3906,0.0446,2.1432,-0.9373,0.4291,0.2759,0.7915,0.0976,122.2011
0.4675,-4.7777,0.0235,0.247,0.0,0.0476,0.0256,267514.47,0.9487,4.4586,12.4969,3.0,3.0,0.4435,-4.5324,0.0243,0.0235,-0.7017,0.0011,3.826,-1.0716,0.2514,0.3513,0.9487,0.0,131.2454
0.6124,-8.4917,0.0909,0.0,0.1483,0.2927,0.5583,248785.33,0.2678,4.1464,12.4244,2.0,2.0,0.164,-2.2741,0.1495,0.2392,-0.2678,0.0266,266.3722,-2.048,0.2815,0.2309,0.6124,0.0,134.2023
0.7748,-10.9087,0.1406,0.4236,0.2045,0.1619,0.4512,273690.66,0.2911,4.5615,12.5198,3.0,1.0,0.2255,-3.1752,0.1313,0.3451,0.1326,0.0228,0.6855,-2.3915,0.3497,0.2236,0.7748,0.1406,166.204
0.5823,-13.4254,0.0235,0.3544,0.3488,0.1006,0.6513,305786.84,0.4199,5.0964,12.6306,4.0,0.0,0.2445,-5.6369,0.2735,0.3723,-0.0655,0.0024,1.1815,-2.6343,0.3544,0.2303,0.6513,0.0235,85.2177
0.7074,-1.357,0.0235,0.2674,0.0,0.0782,0.3816,261892.22,0.6895,4.3649,12.4757,3.0,4.0,0.4878,-0.9357,0.2631,0.0235,-0.4221,0.0018,2.5689,-0.3109,0.3068,0.3002,0.7074,0.0,116.027
0.5866,-12.846,0.1067,0.716,0.0,0.1923,0.7322,242575.39,0.0653,4.0429,12.3991,2.0,0.0,0.0383,-0.8384,0.0478,0.1067,0.6507,0.0205,0.091,-3.1774,0.3427,0.3223,0.7322,0.0,85.9225
0.7726,-7.8732,0.038,0.0,0.0966,0.3354,0.5899,215810.17,0.5933,3.5968,12.2822,1.0,2.0,0.4584,-4.6709,0.35,0.1346,-0.5933,0.0127,590.1037,-2.1889,0.3465,0.3108,0.7726,0.0,109.0912
0.4326,-4.7361,0.0235,0.126,0.0989,0.0914,0.7675,294021.34,0.7595,4.9004,12.5914,4.0,3.0,0.3285,-3.5969,0.5829,0.1224,-0.6335,0.0021,5.9823,-0.9665,0.3285,0.3246,0.7675,0.0235,134.4866
0.975,-9.1245,0.0701,0.3051,0.0957,0.3244,0.0256,180582.47,0.2817,3.0097,12.1039,0.0,2.0,0.2746,-2.5701,0.0072,0.1658,0.0234,0.0227,0.9202,-3.0317,0.2968,0.3231,0.975,0.0256,148.6061
0.4671,-1.357,0.0782,0.0,0.1649,0.3135,0.9144,104092.93,0.9073,1.7349,11.553,0.0,4.0,0.4237,-1.2312,0.8296,0.243,-0.9073,0.0245,902.4296,-0.7822,0.4065,0.3769,0.9144,0.0,158.0188
0.7227,-1.357,0.0683,0.1291,0.2878,0.1515,0.8531,149519.31,0.2313,2.492,11.9152,0.0,4.0,0.1671,-0.3138,0.1973,0.3561,-0.1022,0.0103,1.778,-0.5445,0.3491,0.3103,0.8531,0.0683,164.2762
0.7691,-6.0776,0.1488,0.0,0.0874,0.4339,0.2458,228844.03,0.1758,3.8141,12.3408,1.0,3.0,0.1352,-1.0684,0.0432,0.2362,-0.1758,0.0646,174.8627,-1.5935,0.2658,0.2602,0.7691,0.0,110.4402
0.6525,-13.8249,0.0235,0.0,0.4966,0.3059,0.7909,176488.9,0.6974,2.9415,12.081,0.0,0.0,0.4551,-9.6415,0.5516,0.5201,-0.6974,0.0072,693.6819,-4.7,0.4238,0.3217,0.7909,0.0,93.8222
0.5696,-10.6341,0.0235,0.1727,0.0,0.1613,0.4766,153877.89,0.4644,2.5646,11.9439,0.0,1.0,0.2645,-4.9385,0.2214,0.0235,-0.2917,0.0038,2.6738,-4.1464,0.2669,0.2328,0.5696,0.0,176.7972
0.6868,-9.5146,0.0872,0.6716,0.0,0.1817,0.6799,237817.7,0.0137,3.9636,12.3793,2.0,2.0,0.0094,-0.13,0.0093,0.0872,0.658,0.0158,0.0203,-2.4005,0.3315,0.3307,0.6868,0.0,138.6451
0.8172,-1.357,0.0235,0.2249,0.3944,0.0701,0.2445,280125.94,0.547,4.6688,12.543,3.0,4.0,0.447,-0.7423,0.1337,0.4179,-0.3221,0.0016,2.4212,-0.2907,0.3317,0.2794,0.8172,0.0235,59.2306
0.7898,-6.7816,0.0235,0.5343,0.2407,0.0913,0.6234,180696.9,0.3616,3.0116,12.1046,0.0,3.0,0.2856,-2.4522,0.2254,0.2642,0.1727,0.0021,0.6755,-2.2518,0.3807,0.2832,0.7898,0.0235,102.6975
0.7617,-17.6211,0.0235,0.2597,0.0,0.168,0.2436,262946.62,0.3575,4.3824,12.4797,3.0,0.0,0.2723,-6.299,0.0871,0.0235,-0.0977,0.0039,1.371,-4.0208,0.2591,0.2561,0.7617,0.0,92.9922
0.6627,-9.9933,0.0494,0.2867,0.018,0.1781,0.7353,296768.78,0.1914,4.9461,12.6007,4.0,1.0,0.1268,-1.9127,0.1407,0.0674,0.0953,0.0088,0.6653,-2.0204,0.3031,0.2858,0.7353,0.018,99.7526
0.975,-2.4305,0.1246,0.1495,0.0,0.164,0.7266,267726.25,0.6705,4.4621,12.4977,3.0,4.0,0.6537,-1.6296,0.4872,0.1246,-0.521,0.0204,4.455,-0.5447,0.4015,0.3796,0.975,0.0,117.9699
0.6345,-11.1339,0.0617,0.2889,0.169,0.3011,0.4761,241417.47,0.2323,4.0236,12.3943,2.0,1.0,0.1474,-2.5868,0.1106,0.2307,0.0566,0.0186,0.8015,-2.7671,0.3091,0.1919,0.6345,0.0617,136.5637
0.6685,-4.9142,0.0235,0.0468,0.0673,0.0673,0.409,353411.88,0.9237,5.8902,12.7754,4.0,3.0,0.6174,-4.5391,0.3778,0.0908,-0.8769,0.0016,19.3247,-0.8343,0.3152,0.3614,0.9237,0.0235,133.2228
0.6048,-15.2277,0.0235,0.0,0.0,0.073,0.5719,222070.66,0.7544,3.7012,12.3108,1.0,0.0,0.4563,-11.4878,0.4314,0.0235,-0.7544,0.0017,750.378,-4.1143,0.2897,0.3368,0.7544,0.0,114.407
0.4975,-4.6602,0.0499,0.3099,0.0875,0.153,0.5618,154969.28,0.5154,2.5828,11.951,0.0,3.0,0.2564,-2.4019,0.2896,0.1374,-0.2055,0.0076,1.6576,-1.8043,0.3107,0.217,0.5618,0.0499,105.6073
0.7447,-11.0649,0.0235,0.3489,0.0074,0.2915,0.2712,179715.75,0.2717,2.9953,12.0991,0.0,1.0,0.2023,-3.006,0.0737,0.0309,0.0772,0.0069,0.7765,-3.6941,0.2798,0.2453,0.7447,0.0074,151.1259
0.566,-2.6761,0.037,0.2898,0.0,0.1568,0.4575,252697.94,0.5277,4.2116,12.44,2.0,4.0,0.2987,-1.4121,0.2414,0.037,-0.2378,0.0058,1.8144,-0.6354,0.2907,0.2333,0.566,0.0,104.9156
0.7799,-14.9579,0.0334,0.5815,0.0,0.3249,0.8166,177814.53,0.1591,2.9636,12.0885,0.0,0.0,0.1241,-2.3793,0.1299,0.0334,0.4224,0.0109,0.2731,-5.0472,0.3851,0.3433,0.8166,0.0,115.5972
0.3849,-1.357,0.1076,0.4545,0.047,0.3701,0.4938,163584.19,0.844,2.7264,12.0051,0.0,4.0,0.3249,-1.1453,0.4168,0.1546,-0.3895,0.0398,1.8528,-0.4977,0.386,0.2642,0.844,0.047,112.4334
0.6369,-1.357,0.1205,0.0,0.0869,0.2885,0.4957,242315.22,0.8477,4.0386,12.398,2.0,4.0,0.5399,-1.1503,0.4202,0.2074,-0.8477,0.0348,843.1474,-0.336,0.3537,0.316,0.8477,0.0,154.9916
0.6679,-6.7798,0.0235,0.6359,0.2411,0.218,0.7085,210821.56,0.1623,3.5137,12.2588,1.0,3.0,0.1084,-1.1006,0.115,0.2646,0.4735,0.0051,0.2549,-1.9295,0.3796,0.2817,0.7085,0.0235,143.4717
0.5456,-9.8788,0.0839,0.0777,0.1367,0.0243,0.5718,271650.9,0.7471,4.5275,12.5123,3.0,1.0,0.4076,-7.3801,0.4272,0.2206,-0.6694,0.002,9.4968,-2.1819,0.3124,0.2977,0.7471,0.0243,125.9166
0.5925,-8.6713,0.0453,0.0,0.513,0.0243,0.4827,226113.2,0.4255,3.7686,12.3288,1.0,2.0,0.2521,-3.6893,0.2054,0.5583,-0.4255,0.0011,423.1984,-2.301,0.2976,0.2617,0.5925,0.0,110.3045
0.6525,-7.2624,0.1158,0.2545,0.0,0.0243,0.7348,161880.1,0.6272,2.698,11.9946,0.0,2.0,0.4092,-4.555,0.4609,0.1158,-0.3727,0.0028,2.4545,-2.6918,0.3442,0.3185,0.7348,0.0,101.1882
0.6112,-14.8377,0.138,0.2549,0.0,0.2218,0.6424,228341.98,0.1831,3.8057,12.3386,1.0,0.0,0.1119,-2.7163,0.1176,0.138,0.0718,0.0306,0.7154,-3.8988,0.293,0.2421,0.6424,0.0,89.0468
0.6639,-11.4799,0.0235,0.0,0.0,0.3781,0.3469,154435.08,0.9393,2.5739,11.9475,0.0,1.0,0.6236,-10.7827,0.3258,0.0235,-0.9393,0.0089,934.259,-4.4601,0.3359,0.3644,0.9393,0.0,99.5759
0.6425,-13.6959,0.0235,0.0,0.4658,0.1408,0.3326,211766.2,0.947,3.5294,12.2632,1.0,0.0,0.6085,-12.97,0.315,0.4893,-0.947,0.0033,941.9512,-3.8805,0.3646,0.3481,0.947,0.0,127.1874
0.3848,-6.6347,0.0235,0.5049,0.2566,0.1759,0.7781,204099.33,0.1669,3.4017,12.2264,1.0,3.0,0.0642,-1.1071,0.1298,0.2801,0.3381,0.0041,0.3298,-1.9504,0.3272,0.253,0.7781,0.0235,83.395
0.3159,-7.1625,0.0235,0.4646,0.0,0.3481,0.3826,176482.02,0.6574,2.9414,12.081,0.0,2.0,0.2077,-4.7086,0.2515,0.0235,-0.1928,0.0082,1.412,-2.4351,0.3131,0.2343,0.6574,0.0,113.1822
0.8425,-10.3875,0.0235,0.3936,0.037,0.3081,0.7242,142400.69,0.1354,2.3733,11.8664,0.0,1.0,0.1141,-1.4065,0.0981,0.0605,0.2582,0.0072,0.3431,-4.3767,0.352,0.3258,0.8425,0.0235,120.3451
0.5731,-6.2852,0.0251,0.287,0.0,0.1159,0.6859,340869.47,0.3365,5.6812,12.7393,4.0,3.0,0.1929,-2.1152,0.2308,0.0251,-0.0495,0.0029,1.1684,-1.1063,0.2891,0.2657,0.6859,0.0,117.5596
0.6514,-12.4195,0.0317,0.0571,0.0,0.0243,0.4577,331871.06,0.5521,5.5312,12.7125,4.0,0.0,0.3596,-6.8572,0.2527,0.0317,-0.495,0.0008,9.501,-2.2454,0.2535,0.2869,0.6514,0.0,116.9643
0.638,-7.2567,0.144,0.125,0.037,0.3295,0.5027,208820.55,0.9651,3.4803,12.2492,1.0,2.0,0.6158,-7.0037,0.4852,0.181,-0.8401,0.0475,7.6583,-2.0851,0.3916,0.3327,0.9651,0.037,102.9706
0.5651,-2.2987,0.0727,0.4247,0.1606,0.3024,0.3626,252465.92,0.2417,4.2078,12.439,2.0,4.0,0.1366,-0.5555,0.0876,0.2333,0.1831,0.022,0.5677,-0.5463,0.3043,0.1654,0.5651,0.0727,94.2093
0.5889,-7.982,0.0274,0.0,0.234,0.0243,0.3868,272311.34,0.5542,4.5385,12.5147,3.0,2.0,0.3264,-4.4236,0.2144,0.2615,-0.5542,0.0007,551.2453,-1.7587,0.2594,0.2545,0.5889,0.0,127.5002
0.3769,-5.8402,0.0235,0.3766,0.1941,0.3838,0.9551,249316.86,0.5026,4.1553,12.4265,2.0,3.0,0.1894,-2.9353,0.48,0.2176,-0.126,0.009,1.331,-1.4055,0.4018,0.2899,0.9551,0.0235,134.013
0.7159,-14.6639,0.0867,0.7,0.2023,0.329,0.7886,294023.03,0.0108,4.9004,12.5914,4.0,0.0,0.0077,-0.1584,0.0085,0.289,0.6892,0.0285,0.0154,-2.9924,0.4048,0.3252,0.7886,0.0108,160.9515
0.8032,-17.6909,0.0723,0.0873,0.0,0.4545,0.7069,280196.12,0.4439,4.6699,12.5432,3.0,0.0,0.3565,-7.8524,0.3138,0.0723,-0.3566,0.0328,5.0272,-3.7882,0.3669,0.3212,0.8032,0.0,112.4598
0.8519,-12.5226,0.1108,0.4259,0.0,0.3105,0.8031,262097.31,0.3296,4.3683,12.4765,3.0,0.0,0.2808,-4.1275,0.2647,0.1108,0.0963,0.0344,0.772,-2.8667,0.4046,0.3225,0.8519,0.0,144.4023
0.7391,-5.2589,0.0594,0.2854,0.0369,0.1136,0.7865,131637.44,0.1267,2.194,11.7878,0.0,3.0,0.0936,-0.6661,0.0996,0.0964,0.1587,0.0068,0.4423,-2.397,0.3068,0.3218,0.7865,0.0369,76.3097
0.6824,-9.9081,0.0815,0.6194,0.0079,0.2781,0.373,166793.67,0.1107,2.7799,12.0245,0.0,1.0,0.0756,-1.0972,0.0413,0.0894,0.5086,0.0227,0.1785,-3.5642,0.3076,0.2654,0.6824,0.0079,106.7338
0.7432,-10.0409,0.0235,0.6971,0.0,0.1076,0.5918,247846.34,0.1085,4.1308,12.4206,2.0,1.0,0.0806,-1.0891,0.0642,0.0235,0.5886,0.0025,0.1554,-2.4307,0.3245,0.3354,0.7432,0.0,102.5199
0.6382,-5.6566,0.0235,0.0,0.0847,0.2227,0.3423,281037.5,0.7393,4.684,12.5462,3.0,3.0,0.4718,-4.1817,0.2531,0.1082,-0.7393,0.0052,735.3253,-1.2077,0.293,0.2965,0.7393,0.0,139.0532
0.6058,-14.9675,0.1401,0.3338,0.0,0.0243,0.3495,250272.52,0.7895,4.1712,12.4303,2.0,0.0,0.4783,-11.8164,0.2759,0.1401,-0.4557,0.0034,2.358,-3.5883,0.3204,0.2959,0.7895,0.0,142.6889
0.7155,-9.508,0.0235,0.8129,0.0,0.2299,0.5921,213518.42,0.0501,3.5586,12.2715,1.0,2.0,0.0358,-0.476,0.0296,0.0235,0.7628,0.0054,0.0615,-2.6718,0.3463,0.3511,0.8129,0.0,127.6955
0.9444,-13.4626,0.0469,0.3579,0.1845,0.207,0.0256,267845.0,0.6705,4.4641,12.4982,3.0,0.0,0.6332,-9.0262,0.0172,0.2314,-0.3126,0.0097,1.868,-3.0158,0.3481,0.3418,0.9444,0.0256,173.2521
0.6526,-6.0749,0.1165,0.0,0.0451,0.0639,0.0256,358633.12,0.8871,5.9772,12.7901,4.0,3.0,0.5789,-5.3888,0.0227,0.1616,-0.8871,0.0074,882.3373,-1.0163,0.2558,0.3594,0.8871,0.0,107.8078
0.7494,-15.3835,0.1489,0.1189,0.0,0.2377,0.7192,224974.64,0.2272,3.7496,12.3237,1.0,0.0,0.1703,-3.4951,0.1634,0.1489,-0.1083,0.0354,1.8955,-4.1027,0.3145,0.2975,0.7494,0.0,93.761
0.6384,-12.5835,0.0646,0.0,0.0687,0.0769,0.0256,296910.94,0.849,4.9485,12.6012,4.0,0.0,0.542,-10.6834,0.0217,0.1333,-0.849,0.005,844.4736,-2.5429,0.2462,0.3463,0.849,0.0,130.1987
0.7169,-9.5149,0.0235,0.1956,0.1487,0.1809,0.6386,371468.06,0.1023,6.1911,12.8252,4.0,2.0,0.0733,-0.9731,0.0653,0.1722,0.0934,0.0043,0.5201,-1.5369,0.2867,0.2741,0.7169,0.0235,109.7952
0.7064,-1.357,0.065,0.0789,0.0,0.2567,0.8792,182321.17,0.5054,3.0387,12.1135,0.0,4.0,0.357,-0.6858,0.4443,0.065,-0.4265,0.0167,6.3244,-0.4466,0.3559,0.3457,0.8792,0.0,119.3175
0.8065,-20.2677,0.1125,0.6676,0.0,0.229,0.5867,305782.1,0.0261,5.0964,12.6306,4.0,0.0,0.021,-0.5283,0.0153,0.1125,0.6415,0.0258,0.039,-3.9769,0.3469,0.3326,0.8065,0.0,179.5628
0.9123,-7.3827,0.0771,0.2459,0.0,0.4261,0.7577,155051.23,0.3549,2.5842,11.9515,0.0,2.0,0.3237,-2.6199,0.2689,0.0771,-0.109,0.0329,1.4372,-2.8569,0.3963,0.3369,0.9123,0.0,114.5277
0.5418,-4.8685,0.0652,0.0,0.0,0.1818,0.7194,253773.64,0.4419,4.2296,12.4442,2.0,3.0,0.2394,-2.1512,0.3179,0.0652,-0.4419,0.0118,439.5109,-1.1511,0.2786,0.2888,0.7194,0.0,85.0857
0.6484,-1.357,0.0235,0.1328,0.0,0.1871,0.4501,267364.78,0.8681,4.4561,12.4964,3.0,4.0,0.5629,-1.1781,0.3908,0.0235,-0.7354,0.0044,6.4903,-0.3045,0.33,0.3336,0.8681,0.0,99.2647
0.5097,-16.087,0.1176,0.0,0.0,0.0243,0.5746,257948.28,0.9539,4.2991,12.4605,2.0,0.0,0.4862,-15.346,0.5482,0.1176,-0.9539,0.0029,948.8475,-3.7419,0.3115,0.3731,0.9539,0.0,108.7863
0.5104,-1.357,0.0235,0.2378,0.0,0.2816,0.7348,187816.0,0.3878,3.1303,12.1432,1.0,4.0,0.1979,-0.5262,0.285,0.0235,-0.15,0.0066,1.6237,-0.4335,0.3109,0.2617,0.7348,0.0,117.1839
0.4848,-13.8642,0.046,0.158,0.0,0.0948,0.4633,186696.39,0.6421,3.1116,12.1372,1.0,0.0,0.3113,-8.9026,0.2975,0.046,-0.4841,0.0044,4.039,-4.4556,0.2699,0.2544,0.6421,0.0,148.5809
0.5316,-9.9077,0.1325,0.2417,0.0248,0.3033,0.8181,336940.28,0.2039,5.6157,12.7277,4.0,1.0,0.1084,-2.0198,0.1668,0.1573,0.0378,0.0402,0.84,-1.7643,0.3223,0.2693,0.8181,0.0248,114.8872
0.6768,-2.6968,0.1085,0.1809,0.0639,0.174,0.7908,335077.4,0.2178,5.5846,12.7221,4.0,4.0,0.1474,-0.5874,0.1722,0.1724,-0.0369,0.0189,1.1972,-0.4829,0.3161,0.2916,0.7908,0.0639,129.7303
0.6669,-1.357,0.0235,0.021,0.0818,0.4376,0.4766,257546.5,0.5789,4.2924,12.459,2.0,4.0,0.3861,-0.7856,0.2759,0.1053,-0.558,0.0103,26.3525,-0.3161,0.3266,0.2767,0.6669,0.021,126.0688
0.6388,-4.959,0.1183,0.0797,0.0,0.0243,0.8599,169966.23,0.6815,2.8328,12.0434,0.0,3.0,0.4353,-3.3794,0.586,0.1183,-0.6018,0.0029,8.4467,-1.7506,0.3432,0.367,0.8599,0.0,112.2514
0.5558,-8.5732,0.0944,0.064,0.06,0.4395,0.2614,325945.06,0.6165,5.4324,12.6945,4.0,2.0,0.3427,-5.2851,0.1611,0.1544,-0.5525,0.0415,9.485,-1.5782,0.2988,0.2388,0.6165,0.06,107.2046
0.6396,-4.5322,0.0749,0.4735,0.0,0.1589,0.2824,224403.97,0.5809,3.7401,12.3212,1.0,3.0,0.3715,-2.6326,0.1641,0.0749,-0.1074,0.0119,1.2242,-1.2118,0.3158,0.2528,0.6396,0.0,134.1463
0.6615,-7.4536,0.1379,0.0629,0.0,0.0564,0.0256,226549.4,0.8909,3.7758,12.3307,1.0,2.0,0.5893,-6.6402,0.0228,0.1379,-0.828,0.0078,13.9385,-1.974,0.2622,0.3598,0.8909,0.0,102.274
0.7244,-9.5484,0.081,0.7228,0.0,0.0243,0.5271,241038.72,0.6523,4.0173,12.3927,2.0,2.0,0.4726,-6.2288,0.3439,0.081,0.0705,0.002,0.9013,-2.3768,0.3903,0.3395,0.7244,0.0,112.0769
0.7491,-11.9869,0.13,0.6194,0.0,0.191,0.5855,251816.86,0.0185,4.1969,12.4365,2.0,1.0,0.0139,-0.2222,0.0109,0.13,0.6008,0.0248,0.0299,-2.8561,0.3276,0.3136,0.7491,0.0,157.7154
0.8676,-13.0908,0.151,0.3829,0.3237,0.1849,0.6038,206858.2,0.2701,3.4476,12.2398,1.0,0.0,0.2343,-3.5354,0.1631,0.4747,0.1129,0.0279,0.7034,-3.797,0.3977,0.2554,0.8676,0.151,136.3574
0.9047,-7.7497,0.0277,0.0382,0.0871,0.0243,0.5356,167940.27,0.7693,2.799,12.0314,0.0,2.0,0.6959,-5.9616,0.412,0.1147,-0.7311,0.0007,19.6249,-2.7687,0.341,0.3859,0.9047,0.0243,99.9159
0.6967,-12.039,0.0235,0.0,0.0,0.036,0.3889,286047.28,0.6621,4.7675,12.5639,3.0,1.0,0.4613,-7.9706,0.2575,0.0235,-0.6621,0.0008,658.537,-2.5252,0.2582,0.3189,0.6967,0.0,115.0986
0.7046,-1.357,0.0364,0.0,0.0769,0.0372,0.6905,373972.88,0.4813,6.2329,12.8319,4.0,4.0,0.3391,-0.6531,0.3323,0.1133,-0.4813,0.0014,478.7008,-0.2177,0.2896,0.3232,0.7046,0.0,97.8798
0.738,-12.4415,0.0948,0.7378,0.259,0.1365,0.6833,350046.44,0.0299,5.8341,12.7658,4.0,0.0,0.022,-0.3716,0.0204,0.3539,0.7079,0.0129,0.0404,-2.1325,0.3828,0.323,0.738,0.0299,91.1087
0.5729,-10.4814,0.0517,0.0194,0.1696,0.161,0.5828,278861.03,0.9127,4.6477,12.5385,3.0,1.0,0.5229,-9.566,0.5319,0.2212,-0.8933,0.0083,44.7044,-2.2552,0.3529,0.3384,0.9127,0.0194,108.0735
0.7493,-4.2457,0.1626,0.2545,0.0791,0.3,0.699,293901.22,0.1249,4.8984,12.591,4.0,3.0,0.0936,-0.5304,0.0873,0.2417,0.1296,0.0488,0.4889,-0.8668,0.3385,0.2742,0.7493,0.0791,118.319
0.6341,-7.1724,0.0235,0.0,0.0963,0.0949,0.396,132794.33,0.3826,2.2132,11.7966,0.0,2.0,0.2426,-2.7442,0.1515,0.1198,-0.3826,0.0022,380.5602,-3.2407,0.2325,0.2401,0.6341,0.0,132.353
0.4139,-12.6362,0.0681,0.2466,0.0559,0.0243,0.2923,153057.2,0.6581,2.551,11.9386,0.0,0.0,0.2724,-8.3155,0.1924,0.1241,-0.4115,0.0017,2.658,-4.9535,0.2513,0.2298,0.6581,0.0243,155.4692
0.7545,-9.8788,0.0235,0.3025,0.3899,0.2467,0.453,226910.16,0.2949,3.7818,12.3323,1.0,1.0,0.2225,-2.9129,0.1336,0.4134,0.0076,0.0058,0.9716,-2.6122,0.3521,0.223,0.7545,0.0235,128.0647
0.7492,-18.242,0.134,0.3048,0.3536,0.2636,0.7559,180584.9,0.0404,3.0097,12.104,0.0,0.0,0.0303,-0.737,0.0305,0.4876,0.2644,0.0353,0.1321,-6.061,0.3716,0.2807,0.7559,0.0404,119.0701
0.7945,-1.357,0.0974,0.0538,0.0112,0.1498,0.6249,277594.25,0.6831,4.6266,12.5339,3.0,4.0,0.5427,-0.9269,0.4269,0.1086,-0.6292,0.0146,12.4592,-0.2933,0.345,0.3392,0.7945,0.0112,120.5529
0.8121,-9.9838,0.1181,0.4749,0.2319,0.0243,0.6393,301982.53,0.1815,5.033,12.6181,4.0,1.0,0.1474,-1.8124,0.1161,0.3501,0.2934,0.0029,0.3814,-1.9837,0.3546,0.2929,0.8121,0.0243,115.2098
0.633,-7.5532,0.0496,0.3366,0.146,0.1949,0.6331,152226.81,0.3309,2.5371,11.9331,0.0,2.0,0.2094,-2.4991,0.2095,0.1956,0.0058,0.0097,0.98,-2.9771,0.332,0.2289,0.6331,0.0496,110.7637
0.9123,-10.41,0.0749,0.2813,0.2242,0.2657,0.5916,181519.72,0.0518,3.0253,12.1091,0.0,1.0,0.0473,-0.5392,0.0306,0.2991,0.2295,0.0199,0.1835,-3.441,0.3431,0.3073,0.9123,0.0518,158.8316
0.5545,-22.1066,0.0235,0.1244,0.0,0.2428,0.2759,147867.08,0.5275,2.4645,11.9041,0.0,0.0,0.2925,-11.6605,0.1455,0.0235,-0.403,0.0057,4.2056,-8.9702,0.2498,0.2236,0.5545,0.0,157.3286
0.5689,-5.6428,0.1423,0.0,0.0034,0.0243,0.7533,271431.38,0.6433,4.5239,12.5115,3.0,3.0,0.366,-3.6298,0.4846,0.1457,-0.6433,0.0035,639.8372,-1.2473,0.3051,0.3352,0.7533,0.0,105.8252
0.5669,-1.357,0.0555,0.3099,0.4936,0.2959,0.5635,299687.84,0.5099,4.9948,12.6105,4.0,4.0,0.289,-0.6919,0.2873,0.5491,-0.2,0.0164,1.64,-0.2717,0.3993,0.1884,0.5669,0.0555,76.3726
0.5085,-10.7138,0.0235,0.3668,0.3726,0.3317,0.5726,232967.11,0.1739,3.8828,12.3587,2.0,1.0,0.0884,-1.8628,0.0996,0.3961,0.1929,0.0078,0.4727,-2.7593,0.3357,0.188,0.5726,0.0235,104.9761
0.8266,-7.9377,0.0235,0.1223,0.2615,0.2528,0.9371,325731.6,0.2835,5.4289,12.6938,4.0,2.0,0.2343,-2.2501,0.2656,0.285,-0.1611,0.0059,2.2982,-1.4621,0.3868,0.3518,0.9371,0.0235,127.1766
0.7165,-5.0386,0.0235,0.124,0.1699,0.214,0.9367,213539.72,0.3676,3.559,12.2716,1.0,3.0,0.2634,-1.8522,0.3443,0.1934,-0.2436,0.005,2.94,-1.4157,0.3646,0.3381,0.9367,0.0235,102.3314
0.6022,-15.7162,0.1306,0.354,0.1524,0.0243,0.4087,217826.23,0.2119,3.6304,12.2915,1.0,0.0,0.1276,-3.3297,0.0866,0.283,0.1421,0.0032,0.5968,-4.329,0.2692,0.1973,0.6022,0.0243,159.6414
0.6957,-10.7105,0.0792,0.5467,0.0,0.1246,0.5469,183977.2,0.0028,3.0663,12.1226,1.0,1.0,0.0019,-0.03,0.0015,0.0792,0.5439,0.0099,0.0051,-3.493,0.2851,0.2985,0.6957,0.0,118.768
0.7469,-1.357,0.0235,0.3537,0.246,0.3115,0.2612,253894.3,0.3179,4.2316,12.4447,2.0,4.0,0.2374,-0.4313,0.083,0.2695,0.0358,0.0073,0.8961,-0.3207,0.323,0.2161,0.7469,0.0235,76.2231
0.7557,-16.0749,0.0978,0.4246,0.0,0.2545,0.3926,166586.28,0.872,2.7764,12.0233,0.0,0.0,0.659,-14.0173,0.3423,0.0978,-0.4474,0.0249,2.0488,-5.7898,0.3996,0.3221,0.872,0.0,107.1631
0.4671,-7.7885,0.0235,0.0674,0.1918,0.2656,0.3289,286723.12,0.6229,4.7787,12.5663,3.0,2.0,0.2909,-4.8512,0.2049,0.2153,-0.5554,0.0062,9.1009,-1.6298,0.281,0.2137,0.6229,0.0235,107.1246
0.6526,-10.9279,0.091,0.23,0.0019,0.3039,0.7446,203695.11,0.1252,3.3949,12.2244,1.0,1.0,0.0817,-1.3682,0.0932,0.0929,0.1048,0.0276,0.5421,-3.2189,0.307,0.2857,0.7446,0.0019,175.111
0.6522,-8.4901,0.0235,0.4048,0.0,0.0869,0.4835,272992.47,0.3249,4.5499,12.5172,3.0,2.0,0.2119,-2.7581,0.1571,0.0235,0.08,0.002,0.8005,-1.866,0.2822,0.2513,0.6522,0.0,73.9733
0.3958,-3.2908,0.1378,0.0,0.1098,0.0243,0.527,262890.7,0.7154,4.3815,12.4795,3.0,4.0,0.2832,-2.3542,0.377,0.2476,-0.7154,0.0033,711.5859,-0.7511,0.2729,0.2759,0.7154,0.0,111.3084
0.5921,-6.959,0.0761,0.2398,0.3035,0.0839,0.8547,205203.42,0.3831,3.4201,12.2318,1.0,2.0,0.2268,-2.6662,0.3274,0.3796,-0.1433,0.0064,1.591,-2.0347,0.3619,0.2809,0.8547,0.0761,125.8559
0.6191,-13.4096,0.036,0.1296,0.0,0.1719,0.0256,293960.2,0.4424,4.8993,12.5912,4.0,0.0,0.2739,-5.9324,0.0113,0.036,-0.3128,0.0062,3.387,-2.737,0.2035,0.2371,0.6191,0.0,159.2938
0.6748,-9.9343,0.0966,0.4329,0.4057,0.4426,0.7434,224851.1,0.0204,3.7475,12.3232,1.0,1.0,0.0138,-0.2027,0.0152,0.5023,0.4125,0.0428,0.047,-2.6509,0.4023,0.2685,0.7434,0.0204,124.8051
0.6382,-1.357,0.0864,0.2232,0.0681,0.0243,0.5267,310936.72,0.4205,5.1823,12.6473,4.0,4.0,0.2684,-0.5706,0.2214,0.1545,-0.1972,0.0021,1.8752,-0.2619,0.2839,0.2449,0.6382,0.0243,106.1005
0.4139,-8.8133,0.0235,0.1834,0.0,0.0845,0.0256,225191.98,0.4749,3.7532,12.3247,1.0,2.0,0.1966,-4.1851,0.0122,0.0235,-0.2915,0.002,2.5754,-2.3482,0.1723,0.1963,0.4749,0.0,97.4662
0.4425,-10.6414,0.112,0.2723,0.2713,0.0243,0.3931,211876.05,0.8969,3.5313,12.2638,1.0,1.0,0.3969,-9.5446,0.3526,0.3833,-0.6247,0.0027,3.2822,-3.0135,0.3446,0.2841,0.8969,0.0243,121.5323
0.7075,-9.392,0.1324,0.0,0.0,0.1589,0.7352,362352.34,0.6631,6.0392,12.8004,4.0,2.0,0.4691,-6.2275,0.4875,0.1324,-0.6631,0.021,659.5316,-1.5552,0.3425,0.3422,0.7352,0.0,117.4158
0.584,-13.7536,0.1247,0.0,0.0,0.0243,0.7814,282271.03,0.6949,4.7045,12.5506,3.0,0.0,0.4058,-9.5569,0.543,0.1247,-0.6949,0.003,691.162,-2.9235,0.3156,0.3543,0.7814,0.0,116.9977
0.6156,-7.0172,0.0235,0.185,0.0,0.3231,0.4569,217876.78,0.5114,3.6313,12.2917,1.0,2.0,0.3148,-3.5886,0.2337,0.0235,-0.3264,0.0076,2.7498,-1.9324,0.3022,0.2412,0.6156,0.0,83.5045
0.5478,-8.7127,0.0433,0.0,0.0555,0.0243,0.6569,213133.2,0.7064,3.5522,12.2697,1.0,2.0,0.387,-6.1547,0.4641,0.0988,-0.7064,0.0011,702.6339,-2.4528,0.2906,0.3279,0.7064,0.0,126.4834
0.8138,-7.0498,0.0235,0.011,0.0201,0.2088,0.5344,326932.66,0.9881,5.4489,12.6975,4.0,2.0,0.8041,-6.9661,0.5281,0.0436,-0.9772,0.0049,82.5847,-1.2938,0.3714,0.4089,0.9881,0.011,96.4301
0.5698,-1.357,0.0695,0.5925,0.0041,0.1206,0.625,287975.5,0.4158,4.7996,12.5706,3.0,4.0,0.2369,-0.5642,0.2599,0.0736,0.1767,0.0084,0.7006,-0.2827,0.3425,0.2701,0.625,0.0041,101.1731
0.7384,-10.9792,0.0235,0.2239,0.0661,0.1587,0.5977,177700.14,0.1238,2.9617,12.0879,0.0,1.0,0.0914,-1.3592,0.074,0.0896,0.1001,0.0037,0.5504,-3.7071,0.276,0.2783,0.7384,0.0235,147.8738
0.4628,-14.7916,0.0579,0.0782,0.0,0.1089,0.2789,236415.83,0.9988,3.9403,12.3734,2.0,0.0,0.4623,-14.7739,0.2786,0.0579,-0.9206,0.0063,12.6169,-3.754,0.2836,0.353,0.9988,0.0,127.5617
0.8485,-10.8937,0.0795,0.0919,0.1657,0.3008,0.978,293976.88,0.4525,4.8996,12.5913,4.0,1.0,0.384,-4.9298,0.4426,0.2453,-0.3606,0.0239,4.8701,-2.2234,0.4167,0.3648,0.978,0.0795,137.5099
0.975,-11.6178,0.0889,0.0868,0.23,0.264,0.6609,260242.8,0.3598,4.3374,12.4694,3.0,1.0,0.3508,-4.1801,0.2378,0.3189,-0.273,0.0235,4.0986,-2.6785,0.3808,0.3266,0.975,0.0868,154.9799
0.541,-13.0586,0.0888,0.0,0.2444,0.3089,0.0256,184538.45,0.5399,3.0756,12.1256,1.0,0.0,0.2921,-7.0499,0.0138,0.3332,-0.5399,0.0274,536.9884,-4.2458,0.2498,0.2277,0.541,0.0,122.5409
0.5395,-10.1858,0.0235,0.3363,0.0388,0.2984,0.4501,216849.1,0.6395,3.6142,12.287,1.0,1.0,0.345,-6.5135,0.2878,0.0623,-0.3032,0.007,1.8958,-2.8183,0.3323,0.2359,0.6395,0.0235,122.2468
0.4254,-1.357,0.0613,0.1518,0.1695,0.0243,0.267,174985.47,0.6985,2.9164,12.0725,0.0,4.0,0.2972,-0.9478,0.1865,0.2308,-0.5467,0.0015,4.5716,-0.4653,0.2568,0.2361,0.6985,0.0243,115.9894
0.5909,-1.357,0.0235,0.2426,0.0318,0.1139,0.2916,243477.4,0.8875,4.058,12.4028,2.0,4.0,0.5245,-1.2044,0.2588,0.0553,-0.6449,0.0027,3.6431,-0.3344,0.3117,0.3202,0.8875,0.0235,126.8752
0.3673,-12.849,0.0433,0.0,0.088,0.0243,0.6914,275699.4,0.847,4.595,12.5271,3.0,0.0,0.3111,-10.8831,0.5856,0.1313,-0.847,0.0011,842.4843,-2.7963,0.2945,0.3496,0.847,0.0,127.3632
0.409,-6.6643,0.0985,0.1046,0.1607,0.0243,0.6796,167593.33,0.8223,2.7932,12.0293,0.0,3.0,0.3363,-5.4798,0.5588,0.2592,-0.7176,0.0024,7.7847,-2.3859,0.3284,0.3155,0.8223,0.0243,106.272
0.8856,-1.357,0.0346,0.0,0.364,0.1823,0.6567,233346.94,0.6377,3.8891,12.3603,2.0,4.0,0.5647,-0.8653,0.4188,0.3986,-0.6377,0.0063,634.267,-0.3489,0.3944,0.3416,0.8856,0.0,80.8061
0.905,-4.7745,0.0329,0.0,0.3319,0.2308,0.3538,218949.98,0.4725,3.6492,12.2966,1.0,3.0,0.4276,-2.2558,0.1672,0.3648,-0.4725,0.0076,469.9478,-1.3084,0.3324,0.3051,0.905,0.0,155.6085
0.6488,-1.357,0.1077,0.7171,0.1748,0.0243,0.5728,344612.03,0.7789,5.7435,12.7502,4.0,4.0,0.5054,-1.0569,0.4461,0.2825,-0.0618,0.0026,1.0847,-0.2363,0.432,0.3178,0.7789,0.0243,128.4665
0.2839,-4.7179,0.0235,0.0,0.0713,0.0769,0.9181,202905.14,0.9962,3.3818,12.2205,1.0,3.0,0.2828,-4.7,0.9146,0.0948,-0.9962,0.0018,990.8889,-1.3951,0.3386,0.433,0.9962,0.0,98.0466
0.3448,-5.0297,0.1079,0.0,0.2816,0.1709,0.869,293567.72,0.9193,4.8928,12.5899,4.0,3.0,0.317,-4.624,0.7989,0.3896,-0.9193,0.0184,914.432,-1.028,0.3848,0.3658,0.9193,0.0,133.9468
0.7235,-3.038,0.0235,0.4538,0.3625,0.1459,0.7649,290633.84,0.2959,4.8439,12.5798,3.0,4.0,0.214,-0.8988,0.2263,0.386,0.1579,0.0034,0.6505,-0.6272,0.3957,0.2766,0.7649,0.0235,52.0404
0.975,-17.3043,0.1195,0.3619,0.0398,0.0243,0.1859,232049.45,0.8471,3.8675,12.3547,2.0,0.0,0.8259,-14.6579,0.1575,0.1593,-0.4852,0.0029,2.3341,-4.4743,0.3648,0.3913,0.975,0.0243,137.3572
0.6529,-5.0738,0.0235,0.0578,0.0,0.2168,0.6798,313988.62,0.7018,5.2331,12.6571,4.0,3.0,0.4582,-3.5608,0.4771,0.0235,-0.644,0.0051,11.9292,-0.9695,0.3332,0.3303,0.7018,0.0,133.9317
0.4736,-10.8841,0.0972,0.9126,0.155,0.1412,0.737,141877.6,0.0783,2.3646,11.8627,0.0,1.0,0.0371,-0.8526,0.0577,0.2521,0.8342,0.0137,0.0857,-4.6029,0.3707,0.341,0.9126,0.0783,148.5748
0.6446,-9.6568,0.0235,0.0,0.096,0.1165,0.2486,228409.66,0.6343,3.8068,12.3389,1.0,1.0,0.4089,-6.125,0.1577,0.1195,-0.6343,0.0027,630.8852,-2.5367,0.2519,0.2765,0.6446,0.0,91.4923
0.7228,-10.9175,0.0235,0.1248,0.1613,0.2276,0.0256,172428.28,0.7227,2.8738,12.0577,0.0,1.0,0.5223,-7.8897,0.0185,0.1848,-0.5979,0.0053,5.7451,-3.799,0.2869,0.3063,0.7228,0.0235,130.3533
0.8763,-1.357,0.0235,0.2812,0.0768,0.0901,0.2767,237076.42,0.6397,3.9513,12.3761,2.0,4.0,0.5605,-0.868,0.177,0.1003,-0.3585,0.0021,2.2666,-0.3434,0.3235,0.3201,0.8763,0.0235,112.8951
0.7319,-1.357,0.0544,0.0459,0.0681,0.0328,0.2637,245931.16,0.8231,4.0989,12.4128,2.0,4.0,0.6024,-1.117,0.2171,0.1225,-0.7772,0.0018,17.5445,-0.3311,0.2886,0.3442,0.8231,0.0328,128.5509
0.5983,-5.7378,0.0235,0.2549,0.039,0.0601,0.3835,275288.2,0.5937,4.5881,12.5256,3.0,3.0,0.3552,-3.4063,0.2277,0.0625,-0.3387,0.0014,2.3196,-1.2506,0.279,0.2527,0.5983,0.0235,150.9931
0.8987,-1.357,0.1203,0.2685,0.0,0.132,0.3838,258939.86,0.4556,4.3157,12.4644,3.0,4.0,0.4095,-0.6182,0.1749,0.1203,-0.1871,0.0159,1.6904,-0.3144,0.3227,0.2993,0.8987,0.0,134.4524
0.3776,-12.1725,0.0486,0.5527,0.2828,0.1168,0.3224,174969.73,0.2954,2.9162,12.0724,0.0,1.0,0.1115,-3.5958,0.0952,0.3314,0.2573,0.0057,0.5335,-4.1742,0.2852,0.1663,0.5527,0.0486,106.1005
0.736,-5.3339,0.0235,0.0586,0.0416,0.2028,0.2745,259823.47,0.7113,4.3304,12.4678,3.0,3.0,0.5235,-3.7938,0.1952,0.0651,-0.6527,0.0048,11.9428,-1.2317,0.2926,0.3084,0.736,0.0235,122.6763
0.3929,-1.357,0.0762,0.0,0.0028,0.2299,0.5025,281203.88,0.8839,4.6867,12.5468,3.0,4.0,0.3473,-1.1995,0.4442,0.079,-0.8839,0.0175,879.2207,-0.2895,0.2983,0.3225,0.8839,0.0,106.0747
0.5689,-15.5746,0.0821,0.2475,0.0,0.3079,0.5735,224224.11,0.5309,3.7371,12.3204,1.0,0.0,0.302,-8.268,0.3044,0.0821,-0.2833,0.0253,2.1359,-4.1676,0.3301,0.2361,0.5735,0.0,109.9821
0.975,-14.1517,0.1348,0.3959,0.0,0.2001,0.0256,221627.6,0.7535,3.6938,12.3088,1.0,0.0,0.7347,-10.6638,0.0193,0.1348,-0.3577,0.027,1.8987,-3.8312,0.355,0.3768,0.975,0.0,139.2104
0.5531,-10.7838,0.0235,0.0176,0.1012,0.0774,0.7668,148949.0,0.6962,2.4825,11.9114,0.0,1.0,0.385,-7.5077,0.5338,0.1247,-0.6786,0.0018,37.4361,-4.344,0.3194,0.337,0.7668,0.0176,131.1431
0.7537,-1.357,0.0235,0.0984,0.2087,0.2645,0.5296,203371.3,0.2468,3.3895,12.2228,1.0,4.0,0.186,-0.3349,0.1307,0.2322,-0.1484,0.0062,2.483,-0.4004,0.3036,0.2543,0.7537,0.0235,70.1946
0.5967,-14.1398,0.1708,0.0,0.2521,0.1279,0.2819,246856.5,0.7259,4.1143,12.4166,2.0,0.0,0.4331,-10.2636,0.2046,0.4229,-0.7259,0.0219,721.9968,-3.4368,0.3079,0.2607,0.7259,0.0,69.4334
0.4519,-3.4888,0.0235,0.0,0.0,0.1025,0.3799,295715.47,0.9867,4.9286,12.5972,4.0,4.0,0.4459,-3.4425,0.3748,0.0235,-0.9867,0.0024,981.4727,-0.7079,0.2778,0.3636,0.9867,0.0,177.823
0.4425,-8.4351,0.0235,0.2733,0.1498,0.0808,0.75,217103.97,0.4536,3.6184,12.2881,1.0,2.0,0.2007,-3.8262,0.3402,0.1733,-0.1803,0.0019,1.6535,-2.3312,0.3105,0.2561,0.75,0.0235,113.4626
0.3981,-9.5997,0.0481,0.2289,0.0,0.0986,0.509,282862.38,0.8271,4.7144,12.5527,3.0,1.0,0.3293,-7.9403,0.421,0.0481,-0.5982,0.0047,3.5977,-2.0363,0.3014,0.2973,0.8271,0.0,140.159
0.7178,-12.3812,0.1459,0.287,0.1216,0.141,0.7982,289750.84,0.1249,4.8292,12.5768,3.0,0.0,0.0897,-1.5468,0.0997,0.2675,0.1621,0.0206,0.4337,-2.5638,0.3338,0.2962,0.7982,0.1216,88.3299
0.5056,-14.5135,0.084,0.0,0.1169,0.2601,0.4591,250278.06,0.8693,4.1713,12.4303,2.0,0.0,0.4396,-12.6171,0.3991,0.2009,-0.8693,0.0218,864.6985,-3.4794,0.3278,0.305,0.8693,0.0,109.2874
0.975,-12.7978,0.1229,0.0732,0.1167,0.0818,0.978,238959.83,0.839,3.9827,12.3841,2.0,0.0,0.818,-10.7373,0.8205,0.2396,-0.7658,0.0101,11.3123,-3.2134,0.4552,0.4474,0.978,0.0732,100.9973
0.505,-13.866,0.102,0.2479,0.1067,0.1515,0.7714,173653.89,0.2097,2.8942,12.0648,0.0,0.0,0.1059,-2.9082,0.1618,0.2087,0.0381,0.0155,0.8428,-4.7909,0.2992,0.2496,0.7714,0.102,121.6311
0.4909,-8.9705,0.0235,0.014,0.0747,0.2981,0.3612,310940.97,0.6284,5.1823,12.6474,4.0,2.0,0.3085,-5.6371,0.227,0.0982,-0.6144,0.007,41.762,-1.731,0.2701,0.2418,0.6284,0.014,86.2898
0.8317,-13.0476,0.0235,0.593,0.0,0.2516,0.4416,182771.33,0.1591,3.0462,12.116,0.0,0.0,0.1323,-2.0754,0.0702,0.0235,0.434,0.0059,0.2678,-4.2832,0.3286,0.3086,0.8317,0.0,120.7028
0.5517,-13.7227,0.1728,0.1424,0.0,0.0868,0.6613,227100.39,0.2697,3.785,12.3332,1.0,0.0,0.1488,-3.7015,0.1784,0.1728,-0.1274,0.015,1.8813,-3.6256,0.2692,0.2465,0.6613,0.0,176.9204
0.6626,-23.0956,0.0923,0.0327,0.1273,0.0243,0.6344,204942.75,0.8673,3.4157,12.2305,1.0,0.0,0.5747,-20.0316,0.5502,0.2197,-0.8346,0.0022,25.7178,-6.7616,0.3487,0.358,0.8673,0.0243,75.7526
0.6346,-3.8238,0.0697,0.0678,0.0,0.1928,0.7437,310879.7,0.3836,5.1813,12.6472,4.0,4.0,0.2434,-1.4668,0.2853,0.0697,-0.3158,0.0134,5.575,-0.738,0.2989,0.2956,0.7437,0.0,135.6595
0.6513,-9.2633,0.0235,0.2937,0.2717,0.4588,0.7389,226864.48,0.1675,3.7811,12.3321,1.0,2.0,0.1091,-1.5513,0.1237,0.2952,0.1262,0.0108,0.5682,-2.4499,0.3722,0.2581,0.7389,0.0235,177.3811
0.6683,-5.248,0.0407,0.4429,0.0,0.0243,0.6229,280266.34,0.5409,4.6711,12.5435,3.0,3.0,0.3615,-2.8385,0.3369,0.0407,-0.098,0.001,1.2185,-1.1235,0.3343,0.3009,0.6683,0.0,117.0195
0.6444,-10.0685,0.06,0.7383,0.0686,0.2299,0.5928,144841.88,0.0371,2.414,11.8834,0.0,1.0,0.0239,-0.3739,0.022,0.1286,0.7012,0.0138,0.0502,-4.1708,0.3387,0.3085,0.7383,0.0371,117.5878
0.975,-6.4579,0.069,0.372,0.1047,0.0857,0.634,205203.42,0.1441,3.4201,12.2318,1.0,3.0,0.1405,-0.9304,0.0913,0.1738,0.2279,0.0059,0.3863,-1.8882,0.3406,0.347,0.975,0.069,103.5216
0.6958,-8.4518,0.0471,0.1908,0.2869,0.0788,0.32,321812.5,0.0298,5.3635,12.6817,4.0,2.0,0.0207,-0.2519,0.0095,0.334,0.161,0.0037,0.1554,-1.5758,0.2356,0.2331,0.6958,0.0298,159.347
0.5558,-7.8456,0.0235,0.0045,0.0,0.3013,0.4466,382988.56,0.9769,6.3831,12.8558,4.0,2.0,0.5429,-7.6641,0.4362,0.0235,-0.9724,0.0071,177.4996,-1.2291,0.3298,0.3635,0.9769,0.0,75.5353
0.5478,-17.9149,0.1078,0.6363,0.2737,0.385,0.7152,236968.95,0.0023,3.9495,12.3757,2.0,0.0,0.0012,-0.0406,0.0016,0.3815,0.634,0.0415,0.0036,-4.536,0.3811,0.269,0.7152,0.0023,157.5062
0.7827,-18.1636,0.0955,0.2528,0.0648,0.0888,0.8144,212835.97,0.0162,3.5473,12.2683,1.0,0.0,0.0127,-0.2943,0.0132,0.1603,0.2366,0.0085,0.0638,-5.1205,0.3022,0.3469,0.8144,0.0162,160.3126
0.6983,-5.2909,0.0839,0.5673,0.0649,0.2428,0.3849,209817.64,0.0229,3.497,12.254,1.0,3.0,0.016,-0.121,0.0088,0.1488,0.5444,0.0204,0.0402,-1.513,0.295,0.2643,0.6983,0.0229,126.263
0.6439,-3.5056,0.1217,0.369,0.0145,0.0243,0.2889,270383.2,0.5837,4.5064,12.5076,3.0,4.0,0.3759,-2.0463,0.1686,0.1362,-0.2147,0.003,1.5775,-0.7779,0.2923,0.2558,0.6439,0.0145,114.1055
0.581,-7.9879,0.0235,0.185,0.2401,0.2728,0.6227,228917.28,0.4028,3.8153,12.3411,1.0,2.0,0.234,-3.2175,0.2508,0.2636,-0.2178,0.0064,2.166,-2.0937,0.3326,0.2161,0.6227,0.0235,70.8051
0.7174,-17.4566,0.0235,0.1178,0.3628,0.0372,0.7691,264936.56,0.8888,4.4156,12.4872,3.0,0.0,0.6377,-15.5154,0.6835,0.3863,-0.771,0.0009,7.4815,-3.9534,0.4167,0.3716,0.8888,0.0235,124.4207
0.558,-10.3264,0.0477,0.287,0.079,0.1325,0.5876,183656.6,0.0393,3.0609,12.1208,1.0,1.0,0.0219,-0.4055,0.0231,0.1267,0.2478,0.0063,0.1363,-3.3736,0.2473,0.2376,0.5876,0.0393,123.9832
0.6424,-8.7666,0.1009,0.3364,0.161,0.308,0.3615,228438.27,0.2338,3.8073,12.339,1.0,2.0,0.1502,-2.0496,0.0845,0.2618,0.1026,0.0311,0.6928,-2.3026,0.3063,0.1758,0.6424,0.1009,148.698
0.747,-6.0994,0.0235,0.0,0.1606,0.4558,0.3395,321688.4,0.7134,5.3615,12.6813,4.0,3.0,0.5329,-4.3513,0.2422,0.1841,-0.7134,0.0107,709.5966,-1.1376,0.3486,0.3071,0.747,0.0,107.0558
0.4916,-7.2385,0.136,0.4889,0.0,0.086,0.978,287512.47,0.5164,4.7919,12.569,3.0,2.0,0.2539,-3.7379,0.505,0.136,-0.0275,0.0117,1.0541,-1.5106,0.3853,0.3393,0.978,0.0,112.3599
0.4723,-9.2427,0.1148,0.3738,0.37,0.0243,0.7116,326976.5,0.8237,5.4496,12.6976,4.0,2.0,0.389,-7.6129,0.5862,0.4849,-0.4499,0.0028,2.1975,-1.696,0.4129,0.29,0.8237,0.0243,90.7363
0.7731,-3.9535,0.0235,0.5422,0.0984,0.2174,0.3865,230988.06,0.5064,3.8498,12.3501,2.0,4.0,0.3915,-2.0021,0.1957,0.1219,0.0358,0.0051,0.9323,-1.0269,0.3639,0.267,0.7731,0.0235,123.4932
0.5315,-6.4569,0.1327,0.6025,0.0,0.3495,0.6857,205247.28,0.0976,3.4208,12.232,1.0,3.0,0.0519,-0.6302,0.0669,0.1327,0.5049,0.0464,0.1617,-1.8876,0.3428,0.2716,0.6857,0.0,133.1913
0.7399,-11.9477,0.0959,0.4619,0.0967,0.3501,0.6067,249844.89,0.0565,4.1641,12.4286,2.0,1.0,0.0418,-0.6746,0.0343,0.1926,0.4055,0.0336,0.122,-2.8692,0.344,0.2724,0.7399,0.0565,161.291
0.3869,-7.5272,0.0976,0.161,0.1811,0.0355,0.5918,256797.67,0.9577,4.28,12.456,2.0,2.0,0.3705,-7.2085,0.5667,0.2787,-0.7967,0.0035,5.9124,-1.7587,0.3445,0.3306,0.9577,0.0355,101.0743
0.5344,-1.357,0.1397,0.6404,0.0,0.0327,0.5549,142473.17,0.3259,2.3746,11.8669,0.0,4.0,0.1741,-0.4422,0.1808,0.1397,0.3146,0.0046,0.508,-0.5715,0.3183,0.265,0.6404,0.0,97.2349
0.5419,-7.2989,0.0874,0.995,0.0313,0.114,0.5695,363375.7,0.1336,6.0563,12.8032,4.0,2.0,0.0724,-0.9751,0.0761,0.1187,0.8614,0.01,0.1341,-1.2052,0.3532,0.3592,0.995,0.0313,167.9
0.5579,-12.1218,0.1273,0.2733,0.0033,0.4446,0.6034,235946.67,0.0996,3.9324,12.3714,2.0,1.0,0.0556,-1.2073,0.0601,0.1306,0.1737,0.0566,0.3631,-3.0825,0.3014,0.2374,0.6034,0.0033,138.8995
0.634,-6.9919,0.1146,0.4576,0.0,0.0243,0.5981,179823.97,0.3788,2.9971,12.0997,0.0,2.0,0.2401,-2.6485,0.2266,0.1146,0.0788,0.0028,0.8261,-2.3329,0.3153,0.2678,0.634,0.0,83.9304
0.6097,-16.3081,0.0494,0.1547,0.0866,0.3658,0.2761,152298.9,0.5393,2.5383,11.9336,0.0,0.0,0.3288,-8.7955,0.1489,0.136,-0.3847,0.0181,3.4648,-6.4248,0.2974,0.2189,0.6097,0.0494,126.6726
0.5229,-7.0387,0.0235,0.0,0.0,0.3725,0.6106,202932.0,0.6995,3.3822,12.2206,1.0,2.0,0.3658,-4.9233,0.4271,0.0235,-0.6995,0.0088,695.7375,-2.0811,0.3184,0.3069,0.6995,0.0,81.6248
0.6381,-14.3906,0.0235,0.2837,0.068,0.1206,0.7559,208071.72,0.1859,3.4679,12.2456,1.0,0.0,0.1186,-2.6757,0.1405,0.0915,0.0977,0.0028,0.6532,-4.1497,0.2965,0.288,0.7559,0.0235,91.9901
0.7722,-14.5212,0.0526,0.2224,0.0818,0.0243,0.4199,217379.78,0.4689,3.623,12.2894,1.0,0.0,0.3621,-6.8085,0.1969,0.1344,-0.2465,0.0013,2.0988,-4.0081,0.2917,0.2758,0.7722,0.0243,188.0249
0.9083,-7.247,0.0235,0.3099,0.0,0.2989,0.4579,337815.16,0.4348,5.6303,12.7303,4.0,2.0,0.3949,-3.151,0.1991,0.0235,-0.1249,0.007,1.3983,-1.2872,0.3476,0.3065,0.9083,0.0,121.0489
0.6071,-9.4521,0.056,0.4839,0.0,0.3099,0.7089,354555.8,0.0888,5.9093,12.7786,4.0,2.0,0.0539,-0.8393,0.0629,0.056,0.3951,0.0174,0.1831,-1.5995,0.3221,0.2846,0.7089,0.0,142.9409
0.975,-11.997,0.0235,0.5398,0.0,0.321,0.6044,171895.64,0.0545,2.8649,12.0546,0.0,1.0,0.0531,-0.6534,0.0329,0.0235,0.4853,0.0075,0.1007,-4.1875,0.3597,0.367,0.975,0.0,127.2916
0.623,-8.5514,0.0838,0.449,0.3916,0.1929,0.3902,166696.9,0.7881,2.7783,12.0239,0.0,2.0,0.491,-6.7396,0.3075,0.4754,-0.3392,0.0162,1.7515,-3.0779,0.4169,0.2394,0.7881,0.0838,126.5977
0.8829,-8.1209,0.0235,0.0,0.2754,0.2989,0.4154,172859.78,0.6979,2.881,12.0602,0.0,2.0,0.6162,-5.6673,0.2899,0.2989,-0.6979,0.007,694.146,-2.8188,0.3706,0.3275,0.8829,0.0,143.7195
0.3812,-8.0937,0.0235,0.0,0.0,0.2858,0.4937,226992.81,0.9365,3.7832,12.3327,1.0,2.0,0.357,-7.5795,0.4623,0.0235,-0.9365,0.0067,931.4739,-2.1394,0.303,0.343,0.9365,0.0,79.0013
0.8483,-5.398,0.0929,0.0,0.0,0.1848,0.4734,225652.58,0.8163,3.7609,12.3268,1.0,3.0,0.6924,-4.4064,0.3865,0.0929,-0.8163,0.0172,811.9546,-1.4353,0.3451,0.3695,0.8483,0.0,145.0514
0.4985,-1.357,0.0235,0.0,0.3973,0.217,0.9392,204418.34,0.6581,3.407,12.2279,1.0,4.0,0.3281,-0.893,0.6181,0.4208,-0.6581,0.0051,654.5582,-0.3983,0.3905,0.342,0.9392,0.0,97.1232
0.975,-3.924,0.0235,0.0306,0.0,0.3359,0.625,344847.28,0.8181,5.7475,12.7509,4.0,4.0,0.7977,-3.2103,0.5113,0.0235,-0.7875,0.0079,25.8615,-0.6827,0.4012,0.4079,0.975,0.0,133.3474
0.5593,-9.4573,0.097,0.5697,0.1648,0.34,0.4599,309865.94,0.1607,5.1644,12.6439,4.0,2.0,0.0899,-1.5201,0.0739,0.2619,0.409,0.033,0.2816,-1.8312,0.3359,0.1987,0.5697,0.097,86.4852
0.8261,-8.9138,0.0546,0.0906,0.0693,0.1447,0.653,246621.55,0.2939,4.1104,12.4156,2.0,2.0,0.2428,-2.6195,0.1919,0.1239,-0.2033,0.0079,3.2092,-2.1686,0.3046,0.3116,0.8261,0.0546,103.1515
0.639,-8.1454,0.0771,0.1445,0.082,0.1397,0.3745,324530.22,0.1777,5.4088,12.6901,4.0,2.0,0.1136,-1.4477,0.0666,0.1591,-0.0332,0.0108,1.2212,-1.5059,0.2335,0.2048,0.639,0.0771,107.2741
0.7718,-12.0708,0.0492,0.607,0.0701,0.2379,0.3138,226179.08,0.0151,3.7697,12.3291,1.0,1.0,0.0116,-0.1819,0.0047,0.1193,0.592,0.0117,0.0248,-3.2021,0.295,0.2937,0.7718,0.0151,111.9867
0.5471,-9.9966,0.0588,0.0434,0.0,0.2402,0.695,314749.84,0.4778,5.2458,12.6595,4.0,1.0,0.2614,-4.7764,0.3321,0.0588,-0.4344,0.0141,10.7541,-1.9056,0.2946,0.2787,0.695,0.0,137.111
0.7318,-12.7908,0.1019,0.454,0.0,0.0535,0.0489,259815.19,0.6785,4.3303,12.4677,3.0,0.0,0.4965,-8.6781,0.0332,0.1019,-0.2244,0.0054,1.4911,-2.9538,0.2955,0.3179,0.7318,0.0,151.3656
0.3567,-14.9799,0.119,0.2812,0.0,0.2579,0.3849,167928.02,0.2722,2.7988,12.0313,0.0,0.0,0.0971,-4.0775,0.1048,0.119,0.009,0.0307,0.9647,-5.3522,0.2389,0.1353,0.3849,0.0,121.5093
0.6445,-4.1839,0.1489,0.489,0.0644,0.1841,0.0256,292359.9,0.1729,4.8727,12.5857,4.0,3.0,0.1114,-0.7233,0.0044,0.2134,0.3161,0.0274,0.3528,-0.8586,0.247,0.2302,0.6445,0.0256,64.6431
0.4034,-12.4511,0.0623,0.0684,0.1621,0.1619,0.7445,280125.3,0.7533,4.6688,12.543,3.0,0.0,0.3039,-9.379,0.5608,0.2244,-0.6848,0.0101,10.8502,-2.6669,0.3366,0.3035,0.7533,0.0623,104.7784
0.8489,-1.6699,0.0235,0.995,0.1605,0.3818,0.4028,233190.89,0.5605,3.8865,12.3596,2.0,4.0,0.4758,-0.9359,0.2258,0.184,0.4345,0.009,0.5627,-0.4297,0.4819,0.3497,0.995,0.0235,126.8319
0.5691,-11.4735,0.1069,0.2095,0.0106,0.0243,0.7497,257908.38,0.7237,4.2985,12.4604,2.0,1.0,0.4119,-8.303,0.5425,0.1175,-0.5142,0.0026,3.4378,-2.6692,0.342,0.3284,0.7497,0.0106,126.4491
0.5866,-6.4525,0.0434,0.2445,0.075,0.0889,0.4498,186462.62,0.948,3.1077,12.136,1.0,3.0,0.5561,-6.117,0.4264,0.1184,-0.7035,0.0039,3.8619,-2.0763,0.348,0.3348,0.948,0.0434,93.2915
0.8249,-9.4669,0.2034,0.1369,0.0295,0.0243,0.2628,152383.64,0.9781,2.5397,11.9342,0.0,2.0,0.8068,-9.2593,0.2571,0.2329,-0.8412,0.0049,7.0926,-3.7275,0.3514,0.388,0.9781,0.0243,130.8471
0.6526,-10.0868,0.056,0.3365,0.0868,0.0243,0.6938,240113.72,0.7647,4.0019,12.3889,2.0,1.0,0.499,-7.713,0.5305,0.1428,-0.4282,0.0014,2.2658,-2.5205,0.3735,0.3266,0.7647,0.0243,137.2892
0.7346,-3.5365,0.0461,0.0693,0.0,0.0243,0.4867,304720.72,0.2825,5.0787,12.6272,4.0,4.0,0.2075,-0.9989,0.1375,0.0461,-0.2132,0.0011,4.0187,-0.6963,0.2348,0.2822,0.7346,0.0,196.5414
0.4936,-3.6866,0.103,0.2377,0.3849,0.0243,0.7717,270012.7,0.9976,4.5002,12.5062,3.0,4.0,0.4925,-3.6778,0.7699,0.488,-0.7599,0.0025,4.1789,-0.8192,0.4304,0.3544,0.9976,0.0243,162.9435
0.3297,-4.3951,0.0658,0.4826,0.1379,0.042,0.978,260842.47,0.8899,4.3474,12.4717,3.0,3.0,0.2934,-3.911,0.8703,0.2037,-0.4072,0.0028,1.84,-1.011,0.418,0.3856,0.978,0.042,112.6052
0.3898,-8.5433,0.0774,0.0,0.0,0.0243,0.5422,122922.41,0.6341,2.0487,11.7193,0.0,2.0,0.2472,-5.4176,0.3438,0.0774,-0.6341,0.0019,630.7525,-4.1701,0.2383,0.2761,0.6341,0.0,93.7117
0.3346,-9.9837,0.0911,0.0,0.2735,0.1295,0.652,227496.5,0.4658,3.7916,12.3349,1.0,1.0,0.1559,-4.6504,0.3037,0.3646,-0.4658,0.0118,463.3166,-2.6331,0.2781,0.2283,0.652,0.0,143.6913
0.5823,-7.6799,0.0929,0.5916,0.0992,0.1366,0.4466,278071.4,0.3527,4.6345,12.5356,3.0,2.0,0.2054,-2.7084,0.1575,0.1921,0.239,0.0127,0.5951,-1.6571,0.3289,0.221,0.5916,0.0929,136.6962
0.5663,-7.5663,0.0989,0.0694,0.3744,0.0243,0.6447,270748.78,0.6383,4.5125,12.509,3.0,2.0,0.3615,-4.8293,0.4115,0.4733,-0.5688,0.0024,9.0608,-1.6768,0.3452,0.2784,0.6447,0.0243,98.5764
0.6767,-11.1517,0.0888,0.8577,0.1359,0.0243,0.4968,162812.28,0.5289,2.7135,12.0004,0.0,1.0,0.3579,-5.8977,0.2627,0.2247,0.3288,0.0022,0.6159,-4.1096,0.4013,0.3214,0.8577,0.0243,114.0674
0.6334,-1.357,0.0235,0.0779,0.2027,0.0569,0.0256,166826.88,0.6855,2.7804,12.0247,0.0,4.0,0.4342,-0.9303,0.0175,0.2262,-0.6076,0.0013,8.6901,-0.4881,0.2437,0.2908,0.6855,0.0235,116.7524
0.4736,-11.7549,0.1556,0.1869,0.3514,0.3247,0.6978,160545.98,0.2499,2.6758,11.9863,0.0,1.0,0.1183,-2.9372,0.1744,0.507,-0.063,0.0505,1.3297,-4.3931,0.3486,0.1877,0.6978,0.1556,190.2779
0.6922,-8.9656,0.0476,0.1906,0.1624,0.1379,0.978,221804.23,0.5098,3.6967,12.3096,1.0,2.0,0.3529,-4.5706,0.4986,0.21,-0.3192,0.0066,2.6613,-2.4253,0.3883,0.3473,0.978,0.0476,140.0751
0.6966,-5.1789,0.0235,0.0796,0.2635,0.152,0.4609,258840.9,0.5119,4.314,12.464,2.0,3.0,0.3566,-2.6509,0.2359,0.287,-0.4323,0.0036,6.35,-1.2005,0.3126,0.2501,0.6966,0.0235,122.2864
0.5785,-8.0996,0.0235,0.0983,0.2314,0.307,0.566,213960.97,0.5135,3.566,12.2736,1.0,2.0,0.2971,-4.1589,0.2906,0.2549,-0.4152,0.0072,5.173,-2.2713,0.3312,0.2269,0.5785,0.0235,125.7413
0.4487,-11.8693,0.0235,0.1897,0.4445,0.1357,0.6523,229068.8,0.4572,3.8178,12.3418,1.0,1.0,0.2052,-5.4266,0.2982,0.468,-0.2675,0.0032,2.3969,-3.1089,0.336,0.223,0.6523,0.0235,107.2297
0.6396,-2.8801,0.1519,0.7381,0.0705,0.1639,0.6867,136773.83,0.4962,2.2796,11.8261,0.0,4.0,0.3174,-1.4291,0.3408,0.2225,0.2419,0.0249,0.6713,-1.2634,0.421,0.2846,0.7381,0.0705,154.2922
0.6367,-11.1423,0.2083,0.5513,0.1313,0.0243,0.5048,253468.5,0.8271,4.2245,12.443,2.0,1.0,0.5266,-9.2162,0.4176,0.3396,-0.2758,0.0051,1.4975,-2.6376,0.412,0.2948,0.8271,0.0243,87.6605
0.6427,-14.686,0.0235,0.0017,0.2579,0.2977,0.7189,255852.34,0.8487,4.2642,12.4524,2.0,0.0,0.5454,-12.4635,0.6101,0.2814,-0.847,0.007,320.1812,-3.444,0.3987,0.3398,0.8487,0.0017,166.7102
0.5717,-5.9841,0.0767,0.1481,0.0,0.0859,0.4133,174864.1,0.1825,2.9144,12.0718,0.0,3.0,0.1043,-1.0919,0.0754,0.0767,-0.0344,0.0066,1.2239,-2.0533,0.2112,0.2058,0.5717,0.0,130.3881
0.5576,-12.8126,0.147,0.2225,0.0198,0.2368,0.3669,153632.05,0.5094,2.5605,11.9423,0.0,0.0,0.2841,-6.5267,0.1869,0.1667,-0.2869,0.0348,2.2792,-5.0039,0.2943,0.1943,0.5576,0.0198,138.6141
0.7338,-7.1612,0.0235,0.0,0.0,0.3215,0.6222,220350.92,0.6378,3.6725,12.303,1.0,2.0,0.468,-4.5674,0.3968,0.0235,-0.6378,0.0076,634.3996,-1.9499,0.3341,0.3304,0.7338,0.0,97.3598
0.7461,-15.3036,0.1469,0.8654,0.0534,0.0243,0.6139,276053.2,0.2713,4.6009,12.5284,3.0,0.0,0.2024,-4.1513,0.1665,0.2003,0.5942,0.0036,0.3131,-3.3262,0.3887,0.3472,0.8654,0.0243,141.1555
0.8269,-12.5674,0.0535,0.2056,0.0,0.1329,0.6814,261615.52,0.3279,4.3603,12.4746,3.0,0.0,0.2711,-4.1204,0.2234,0.0535,-0.1223,0.0071,1.5871,-2.8823,0.3183,0.3186,0.8269,0.0,124.8878
0.5965,-5.5578,0.0235,0.2615,0.0768,0.2689,0.5069,211433.39,0.3844,3.5239,12.2617,1.0,3.0,0.2293,-2.1364,0.1949,0.1003,-0.1229,0.0063,1.4644,-1.5772,0.3026,0.2108,0.5965,0.0235,107.817
0.4768,-1.357,0.0911,0.5259,0.0,0.1642,0.8284,273903.56,0.4969,4.5651,12.5205,3.0,4.0,0.2369,-0.6743,0.4116,0.0911,0.029,0.015,0.9431,-0.2973,0.3691,0.2941,0.8284,0.0,87.4794
0.593,-15.9089,0.0537,0.3776,0.2066,0.0243,0.8563,142664.97,0.7839,2.3777,11.8683,0.0,0.0,0.4648,-12.4704,0.6712,0.2604,-0.4062,0.0013,2.0702,-6.6907,0.4136,0.3392,0.8563,0.0243,112.1312
0.4734,-17.6768,0.0549,0.0,0.0,0.2135,0.4954,93484.67,0.3745,1.5581,11.4456,0.0,0.0,0.1773,-6.6194,0.1855,0.0549,-0.3745,0.0117,372.4702,-11.3453,0.2302,0.2188,0.4954,0.0,96.4245
0.4036,-10.6746,0.1837,0.4767,0.2726,0.0944,0.978,251218.66,0.0745,4.187,12.4341,2.0,1.0,0.0301,-0.7949,0.0728,0.4563,0.4022,0.0173,0.1559,-2.5495,0.3548,0.3131,0.978,0.0745,85.1583
0.5946,-6.67,0.0235,0.2728,0.0027,0.0853,0.8296,139439.25,0.6932,2.324,11.8454,0.0,3.0,0.4122,-4.6237,0.5751,0.0262,-0.4204,0.002,2.5319,-2.8701,0.3574,0.3441,0.8296,0.0027,128.3842
0.5272,-8.9768,0.0257,0.0,0.0,0.1712,0.3268,297539.12,0.7789,4.959,12.6033,4.0,2.0,0.4106,-6.9917,0.2545,0.0257,-0.7789,0.0044,774.7142,-1.8102,0.2614,0.3008,0.7789,0.0,143.0159
0.6381,-8.2977,0.0958,0.4133,0.1209,0.2901,0.4929,253845.86,0.4919,4.2308,12.4445,2.0,2.0,0.3139,-4.0819,0.2425,0.2168,-0.0786,0.0278,1.1873,-1.9613,0.3633,0.2029,0.6381,0.0958,116.9522
0.4476,-4.4525,0.0235,0.0981,0.0731,0.2594,0.7067,283518.22,0.7868,4.7253,12.555,3.0,3.0,0.3521,-3.5033,0.556,0.0966,-0.6887,0.0061,7.9396,-0.9423,0.3422,0.3115,0.7868,0.0235,165.6366
0.585,-7.0564,0.0558,0.1145,0.0,0.1611,0.5539,252801.44,0.4874,4.2134,12.4404,2.0,2.0,0.2851,-3.4393,0.27,0.0558,-0.3729,0.009,4.2211,-1.6748,0.2797,0.2521,0.585,0.0,161.1581
0.9123,-18.8976,0.0235,0.5075,0.0,0.203,0.5829,306653.28,0.1395,5.1109,12.6335,4.0,0.0,0.1272,-2.6356,0.0813,0.0235,0.368,0.0048,0.2743,-3.6975,0.3384,0.339,0.9123,0.0,99.3937
0.656,-5.3196,0.0975,0.2576,0.0,0.0243,0.6115,184973.42,0.7596,3.0829,12.128,1.0,3.0,0.4983,-4.0408,0.4645,0.0975,-0.502,0.0024,2.9377,-1.7255,0.3438,0.3241,0.7596,0.0,54.0536
0.5908,-1.357,0.1761,0.2695,0.0,0.1608,0.6642,301847.25,0.6119,5.0308,12.6177,4.0,4.0,0.3615,-0.8303,0.4064,0.1761,-0.3423,0.0283,2.2617,-0.2697,0.3533,0.2646,0.6642,0.0,126.8788
0.6738,-9.1668,0.0828,0.0,0.2421,0.1409,0.6677,218535.53,0.7959,3.6423,12.2947,1.0,2.0,0.5363,-7.2961,0.5315,0.3249,-0.7959,0.0117,791.6899,-2.5168,0.3719,0.3293,0.7959,0.0,83.9866
0.7973,-8.8793,0.0858,0.0624,0.2405,0.2249,0.7995,235566.05,0.4417,3.9261,12.3698,2.0,2.0,0.3522,-3.9217,0.3531,0.3263,-0.3793,0.0193,6.9666,-2.2616,0.3789,0.3122,0.7995,0.0624,137.6396
0.5926,-1.357,0.0235,0.0,0.0,0.0865,0.7823,267714.4,0.5905,4.4619,12.4977,3.0,4.0,0.3499,-0.8013,0.462,0.0235,-0.5905,0.002,587.3186,-0.3041,0.2965,0.3427,0.7823,0.0,148.3676
0.813,-3.9083,0.1012,0.6209,0.0989,0.1229,0.288,243584.11,0.7321,4.0597,12.4032,2.0,4.0,0.5952,-2.8614,0.2108,0.2001,-0.1112,0.0124,1.1772,-0.9627,0.3967,0.3159,0.813,0.0989,95.4874
0.8357,-1.357,0.1216,0.8132,0.0372,0.1866,0.2761,287844.7,0.3282,4.7974,12.5702,3.0,4.0,0.2743,-0.4454,0.0906,0.1588,0.485,0.0227,0.4031,-0.2829,0.3712,0.324,0.8357,0.0372,132.5666
0.8163,-8.5636,0.1486,0.0,0.0219,0.3116,0.8356,246797.62,0.4799,4.1133,12.4163,2.0,2.0,0.3917,-4.1094,0.401,0.1705,-0.4799,0.0463,477.3083,-2.0819,0.3734,0.3508,0.8356,0.0,130.712
0.9269,-9.9679,0.181,0.1286,0.2589,0.1261,0.9181,204064.06,0.5827,3.4011,12.2262,1.0,1.0,0.5401,-5.808,0.535,0.44,-0.4541,0.0228,4.497,-2.9308,0.446,0.3608,0.9269,0.1261,154.2437
0.6368,-4.8901,0.1709,0.0555,0.0793,0.0243,0.5691,257988.3,0.6616,4.2998,12.4607,2.0,3.0,0.4213,-3.2353,0.3765,0.2502,-0.6061,0.0042,11.7147,-1.1373,0.3139,0.2934,0.6616,0.0243,109.7799
0.5681,-11.1829,0.0837,0.2434,0.2288,0.1425,0.3628,182322.62,0.8263,3.0387,12.1135,0.0,1.0,0.4694,-9.24,0.2998,0.3125,-0.5829,0.0119,3.3806,-3.6801,0.3508,0.2628,0.8263,0.0837,93.2761
0.4312,-5.9879,0.1103,0.2089,0.0,0.3375,0.6809,224832.81,0.5164,3.7472,12.3231,1.0,3.0,0.2227,-3.0921,0.3516,0.1103,-0.3075,0.0372,2.4605,-1.598,0.3265,0.238,0.6809,0.0,98.3518
0.5692,-1.357,0.1086,0.857,0.366,0.087,0.8379,63973.0,0.5721,1.0662,11.0662,0.0,4.0,0.3257,-0.7764,0.4794,0.4746,0.2849,0.0095,0.6668,-1.2727,0.4854,0.314,0.857,0.087,146.3078
0.8925,-3.3383,0.0914,0.1757,0.1928,0.1117,0.6191,231168.72,0.5271,3.8528,12.3509,2.0,4.0,0.4705,-1.7597,0.3263,0.2843,-0.3514,0.0102,2.9828,-0.8665,0.3729,0.3091,0.8925,0.0914,81.2256
0.7883,-12.7579,0.1228,0.0,0.0,0.2236,0.3558,179863.9,0.7575,2.9977,12.1,0.0,0.0,0.5971,-9.6637,0.2695,0.1228,-0.7575,0.0275,753.4283,-4.2559,0.3211,0.3329,0.7883,0.0,81.5022
0.8431,-11.1829,0.0235,0.2037,0.0391,0.0748,0.6819,212922.03,0.1489,3.5487,12.2687,1.0,1.0,0.1255,-1.6648,0.1015,0.0626,0.0549,0.0018,0.7271,-3.1513,0.2878,0.3335,0.8431,0.0235,95.337
0.5929,-8.3777,0.1089,0.27,0.3689,0.0243,0.2705,340872.25,0.4248,5.6812,12.7393,4.0,2.0,0.2518,-3.5589,0.1149,0.4778,-0.1548,0.0026,1.5673,-1.4746,0.2943,0.1916,0.5929,0.0243,117.4325
0.6228,-7.5911,0.0244,0.0,0.2598,0.3158,0.2615,209067.78,0.8087,3.4845,12.2504,1.0,2.0,0.5036,-6.1391,0.2115,0.2842,-0.8087,0.0077,804.4216,-2.1785,0.3276,0.2964,0.8087,0.0,137.7189
0.4601,-4.7823,0.1537,0.3906,0.0,0.1046,0.0256,184887.17,0.8616,3.0815,12.1275,1.0,3.0,0.3964,-4.1205,0.0221,0.1537,-0.471,0.0161,2.2,-1.552,0.2852,0.3089,0.8616,0.0,162.9216
0.5641,-4.9389,0.0235,0.2037,0.1117,0.0751,0.5945,212433.72,0.4065,3.5406,12.2664,1.0,3.0,0.2293,-2.0075,0.2416,0.1352,-0.2027,0.0018,1.9852,-1.395,0.2827,0.2372,0.5945,0.0235,116.5596
0.6377,-6.6429,0.1607,0.3095,0.0745,0.3235,0.0256,284876.88,0.5389,4.7479,12.5598,3.0,3.0,0.3436,-3.5796,0.0138,0.2352,-0.2294,0.052,1.7355,-1.3991,0.2958,0.2299,0.6377,0.0256,96.0932
0.4134,-15.0377,0.155,0.3254,0.0,0.2912,0.978,172071.12,0.9393,2.8679,12.0557,0.0,0.0,0.3883,-14.1254,0.9187,0.155,-0.6139,0.0452,2.8776,-5.2435,0.4432,0.3763,0.978,0.0,94.5262
0.5889,-1.357,0.0774,0.2933,0.1089,0.1636,0.6404,154071.98,0.6069,2.5679,11.9452,0.0,4.0,0.3574,-0.8235,0.3887,0.1863,-0.3135,0.0127,2.0618,-0.5285,0.3542,0.2509,0.6404,0.0774,84.42
0.975,-3.9874,0.098,0.8273,0.2729,0.1313,0.8178,247958.27,0.0249,4.1326,12.421,2.0,3.0,0.0242,-0.0992,0.0203,0.3709,0.8024,0.0129,0.03,-0.9649,0.4496,0.4064,0.975,0.0249,111.0928
0.7397,-13.795,0.1458,0.3645,0.2769,0.0243,0.571,317959.38,0.3089,5.2993,12.6697,4.0,0.0,0.2285,-4.2608,0.1764,0.4227,0.0556,0.0035,0.8451,-2.6032,0.3473,0.2435,0.7397,0.0243,127.2916
0.6078,-10.1536,0.1167,0.0,0.0,0.1369,0.5413,176053.98,0.6648,2.9342,12.0786,0.0,1.0,0.404,-6.7501,0.3598,0.1167,-0.6648,0.016,661.2557,-3.4604,0.2954,0.2961,0.6648,0.0,103.977
0.7067,-15.4481,0.0736,0.5397,0.0,0.0243,0.4028,276094.8,0.6365,4.6016,12.5285,3.0,0.0,0.4498,-9.8332,0.2564,0.0736,-0.0969,0.0018,1.1773,-3.3571,0.3405,0.3034,0.7067,0.0,143.321
0.7648,-2.0676,0.1919,0.0694,0.0,0.0918,0.35,255939.02,0.8925,4.2657,12.4527,2.0,4.0,0.6826,-1.8453,0.3123,0.1919,-0.823,0.0176,12.6733,-0.4847,0.3372,0.3554,0.8925,0.0,137.136
0.5395,-14.7702,0.0235,0.3571,0.0969,0.4929,0.7166,164915.92,0.0355,2.7486,12.0132,0.0,0.0,0.0191,-0.5238,0.0254,0.1204,0.3216,0.0116,0.0991,-5.3737,0.3231,0.2755,0.7166,0.0235,132.7542
0.6668,-13.4076,0.0235,0.1605,0.0466,0.2044,0.6816,206798.3,0.2959,3.4466,12.2395,1.0,0.0,0.1973,-3.9668,0.2017,0.0701,-0.1354,0.0048,1.8318,-3.89,0.297,0.2737,0.6816,0.0235,157.3958
0.8184,-5.6199,0.0552,0.164,0.2331,0.1389,0.4437,326511.4,0.4837,5.4419,12.6962,4.0,3.0,0.3958,-2.7182,0.2146,0.2883,-0.3196,0.0077,2.9307,-1.0327,0.3339,0.2658,0.8184,0.0552,142.6639
0.6577,-4.1719,0.0695,0.0,0.0,0.1718,0.5692,271294.44,0.5164,4.5216,12.511,3.0,3.0,0.3397,-2.1544,0.2939,0.0695,-0.5164,0.0119,513.6468,-0.9227,0.2835,0.2872,0.6577,0.0,77.3179
0.5558,-8.9146,0.1191,0.1247,0.0754,0.0399,0.3699,285049.53,0.7233,4.7508,12.5604,3.0,2.0,0.402,-6.4476,0.2675,0.1945,-0.5985,0.0048,5.7524,-1.8764,0.2869,0.2676,0.7233,0.0399,111.0856
0.6244,-11.8291,0.0235,0.0,0.1737,0.3037,0.4818,237079.66,0.2679,3.9513,12.3762,2.0,1.0,0.1673,-3.1694,0.1291,0.1972,-0.2679,0.0071,266.5048,-2.9937,0.2679,0.229,0.6244,0.0,108.8273
0.5401,-3.8144,0.0235,0.0544,0.0031,0.105,0.3519,337977.12,0.9051,5.633,12.7307,4.0,4.0,0.4889,-3.4523,0.3185,0.0266,-0.8506,0.0025,16.3272,-0.6772,0.2833,0.3385,0.9051,0.0031,135.8988
0.4109,-6.0494,0.0577,0.2664,0.1118,0.0243,0.7802,166895.17,0.6265,2.7816,12.0251,0.0,3.0,0.2574,-3.7898,0.4888,0.1695,-0.36,0.0014,2.3426,-2.1748,0.3254,0.2933,0.7802,0.0243,96.0733
0.5989,-11.2199,0.0698,0.512,0.0221,0.4566,0.7827,240441.55,0.0019,4.0074,12.3902,2.0,1.0,0.0011,-0.0209,0.0015,0.0919,0.5102,0.0319,0.0036,-2.7998,0.3491,0.3146,0.7827,0.0019,71.3886
0.4991,-6.4557,0.0637,0.2833,0.0,0.0243,0.2676,282077.62,0.9955,4.7013,12.5499,3.0,3.0,0.4969,-6.4265,0.2663,0.0637,-0.7121,0.0015,3.5012,-1.3732,0.3048,0.3527,0.9955,0.0,82.2415
0.687,-10.7512,0.1301,0.2588,0.4566,0.0243,0.7234,372500.47,0.3169,6.2083,12.828,4.0,1.0,0.2177,-3.4067,0.2292,0.5867,-0.058,0.0032,1.2194,-1.7317,0.371,0.2662,0.7234,0.0243,163.0918
0.6083,-9.6465,0.0235,0.3645,0.1244,0.0932,0.4909,252664.94,0.2074,4.2111,12.4398,2.0,1.0,0.1262,-2.0007,0.1018,0.1479,0.1571,0.0022,0.5674,-2.2907,0.2732,0.2196,0.6083,0.0235,129.0434
0.8162,-6.7964,0.1719,0.4814,0.2276,0.1435,0.3056,160127.7,0.6995,2.6688,11.9837,0.0,3.0,0.5709,-4.7539,0.2137,0.3996,-0.2181,0.0247,1.4501,-2.5466,0.4065,0.2663,0.8162,0.1435,128.3833
0.5472,-3.5766,0.1935,0.3067,0.1414,0.125,0.7822,268515.72,0.7479,4.4753,12.5007,3.0,4.0,0.4092,-2.6748,0.585,0.3349,-0.4411,0.0242,2.4302,-0.7992,0.4063,0.2835,0.7822,0.125,66.7008
0.8462,-15.8361,0.0718,0.7391,0.0056,0.3673,0.4516,223895.66,0.0235,3.7316,12.3189,1.0,0.0,0.0199,-0.3727,0.0106,0.0774,0.7156,0.0264,0.0318,-4.2438,0.3579,0.3441,0.8462,0.0056,130.3619
0.635,-12.0714,0.1615,0.5365,0.087,0.0243,0.5471,186624.14,0.5691,3.1104,12.1369,1.0,1.0,0.3614,-6.8702,0.3114,0.2485,-0.0326,0.0039,1.0588,-3.881,0.3658,0.262,0.635,0.0243,118.0256
0.4425,-21.4425,0.0235,0.0,0.0,0.058,0.649,232976.05,0.7395,3.8829,12.3587,2.0,0.0,0.3273,-15.856,0.4799,0.0235,-0.7395,0.0014,735.5242,-5.5222,0.2732,0.3279,0.7395,0.0,103.8517
0.5381,-5.6975,0.1037,0.0,0.0,0.1615,0.6578,181599.62,0.6228,3.0267,12.1096,0.0,3.0,0.3351,-3.5484,0.4097,0.1037,-0.6228,0.0168,619.4796,-1.8824,0.2977,0.2962,0.6578,0.0,118.061
0.4875,-1.357,0.0235,0.2534,0.0995,0.2707,0.0256,232899.84,0.848,3.8817,12.3584,2.0,4.0,0.4134,-1.1507,0.0217,0.123,-0.5946,0.0064,3.3328,-0.3496,0.2869,0.297,0.848,0.0235,130.2354
0.6196,-9.827,0.1633,0.1915,0.0,0.1729,0.4412,237326.77,0.3717,3.9554,12.3772,2.0,1.0,0.2303,-3.653,0.164,0.1633,-0.1803,0.0282,1.9314,-2.4844,0.28,0.2086,0.6196,0.0,110.0027
0.849,-14.3812,0.1514,0.1461,0.099,0.3215,0.8585,313945.56,0.2562,5.2324,12.657,4.0,0.0,0.2175,-3.6845,0.2199,0.2503,-0.1101,0.0487,1.7421,-2.7485,0.3831,0.33,0.8585,0.099,129.5636
0.6238,-16.8391,0.0235,0.4096,0.0,0.2924,0.5643,171815.33,0.0765,2.8636,12.0542,0.0,0.0,0.0477,-1.2876,0.0431,0.0235,0.3331,0.0069,0.1862,-5.8804,0.2843,0.2587,0.6238,0.0,153.0887
0.6386,-11.6247,0.0235,0.0,0.2778,0.3449,0.5933,226943.19,0.2937,3.7824,12.3325,1.0,1.0,0.1875,-3.4138,0.1742,0.3013,-0.2937,0.0081,292.101,-3.0734,0.3103,0.248,0.6386,0.0,132.8783
0.6295,-9.789,0.0235,0.0,0.3105,0.3788,0.8356,340890.06,0.4129,5.6815,12.7393,4.0,1.0,0.2599,-4.0416,0.345,0.334,-0.4129,0.0089,410.6655,-1.723,0.3701,0.3018,0.8356,0.0,158.442
0.6116,-1.357,0.1181,0.1867,0.2656,0.3664,0.7234,252497.66,0.2545,4.2083,12.4392,2.0,4.0,0.1556,-0.3453,0.1841,0.3836,-0.0677,0.0433,1.3554,-0.3225,0.3609,0.2251,0.7234,0.1181,158.0596
0.573,-15.0858,0.0235,0.3411,0.1524,0.3471,0.6796,171811.86,0.0679,2.8635,12.0542,0.0,0.0,0.0389,-1.0238,0.0461,0.1759,0.2732,0.0082,0.1984,-5.2683,0.3121,0.2495,0.6796,0.0235,121.9494
0.4389,-9.0494,0.1059,0.0,0.0,0.175,0.5553,122931.87,0.9587,2.0489,11.7194,0.0,2.0,0.4208,-8.6753,0.5324,0.1059,-0.9587,0.0185,953.5556,-4.4168,0.3191,0.3533,0.9587,0.0,86.3153
0.5669,-7.9472,0.0628,0.4868,0.0,0.0243,0.527,248580.92,0.7414,4.143,12.4235,2.0,2.0,0.4203,-5.892,0.3907,0.0628,-0.2546,0.0015,1.5198,-1.9182,0.3442,0.3058,0.7414,0.0,119.3627
0.7329,-7.0287,0.1399,0.0,0.037,0.0243,0.5731,315824.78,0.6561,5.2637,12.6629,4.0,2.0,0.4808,-4.6113,0.376,0.1769,-0.6561,0.0034,652.5689,-1.3353,0.309,0.3289,0.7329,0.0,110.5654
0.7178,-8.674,0.0235,0.3361,0.0,0.3378,0.545,282263.94,0.4424,4.7044,12.5506,3.0,2.0,0.3176,-3.8374,0.2411,0.0235,-0.1063,0.0079,1.3124,-1.8438,0.3432,0.2617,0.7178,0.0,101.5033
0.804,-9.5528,0.0235,0.3579,0.0,0.2965,0.6711,217417.47,0.2996,3.6236,12.2896,1.0,2.0,0.2409,-2.862,0.2011,0.0235,0.0583,0.007,0.8348,-2.6363,0.3504,0.301,0.804,0.0,114.7433
0.5578,-12.5741,0.0235,0.0668,0.0256,0.1418,0.2665,266461.75,0.4045,4.441,12.493,3.0,0.0,0.2257,-5.0867,0.1078,0.0491,-0.3378,0.0033,5.9692,-2.8314,0.2124,0.2065,0.5578,0.0235,151.4117
0.8414,-7.8963,0.1112,0.3886,0.158,0.3235,0.978,234561.73,0.5941,3.9094,12.3655,2.0,2.0,0.4999,-4.6915,0.5811,0.2693,-0.2055,0.036,1.5248,-2.0198,0.485,0.3327,0.978,0.1112,121.2585
0.566,-13.2769,0.0235,0.278,0.0,0.2095,0.6905,240167.9,0.3269,4.0028,12.3891,2.0,0.0,0.185,-4.3406,0.2258,0.0235,-0.0489,0.0049,1.1717,-3.3169,0.2992,0.2579,0.6905,0.0,111.3944
0.7934,-7.5566,0.17,0.3717,0.3517,0.0243,0.4488,267023.22,0.7268,4.4504,12.4951,3.0,2.0,0.5767,-5.4922,0.3262,0.5217,-0.3551,0.0041,1.9498,-1.698,0.4124,0.2769,0.7934,0.0243,105.524
0.5472,-11.8485,0.0235,0.0,0.2276,0.1101,0.5729,282737.78,0.7625,4.7123,12.5523,3.0,1.0,0.4172,-9.0341,0.4368,0.2511,-0.7625,0.0026,758.4016,-2.5144,0.3205,0.3039,0.7625,0.0,126.5308
0.5396,-5.784,0.0235,0.4536,0.0028,0.2831,0.5866,241921.08,0.3631,4.032,12.3964,2.0,3.0,0.196,-2.1004,0.213,0.0263,0.0905,0.0067,0.7988,-1.4345,0.3218,0.2341,0.5866,0.0028,132.3248
0.6036,-17.6058,0.0979,0.624,0.0771,0.166,0.978,174817.92,0.0879,2.9136,12.0715,0.0,0.0,0.053,-1.547,0.0859,0.175,0.5361,0.0162,0.1406,-6.0426,0.3763,0.3581,0.978,0.0771,122.1023
0.7502,-7.1314,0.0976,0.8584,0.0,0.3659,0.978,286987.16,0.0714,4.7831,12.5672,3.0,2.0,0.0536,-0.5092,0.0698,0.0976,0.787,0.0357,0.0831,-1.491,0.4459,0.4108,0.978,0.0,117.3973
0.9079,-8.8264,0.0235,0.6635,0.2537,0.2616,0.3977,127421.44,0.0554,2.1237,11.7553,0.0,2.0,0.0503,-0.489,0.022,0.2772,0.6081,0.0061,0.0834,-4.1562,0.3662,0.3216,0.9079,0.0235,130.3648
0.497,-9.3619,0.0974,0.8115,0.0,0.0243,0.4727,276720.88,0.9583,4.612,12.5308,3.0,2.0,0.4763,-8.9712,0.453,0.0974,-0.1468,0.0024,1.1795,-2.0299,0.4087,0.3847,0.9583,0.0,69.5715
0.7692,-11.0799,0.0369,0.0,0.0,0.1048,0.4158,237961.55,0.9453,3.966,12.3799,2.0,1.0,0.7271,-10.4742,0.3931,0.0369,-0.9453,0.0039,940.2933,-2.7937,0.3246,0.3944,0.9453,0.0,139.6302
0.7152,-6.9032,0.1498,0.0844,0.0548,0.3279,0.4425,215816.94,0.3295,3.5969,12.2822,1.0,3.0,0.2356,-2.2744,0.1458,0.2046,-0.245,0.0491,3.8564,-1.9192,0.3006,0.2322,0.7152,0.0548,97.1053
0.66,-12.9398,0.0396,0.161,0.1895,0.0814,0.9274,316580.06,0.1845,5.2763,12.6653,4.0,0.0,0.1218,-2.3878,0.1711,0.2291,-0.0236,0.0032,1.1393,-2.4524,0.3205,0.3369,0.9274,0.0396,86.1266
0.8232,-9.1645,0.0235,0.3548,0.1914,0.3601,0.42,257814.5,0.5049,4.2969,12.46,2.0,2.0,0.4156,-4.6269,0.212,0.2149,-0.1501,0.0085,1.419,-2.1328,0.3825,0.2508,0.8232,0.0235,152.1848
0.575,-1.357,0.171,0.4558,0.0391,0.2213,0.454,331896.62,0.3145,5.5316,12.7126,4.0,4.0,0.1808,-0.4267,0.1428,0.2101,0.1413,0.0379,0.6884,-0.2453,0.3187,0.1881,0.575,0.0391,86.7176
0.7158,-19.7077,0.1604,0.4865,0.2679,0.2224,0.5665,283872.0,0.0683,4.7312,12.5563,3.0,0.0,0.0489,-1.3454,0.0387,0.4283,0.4183,0.0357,0.14,-4.1655,0.3554,0.2372,0.7158,0.0683,117.9071
0.6616,-18.8099,0.0952,0.4301,0.0,0.1257,0.7044,248520.83,0.0117,4.142,12.4233,2.0,0.0,0.0077,-0.2194,0.0082,0.0952,0.4184,0.012,0.0271,-4.5412,0.2898,0.3044,0.7044,0.0,80.0727
0.6501,-14.8914,0.0849,0.299,0.4655,0.0394,0.3314,106820.3,0.5445,1.7803,11.5789,0.0,0.0,0.3539,-8.1079,0.1804,0.5505,-0.2455,0.0033,1.815,-8.3644,0.345,0.2276,0.6501,0.0394,107.3069
0.4427,-3.3593,0.0235,0.3847,0.2079,0.2555,0.6348,141215.23,0.3465,2.3536,11.858,0.0,4.0,0.1534,-1.1641,0.22,0.2314,0.0382,0.006,0.8984,-1.4273,0.328,0.1929,0.6348,0.0235,169.442
0.5429,-11.6851,0.0235,0.0,0.0,0.2908,0.4125,292516.25,0.5815,4.8753,12.5863,4.0,1.0,0.3157,-6.7945,0.2399,0.0235,-0.5815,0.0068,578.3666,-2.3968,0.2645,0.2577,0.5815,0.0,83.1322
0.8925,-9.6874,0.0974,0.0842,0.2586,0.0725,0.7162,256064.67,0.8573,4.2677,12.4532,2.0,1.0,0.7651,-8.3047,0.614,0.356,-0.7731,0.0071,10.0646,-2.2699,0.4255,0.3798,0.8925,0.0725,165.0889
0.4128,-7.2976,0.1469,0.0788,0.0,0.0243,0.3138,233673.45,0.9919,3.8946,12.3617,2.0,2.0,0.4095,-7.2382,0.3113,0.1469,-0.9131,0.0036,12.4319,-1.8738,0.2812,0.3482,0.9919,0.0,127.0236
0.548,-12.4605,0.0235,0.0814,0.3976,0.1333,0.9339,351241.3,0.2329,5.854,12.7692,4.0,0.0,0.1276,-2.9016,0.2175,0.4211,-0.1515,0.0031,2.8267,-2.1285,0.3358,0.3216,0.9339,0.0235,106.2542
0.5697,-10.0991,0.0235,0.015,0.0687,0.1405,0.5478,213075.03,0.4064,3.5513,12.2694,1.0,1.0,0.2315,-4.1043,0.2226,0.0922,-0.3914,0.0033,25.3629,-2.8438,0.2531,0.2472,0.5697,0.015,96.5783
0.574,-1.357,0.1383,0.0,0.3614,0.0845,0.6776,239994.42,0.4431,3.9999,12.3884,2.0,4.0,0.2543,-0.6013,0.3003,0.4997,-0.4431,0.0117,440.7708,-0.3393,0.3256,0.2582,0.6776,0.0,132.7272
0.7328,-12.8689,0.1398,0.3944,0.0782,0.0243,0.6416,248268.95,0.7693,4.1378,12.4223,2.0,0.0,0.5637,-9.8996,0.4935,0.218,-0.3749,0.0034,1.9455,-3.1101,0.3972,0.3209,0.7693,0.0243,87.8574
0.5077,-13.5185,0.1398,0.2531,0.0,0.2302,0.3616,251738.86,0.1849,4.1956,12.4362,2.0,0.0,0.0939,-2.5,0.0669,0.1398,0.0681,0.0322,0.7279,-3.222,0.2396,0.162,0.5077,0.0,110.4444
0.6968,-8.7696,0.0275,0.3872,0.0,0.2458,0.579,239978.6,0.0383,3.9996,12.3883,2.0,2.0,0.0267,-0.3356,0.0222,0.0275,0.3489,0.0068,0.0986,-2.1926,0.2821,0.2818,0.6968,0.0,99.6076
0.8172,-6.6978,0.1768,0.5348,0.2403,0.2027,0.8186,210936.27,0.5985,3.5156,12.2593,1.0,3.0,0.4891,-4.0088,0.4899,0.4172,-0.0638,0.0358,1.1172,-1.9052,0.4841,0.2803,0.8186,0.1768,103.885
0.4356,-13.7967,0.0235,0.0465,0.0867,0.3678,0.6738,282601.47,0.8491,4.71,12.5518,3.0,0.0,0.3699,-11.7152,0.5721,0.1102,-0.8026,0.0086,17.8801,-2.9292,0.3547,0.3239,0.8491,0.0235,95.5678
0.5422,-4.9874,0.0235,0.0377,0.0855,0.0546,0.35,231894.86,0.719,3.8649,12.354,2.0,3.0,0.3898,-3.5859,0.2516,0.109,-0.6813,0.0013,18.5942,-1.2904,0.2589,0.2818,0.719,0.0235,115.5793
0.7824,-11.071,0.0916,0.2276,0.0999,0.0639,0.5776,331661.8,0.6383,5.5277,12.7119,4.0,1.0,0.4995,-7.067,0.3687,0.1915,-0.4107,0.0059,2.7921,-2.0028,0.3545,0.3022,0.7824,0.0639,84.187
0.7581,-21.5227,0.0865,0.0,0.0214,0.2971,0.3265,254497.66,0.744,4.2416,12.4471,2.0,0.0,0.564,-16.0129,0.2429,0.108,-0.744,0.0257,740.0334,-5.0742,0.3191,0.321,0.7581,0.0,113.1595
0.4444,-7.8372,0.0779,0.0,0.1229,0.3497,0.4927,143958.98,0.9143,2.3993,11.8773,0.0,2.0,0.4063,-7.1653,0.4505,0.2008,-0.9143,0.0272,909.3923,-3.2664,0.3431,0.315,0.9143,0.0,64.1495
0.5084,-7.3148,0.0235,0.4385,0.0868,0.0562,0.753,299135.06,0.6195,4.9856,12.6087,4.0,2.0,0.315,-4.5313,0.4664,0.1103,-0.1809,0.0013,1.4094,-1.4672,0.3551,0.2972,0.753,0.0235,121.4642
0.9463,-14.691,0.1284,0.5095,0.0,0.2925,0.7166,343076.62,0.0534,5.7179,12.7457,4.0,0.0,0.0505,-0.7845,0.0383,0.1284,0.4561,0.0376,0.1046,-2.5693,0.3781,0.3589,0.9463,0.0,105.3341
0.7835,-8.7297,0.0235,0.0,0.0301,0.1314,0.7393,266490.88,0.9872,4.4415,12.4931,3.0,2.0,0.7735,-8.618,0.7299,0.0536,-0.9872,0.0031,981.9368,-1.9655,0.385,0.4313,0.9872,0.0,127.0061
0.3981,-12.7379,0.101,0.1751,0.0,0.1049,0.7816,294068.38,0.2928,4.9011,12.5916,4.0,0.0,0.1166,-3.7296,0.2288,0.101,-0.1177,0.0106,1.663,-2.599,0.2648,0.2634,0.7816,0.0,126.3196
0.5694,-8.7727,0.0686,0.056,0.0,0.1378,0.4956,251639.81,0.4049,4.194,12.4358,2.0,2.0,0.2305,-3.5518,0.2007,0.0686,-0.3489,0.0095,7.1059,-2.0917,0.2475,0.2352,0.5694,0.0,130.0424
0.8786,-19.9178,0.1196,0.3461,0.1067,0.0243,0.3526,264053.2,0.4742,4.4009,12.4839,3.0,0.0,0.4166,-9.445,0.1672,0.2264,-0.1281,0.0029,1.3662,-4.5259,0.3289,0.2916,0.8786,0.0243,93.3684
0.6435,-8.0956,0.0964,0.3533,0.0,0.0555,0.7191,256841.6,0.868,4.2807,12.4562,2.0,2.0,0.5586,-7.027,0.6241,0.0964,-0.5147,0.0054,2.4497,-1.8912,0.3908,0.3542,0.868,0.0,67.5306
0.6656,-11.8687,0.1102,0.1313,0.3776,0.2036,0.9101,385953.03,0.0673,6.4326,12.8635,4.0,1.0,0.0448,-0.7992,0.0613,0.4878,0.064,0.0224,0.5088,-1.8451,0.3522,0.3216,0.9101,0.0673,123.6458
0.6191,-6.8452,0.063,0.0,0.1175,0.1041,0.7958,313801.03,0.8118,5.23,12.6565,4.0,3.0,0.5026,-5.5569,0.646,0.1805,-0.8118,0.0066,807.4719,-1.3088,0.3588,0.3659,0.8118,0.0,116.4364
0.8264,-11.5579,0.0235,0.0714,0.0,0.1424,0.4549,274767.9,0.9451,4.5795,12.5237,3.0,1.0,0.781,-10.9238,0.43,0.0235,-0.8737,0.0033,13.0511,-2.5239,0.352,0.3962,0.9451,0.0,121.1022
0.7178,-10.8945,0.2068,0.6451,0.0,0.1367,0.6386,186922.66,0.0922,3.1154,12.1385,1.0,1.0,0.0662,-1.0045,0.0589,0.2068,0.5529,0.0283,0.1427,-3.497,0.3482,0.3057,0.7178,0.0,78.592
0.5988,-5.9271,0.1509,0.0,0.498,0.0243,0.7356,256618.39,0.3871,4.277,12.4553,2.0,3.0,0.2318,-2.2942,0.2847,0.6489,-0.3871,0.0037,385.003,-1.3858,0.3421,0.2891,0.7356,0.0,77.4258
0.8045,-12.6794,0.1026,0.2957,0.0753,0.1628,0.3869,261092.25,0.0645,4.3515,12.4726,3.0,0.0,0.0519,-0.8182,0.025,0.1778,0.2312,0.0167,0.2175,-2.9138,0.2703,0.2645,0.8045,0.0645,127.59
0.6796,-11.9031,0.0235,0.0,0.3976,0.1836,0.6427,316422.44,0.6128,5.2737,12.6648,4.0,1.0,0.4165,-7.2942,0.3938,0.4211,-0.6128,0.0043,609.5329,-2.2571,0.3628,0.2948,0.6796,0.0,119.8624
0.5837,-13.6675,0.0235,0.0,0.127,0.2827,0.6057,184518.17,0.1638,3.0753,12.1255,1.0,0.0,0.0956,-2.2387,0.0992,0.1505,-0.1638,0.0066,162.9267,-4.4443,0.2552,0.25,0.6057,0.0,66.5279
0.8239,-4.6519,0.0235,0.278,0.1637,0.1891,0.4159,257575.9,0.3935,4.2929,12.4591,2.0,3.0,0.3242,-1.8304,0.1637,0.1872,-0.1154,0.0044,1.4102,-1.0836,0.3268,0.258,0.8239,0.0235,160.7459
0.7374,-1.357,0.0235,0.1724,0.2048,0.1727,0.4768,135411.62,0.2985,2.2569,11.8161,0.0,4.0,0.2201,-0.405,0.1423,0.2283,-0.126,0.0041,1.7208,-0.6013,0.298,0.2382,0.7374,0.0235,140.04
0.975,-9.9332,0.0808,0.4546,0.3516,0.1408,0.3749,253889.56,0.3639,4.2315,12.4447,2.0,1.0,0.3548,-3.6144,0.1364,0.4324,0.0907,0.0114,0.7987,-2.3474,0.3917,0.2905,0.975,0.0808,76.7465
0.7887,-1.357,0.1215,0.4517,0.0,0.0535,0.978,106820.27,0.8283,1.7803,11.5789,0.0,4.0,0.6533,-1.124,0.81,0.1215,-0.3765,0.0065,1.8294,-0.7622,0.4603,0.409,0.978,0.0,135.3483
0.6501,-7.6366,0.0235,0.1644,0.3046,0.0954,0.6834,223373.16,0.1154,3.7229,12.3166,1.0,2.0,0.075,-0.8813,0.0789,0.3281,0.049,0.0022,0.6975,-2.0513,0.291,0.2707,0.6834,0.0235,113.0058
0.6322,-9.0921,0.0235,0.5277,0.0,0.1096,0.4812,271584.0,0.6712,4.5264,12.512,3.0,2.0,0.4243,-6.1026,0.323,0.0235,-0.1435,0.0026,1.2694,-2.0087,0.3493,0.294,0.6712,0.0,67.2447
0.8172,-13.849,0.0235,0.2529,0.0587,0.2559,0.4199,292961.44,0.3444,4.8827,12.5878,4.0,0.0,0.2815,-4.7696,0.1446,0.0822,-0.0915,0.006,1.3566,-2.8363,0.3104,0.2652,0.8172,0.0235,127.005
0.6498,-1.357,0.0235,0.2489,0.0534,0.1289,0.4595,232596.98,0.6379,3.8766,12.3571,2.0,4.0,0.4145,-0.8656,0.2931,0.0769,-0.389,0.003,2.5529,-0.35,0.3146,0.2676,0.6498,0.0235,133.7008
0.7243,-9.8793,0.0235,0.3071,0.115,0.2637,0.558,173053.31,0.1376,2.8842,12.0614,0.0,1.0,0.0997,-1.3594,0.0768,0.1385,0.1695,0.0062,0.4467,-3.4253,0.3042,0.2533,0.7243,0.0235,121.1046
0.975,-7.1847,0.0556,0.1899,0.5394,0.2429,0.643,353909.8,0.5393,5.8985,12.7768,4.0,2.0,0.5258,-3.8745,0.3467,0.595,-0.3493,0.0135,2.8243,-1.2181,0.455,0.3148,0.975,0.0556,110.0361
0.7385,-8.2931,0.0815,0.744,0.0,0.0243,0.6926,242058.6,0.539,4.0343,12.3969,2.0,2.0,0.3981,-4.47,0.3733,0.0815,0.205,0.002,0.7235,-2.0557,0.4028,0.3513,0.744,0.0,97.4771
0.5889,-14.1796,0.0403,0.1719,0.0,0.0541,0.8134,224964.28,0.4159,3.7494,12.3237,1.0,0.0,0.2449,-5.8968,0.3383,0.0403,-0.244,0.0022,2.4052,-3.7818,0.2978,0.3148,0.8134,0.0,133.9198
0.7911,-8.8708,0.1619,0.3715,0.0,0.0243,0.7373,232311.34,0.5389,3.8719,12.3558,2.0,2.0,0.4263,-4.7802,0.3973,0.1619,-0.1674,0.0039,1.4467,-2.2911,0.375,0.3267,0.7911,0.0,80.628
0.5867,-12.9595,0.1134,0.6173,0.0871,0.2928,0.6186,260570.16,0.064,4.3428,12.4706,3.0,0.0,0.0375,-0.8294,0.0396,0.2005,0.5533,0.0332,0.1035,-2.9841,0.34,0.2611,0.6186,0.064,128.705
0.4039,-14.0631,0.1158,0.5299,0.0,0.0243,0.5595,326544.12,0.6908,5.4424,12.6963,4.0,0.0,0.279,-9.7148,0.3865,0.1158,-0.1609,0.0028,1.3013,-2.584,0.332,0.2818,0.6908,0.0,128.6981
0.9142,-13.608,0.0514,0.7498,0.0261,0.0858,0.4955,213416.1,0.8983,3.5569,12.271,1.0,0.0,0.8212,-12.2236,0.4451,0.0775,-0.1485,0.0044,1.1965,-3.8258,0.4602,0.4039,0.9142,0.0261,132.0912
0.819,-9.1965,0.1812,0.0,0.0,0.2397,0.0256,208879.6,0.8363,3.4813,12.2495,1.0,2.0,0.685,-7.6913,0.0214,0.1812,-0.8363,0.0434,831.8745,-2.6417,0.3003,0.3719,0.8363,0.0,123.3154
0.8898,-14.8128,0.0235,0.232,0.2459,0.3368,0.6927,251864.62,0.1421,4.1977,12.4367,2.0,0.0,0.1264,-2.1044,0.0984,0.2694,0.0899,0.0079,0.6098,-3.5288,0.3661,0.3114,0.8898,0.0235,129.5402
0.447,-12.0494,0.0235,0.3744,0.0107,0.3697,0.8694,242313.75,0.2423,4.0386,12.398,2.0,1.0,0.1083,-2.92,0.2107,0.0342,0.1321,0.0087,0.6455,-2.9836,0.3339,0.292,0.8694,0.0107,126.1134
0.335,-2.9474,0.1939,0.5089,0.2735,0.1516,0.3967,186437.3,0.4278,3.1073,12.1359,1.0,4.0,0.1433,-1.2609,0.1697,0.4674,0.0811,0.0294,0.8391,-0.9485,0.3268,0.1288,0.5089,0.1516,102.9157
0.7262,-11.6717,0.0235,0.6194,0.4559,0.2941,0.7875,285021.53,0.0174,4.7504,12.5603,3.0,1.0,0.0126,-0.2031,0.0137,0.4794,0.602,0.0069,0.028,-2.457,0.4177,0.3175,0.7875,0.0174,153.5191
0.4908,-14.1049,0.1525,0.045,0.3047,0.2369,0.7857,387687.84,0.5273,6.4615,12.868,4.0,0.0,0.2588,-7.438,0.4143,0.4573,-0.4824,0.0361,11.4699,-2.1829,0.3633,0.2539,0.7857,0.045,126.6433
0.3828,-10.3599,0.0982,0.0539,0.0,0.1613,0.8741,104944.445,0.3295,1.7491,11.5612,0.0,1.0,0.1261,-3.4132,0.288,0.0982,-0.2756,0.0158,6.0039,-5.9231,0.2714,0.3006,0.8741,0.0,99.9742
0.4526,-5.6833,0.1768,0.0035,0.0548,0.4476,0.2569,202325.02,0.8325,3.3721,12.2176,1.0,3.0,0.3768,-4.7316,0.2139,0.2315,-0.829,0.0791,184.1446,-1.6854,0.3178,0.2862,0.8325,0.0035,179.6839
0.583,-16.1727,0.0464,0.995,0.3967,0.077,0.2645,256429.9,0.2044,4.2738,12.4546,2.0,0.0,0.1192,-3.3057,0.0541,0.4431,0.7906,0.0036,0.2052,-3.7841,0.3667,0.3331,0.995,0.0464,118.457
0.975,-11.7202,0.1083,0.106,0.0,0.0243,0.6186,266948.47,0.4395,4.4491,12.4948,3.0,1.0,0.4285,-5.1506,0.2718,0.1083,-0.3335,0.0026,4.1079,-2.6343,0.3245,0.368,0.975,0.0,66.4884
0.5529,-11.7174,0.1615,0.0,0.0788,0.0243,0.5968,185866.9,0.7812,3.0978,12.1328,1.0,1.0,0.432,-9.1537,0.4662,0.2403,-0.7812,0.0039,777.0351,-3.7825,0.3136,0.3205,0.7812,0.0,155.1262
0.6876,-22.9573,0.0938,0.4325,0.2823,0.1845,0.978,300594.94,0.0963,5.0099,12.6135,4.0,0.0,0.0662,-2.2116,0.0942,0.3762,0.3361,0.0173,0.2222,-4.5824,0.3936,0.3326,0.978,0.0938,147.9976
0.491,-11.8264,0.0235,0.0681,0.0039,0.2468,0.5305,372011.75,0.6723,6.2002,12.8267,4.0,1.0,0.3301,-7.9505,0.3566,0.0274,-0.6042,0.0058,9.7289,-1.9074,0.2909,0.2734,0.6723,0.0039,81.5093
0.6084,-11.3912,0.0986,0.1388,0.1915,0.1525,0.978,245823.2,0.1385,4.0971,12.4124,2.0,1.0,0.0842,-1.5773,0.1354,0.2901,0.0004,0.015,0.9903,-2.7803,0.3295,0.3354,0.978,0.0986,109.7894
0.4079,-6.9071,0.0972,0.0,0.0,0.0516,0.3981,232967.19,0.5149,3.8828,12.3587,2.0,3.0,0.21,-3.5563,0.205,0.0972,-0.5149,0.005,512.1217,-1.7789,0.21,0.2212,0.5149,0.0,77.3518
0.5278,-7.8198,0.0235,0.0628,0.0,0.1666,0.6436,226868.4,0.8487,3.7811,12.3321,1.0,2.0,0.4479,-6.6364,0.5462,0.0235,-0.7858,0.0039,13.2926,-2.0681,0.3247,0.3433,0.8487,0.0,57.6087
0.54,-1.357,0.0235,0.0,0.1826,0.1507,0.8178,275537.3,0.8163,4.5923,12.5265,3.0,4.0,0.4408,-1.1078,0.6676,0.2061,-0.8163,0.0035,811.9812,-0.2955,0.3615,0.3578,0.8178,0.0,149.8052
0.6696,-11.3732,0.1202,0.1938,0.4605,0.2473,0.3909,299439.38,0.1904,4.9907,12.6097,4.0,1.0,0.1275,-2.1655,0.0744,0.5807,0.0034,0.0297,0.9772,-2.2789,0.3247,0.1936,0.6696,0.1202,130.8565
0.8386,-10.4835,0.0235,0.0,0.4159,0.3864,0.8484,157731.44,0.738,2.6289,11.9687,0.0,1.0,0.6189,-7.7369,0.6261,0.4394,-0.738,0.0091,734.0654,-3.9879,0.4644,0.3607,0.8484,0.0,85.6134
0.7869,-8.5906,0.1615,0.4485,0.0469,0.3179,0.7352,255964.19,0.0614,4.2661,12.4528,2.0,2.0,0.0483,-0.5275,0.0451,0.2084,0.3871,0.0513,0.1366,-2.0137,0.3655,0.3053,0.7869,0.0469,133.452
0.4134,-1.357,0.1778,0.0847,0.0378,0.0243,0.4668,317976.25,0.8123,5.2996,12.6697,4.0,4.0,0.3358,-1.1022,0.3792,0.2156,-0.7276,0.0043,9.4814,-0.2561,0.2881,0.291,0.8123,0.0243,123.8994
0.7391,-6.8979,0.101,0.0949,0.2125,0.0243,0.7244,125724.15,0.9473,2.0954,11.7419,0.0,3.0,0.7001,-6.5342,0.6862,0.3135,-0.8523,0.0025,9.8759,-3.2919,0.4062,0.3826,0.9473,0.0243,100.3484
0.4777,-9.6465,0.1675,0.0467,0.216,0.0243,0.4924,157880.7,0.9075,2.6313,11.9696,0.0,1.0,0.4335,-8.7538,0.4468,0.3835,-0.8607,0.0041,19.0146,-3.666,0.3332,0.3148,0.9075,0.0243,122.4032
0.4627,-4.8577,0.1423,0.0729,0.0,0.1684,0.0256,317973.66,0.8393,5.2996,12.6697,4.0,3.0,0.3884,-4.0769,0.0215,0.1423,-0.7663,0.024,11.3524,-0.9166,0.2445,0.3041,0.8393,0.0,111.3446
0.4487,-4.0932,0.0235,0.1156,0.0,0.0558,0.3837,146813.64,0.7357,2.4469,11.8969,0.0,3.0,0.3301,-3.0112,0.2823,0.0235,-0.6201,0.0013,6.3093,-1.6728,0.2519,0.2777,0.7357,0.0,142.1588
0.5534,-6.3854,0.1274,0.1806,0.0,0.2818,0.7663,237047.53,0.8347,3.9508,12.376,2.0,3.0,0.4619,-5.3297,0.6396,0.1274,-0.6541,0.0359,4.5959,-1.6162,0.392,0.3273,0.8347,0.0,60.2056
0.8353,-15.3791,0.0235,0.0,0.4045,0.252,0.557,253360.88,0.944,4.2227,12.4426,2.0,0.0,0.7885,-14.5179,0.5258,0.428,-0.944,0.0059,938.9672,-3.642,0.4309,0.3713,0.944,0.0,80.3779
0.8401,-8.0395,0.1013,0.0,0.0,0.2233,0.7246,337553.9,0.7971,5.6259,12.7295,4.0,2.0,0.6696,-6.408,0.5776,0.1013,-0.7971,0.0226,792.8172,-1.429,0.3838,0.3863,0.8401,0.0,91.2234
0.4799,-9.9471,0.0598,0.3646,0.0756,0.2366,0.978,282841.12,0.1476,4.714,12.5526,3.0,1.0,0.0708,-1.4682,0.1444,0.1354,0.217,0.0141,0.4038,-2.1101,0.3346,0.3223,0.978,0.0598,65.0251
0.4518,-4.3715,0.0318,0.3967,0.0,0.3811,0.7989,241424.97,0.8042,4.0238,12.3943,2.0,3.0,0.3634,-3.5156,0.6425,0.0318,-0.4075,0.0121,2.0219,-1.0864,0.4092,0.3216,0.8042,0.0,124.1357
0.4077,-15.0908,0.0433,0.3733,0.0,0.0371,0.6471,348048.8,0.7409,5.8008,12.7601,4.0,0.0,0.3021,-11.1803,0.4794,0.0433,-0.3675,0.0016,1.9792,-2.6015,0.3213,0.3038,0.7409,0.0,131.8882
0.4563,-5.8431,0.0787,0.2067,0.0,0.21,0.6944,328540.94,0.9657,5.4757,12.7024,4.0,3.0,0.4407,-5.6425,0.6706,0.0787,-0.759,0.0165,4.6495,-1.0671,0.3731,0.3515,0.9657,0.0,120.1649
0.6376,-8.747,0.1768,0.2776,0.2323,0.2764,0.717,342526.3,0.539,5.7088,12.7441,4.0,2.0,0.3437,-4.7146,0.3865,0.4091,-0.2614,0.0489,1.9349,-1.5322,0.4081,0.2176,0.717,0.1768,142.3015
0.4488,-20.4951,0.0985,0.1869,0.0637,0.0619,0.4465,277912.78,0.3572,4.6319,12.5351,3.0,0.0,0.1603,-7.3208,0.1595,0.1623,-0.1703,0.0061,1.9009,-4.4248,0.2377,0.1759,0.4488,0.0619,135.6446
0.7744,-1.357,0.1314,0.5474,0.0,0.1345,0.4133,221059.72,0.8247,3.6843,12.3062,1.0,4.0,0.6387,-1.1191,0.3409,0.1314,-0.2773,0.0177,1.5039,-0.3683,0.4037,0.3279,0.8247,0.0,121.397
0.6378,-12.4049,0.1207,0.4879,0.0,0.3899,0.5867,226554.02,0.0449,3.7759,12.3307,1.0,0.0,0.0286,-0.5566,0.0263,0.1207,0.4431,0.0471,0.0918,-3.2853,0.324,0.2655,0.6378,0.0,61.1077
0.716,-1.357,0.0235,0.8449,0.0,0.3958,0.294,126415.88,0.6591,2.1069,11.7473,0.0,4.0,0.4719,-0.8944,0.1938,0.0235,0.1858,0.0093,0.7791,-0.6441,0.419,0.3355,0.8449,0.0,93.4303
0.6241,-5.0908,0.0235,0.2534,0.0,0.164,0.7079,166833.55,0.0875,2.7806,12.0248,0.0,3.0,0.0546,-0.4453,0.0619,0.0235,0.1659,0.0039,0.3438,-1.8309,0.2658,0.2874,0.7079,0.0,119.3627
0.6416,-17.856,0.1199,0.0,0.0877,0.2528,0.8182,315836.88,0.4095,5.2639,12.663,4.0,0.0,0.2628,-7.3126,0.3351,0.2076,-0.4095,0.0303,407.35,-3.3921,0.3328,0.3054,0.8182,0.0,70.0307
0.7168,-8.8837,0.1278,0.995,0.0396,0.0243,0.8594,173585.62,0.6888,2.8931,12.0644,0.0,2.0,0.4937,-6.1191,0.5919,0.1674,0.3062,0.0031,0.6916,-3.0707,0.4931,0.415,0.995,0.0243,106.0736
0.5643,-5.303,0.1438,0.0,0.1261,0.1808,0.6393,237976.31,0.6019,3.9663,12.3799,2.0,3.0,0.3397,-3.1921,0.3848,0.2699,-0.6019,0.026,598.7242,-1.337,0.3223,0.2682,0.6393,0.0,121.5178
0.5514,-6.647,0.0235,0.7381,0.128,0.1569,0.0256,164497.67,0.6229,2.7416,12.0107,0.0,3.0,0.3435,-4.1402,0.0159,0.1515,0.1153,0.0037,0.8427,-2.4245,0.3209,0.305,0.7381,0.0235,91.7482
0.8468,-16.0991,0.0433,0.1369,0.3501,0.2429,0.7825,224832.17,0.3834,3.7472,12.3231,1.0,0.0,0.3247,-6.1724,0.3,0.3935,-0.2465,0.0105,2.7805,-4.2963,0.398,0.3082,0.8468,0.0433,145.4665
0.6547,-5.4779,0.0901,0.3597,0.0917,0.1699,0.2959,276718.34,0.2565,4.612,12.5308,3.0,3.0,0.1679,-1.4053,0.0759,0.1817,0.1032,0.0153,0.7111,-1.1877,0.2741,0.1962,0.6547,0.0901,125.2076
0.4033,-8.9929,0.0555,0.4539,0.1644,0.0649,0.2859,310870.78,0.5284,5.1812,12.6471,4.0,2.0,0.2131,-4.7518,0.151,0.22,-0.0745,0.0036,1.1615,-1.7357,0.2795,0.1903,0.5284,0.0555,139.9927
0.8246,-10.5512,0.0524,0.6191,0.0221,0.3978,0.6674,353022.94,0.0165,5.8837,12.7743,4.0,1.0,0.0136,-0.1737,0.011,0.0744,0.6027,0.0208,0.0266,-1.7933,0.3714,0.3428,0.8246,0.0165,84.5509
0.6989,-1.357,0.0235,0.0,0.161,0.3908,0.5812,226920.94,0.6294,3.782,12.3324,1.0,4.0,0.4399,-0.8541,0.3658,0.1845,-0.6294,0.0092,626.0444,-0.3588,0.355,0.2943,0.6989,0.0,120.8021
0.5679,-4.3817,0.0235,0.3898,0.0,0.264,0.3713,324819.44,0.5372,5.4137,12.691,4.0,3.0,0.3051,-2.3538,0.1995,0.0235,-0.1474,0.0062,1.3746,-0.8094,0.3077,0.2268,0.5679,0.0,135.956
0.6364,-5.2574,0.0874,0.2338,0.2229,0.1157,0.4374,357544.56,0.3791,5.9591,12.787,4.0,3.0,0.2412,-1.9929,0.1658,0.3103,-0.1453,0.0101,1.6144,-0.8823,0.3018,0.1948,0.6364,0.0874,88.208
0.5527,-7.5245,0.0836,0.347,0.2346,0.073,0.4836,225951.6,0.4837,3.7659,12.3281,1.0,2.0,0.2673,-3.6394,0.2339,0.3182,-0.1366,0.0061,1.3897,-1.9981,0.3226,0.1969,0.5527,0.073,128.1662
0.9129,-6.3346,0.1702,0.1718,0.0,0.2519,0.6656,161617.17,0.5663,2.6936,11.993,0.0,3.0,0.5169,-3.5871,0.3769,0.1702,-0.3945,0.0429,3.2769,-2.3517,0.3912,0.3285,0.9129,0.0,191.046
0.7877,-2.0763,0.0453,0.0392,0.3316,0.2816,0.457,235514.9,0.9747,3.9252,12.3695,2.0,4.0,0.7678,-2.0237,0.4455,0.3768,-0.9354,0.0127,24.2316,-0.529,0.4167,0.3551,0.9747,0.0392,137.9216
0.4209,-4.5016,0.0235,0.0932,0.0,0.0779,0.3577,270828.78,0.6195,4.5138,12.5092,3.0,3.0,0.2607,-2.7886,0.2216,0.0235,-0.5262,0.0018,6.5728,-0.9973,0.2275,0.2387,0.6195,0.0,143.1704
0.676,-13.0948,0.0501,0.0663,0.0842,0.0243,0.6927,231168.97,0.5925,3.8528,12.3509,2.0,0.0,0.4005,-7.7583,0.4104,0.1344,-0.5262,0.0012,8.8084,-3.3988,0.3123,0.3214,0.6927,0.0243,105.4459
0.5848,-1.357,0.0581,0.1736,0.2545,0.2087,0.6521,266410.4,0.3737,4.4402,12.4928,3.0,4.0,0.2185,-0.5071,0.2437,0.3125,-0.2,0.0121,2.1399,-0.3056,0.3294,0.2196,0.6521,0.0581,135.6328
0.9134,-12.2086,0.0235,0.3612,0.2064,0.2483,0.5279,315842.16,0.2276,5.264,12.663,4.0,1.0,0.2079,-2.7787,0.1201,0.2299,0.1336,0.0058,0.6284,-2.3192,0.3583,0.289,0.9134,0.0235,110.5934
0.5149,-11.1763,0.0235,0.5422,0.0,0.1629,0.6933,142849.6,0.0674,2.3808,11.8696,0.0,1.0,0.0347,-0.7533,0.0467,0.0235,0.4748,0.0038,0.1241,-4.6943,0.2863,0.288,0.6933,0.0,136.4017
0.5636,-3.8139,0.0235,0.4725,0.0,0.3437,0.4168,239766.9,0.2168,3.9961,12.3874,2.0,4.0,0.1222,-0.8269,0.0904,0.0235,0.2557,0.0081,0.4579,-0.9544,0.291,0.2189,0.5636,0.0,94.1962
0.8178,-12.9282,0.0235,0.4945,0.0,0.3317,0.8594,153029.38,0.0984,2.5505,11.9384,0.0,0.0,0.0805,-1.2721,0.0846,0.0235,0.3961,0.0078,0.1986,-5.0689,0.375,0.3623,0.8594,0.0,93.7958
0.5534,-3.6758,0.1735,0.0753,0.1608,0.0495,0.668,230126.67,0.9358,3.8354,12.3464,1.0,4.0,0.5179,-3.4398,0.6251,0.3343,-0.8605,0.0086,12.2608,-0.9584,0.3737,0.3451,0.9358,0.0495,146.7506
0.3861,-7.3719,0.0235,0.2535,0.4425,0.0261,0.4909,311468.66,0.8463,5.1911,12.6491,4.0,2.0,0.3268,-6.2391,0.4155,0.466,-0.5929,0.0006,3.3258,-1.4201,0.3527,0.2878,0.8463,0.0235,122.028
0.975,-8.7176,0.1455,0.0,0.0,0.2918,0.8742,175720.73,0.7261,2.9287,12.0767,0.0,2.0,0.708,-6.3301,0.6348,0.1455,-0.7261,0.0425,722.262,-2.9766,0.4304,0.4187,0.975,0.0,94.8237
0.4413,-5.688,0.1389,0.1716,0.1134,0.0243,0.6336,211876.78,0.8904,3.5313,12.2638,1.0,3.0,0.3929,-5.0646,0.5641,0.2523,-0.7188,0.0034,5.1597,-1.6107,0.3448,0.3212,0.8904,0.0243,110.7492
0.6627,-10.606,0.0243,0.5828,0.0,0.087,0.7726,248784.52,0.0113,4.1464,12.4243,2.0,1.0,0.0075,-0.1195,0.0087,0.0243,0.5715,0.0021,0.0193,-2.5579,0.3058,0.3487,0.7726,0.0,125.3822
0.3279,-11.4205,0.0758,0.0,0.0,0.2254,0.4615,296488.06,0.3922,4.9415,12.5998,4.0,1.0,0.1286,-4.4791,0.181,0.0758,-0.3922,0.0171,390.109,-2.3112,0.2118,0.1901,0.4615,0.0,117.1839
0.7979,-16.535,0.0235,0.1228,0.3236,0.1953,0.2768,255810.72,0.1351,4.2635,12.4522,2.0,0.0,0.1078,-2.2333,0.0374,0.3471,-0.0123,0.0046,1.0913,-3.8783,0.2679,0.2542,0.7979,0.0235,126.6348
0.5841,-7.4134,0.1377,0.0188,0.0,0.3245,0.0256,257060.77,0.8757,4.2843,12.4571,2.0,2.0,0.5115,-6.4922,0.0224,0.1377,-0.8569,0.0447,44.1508,-1.7303,0.2809,0.3369,0.8757,0.0,121.855
0.3978,-3.9288,0.1077,0.0,0.0,0.2158,0.4429,342911.06,0.6381,5.7152,12.7452,4.0,4.0,0.2538,-2.5071,0.2826,0.1077,-0.6381,0.0233,634.7312,-0.6874,0.2575,0.2435,0.6381,0.0,122.978
0.6636,-1.357,0.0235,0.0,0.0,0.1006,0.7064,148032.78,0.6977,2.4672,11.9052,0.0,4.0,0.463,-0.9468,0.4929,0.0235,-0.6977,0.0024,694.0134,-0.55,0.3131,0.3537,0.7064,0.0,106.6676
0.4776,-7.1437,0.0638,0.0656,0.0839,0.163,0.6929,217453.08,0.8177,3.6242,12.2897,1.0,2.0,0.3905,-5.8412,0.5666,0.1477,-0.7521,0.0104,12.2798,-1.9711,0.3378,0.3215,0.8177,0.0638,140.7254
0.7989,-12.5045,0.0964,0.4826,0.4765,0.0383,0.5732,241726.67,0.6243,4.0288,12.3956,2.0,0.0,0.4987,-7.8061,0.3578,0.5729,-0.1416,0.0037,1.2908,-3.1038,0.4415,0.2778,0.7989,0.0383,175.5372
0.632,-10.8356,0.1192,0.6267,0.3732,0.0838,0.3523,63973.0,0.1215,1.0662,11.0662,0.0,1.0,0.0768,-1.3169,0.0428,0.4924,0.5052,0.01,0.1936,-10.1626,0.3298,0.2346,0.632,0.0838,97.1426
0.6766,-1.357,0.0392,0.2409,0.1306,0.3371,0.689,281737.44,0.0775,4.6956,12.5487,3.0,4.0,0.0524,-0.1051,0.0534,0.1698,0.1635,0.0132,0.3202,-0.289,0.313,0.2717,0.689,0.0392,115.2848
0.5664,-12.5564,0.1326,0.0083,0.0,0.0986,0.3908,233546.52,0.9467,3.8924,12.3611,2.0,0.0,0.5362,-11.8867,0.3699,0.1326,-0.9383,0.0131,101.5697,-3.2258,0.3062,0.3514,0.9467,0.0,101.7218
0.5831,-6.4511,0.0494,0.3677,0.0,0.2897,0.4629,121269.48,0.1492,2.0212,11.7058,0.0,3.0,0.087,-0.9625,0.0691,0.0494,0.2185,0.0143,0.4046,-3.1918,0.2717,0.2165,0.5831,0.0,139.387
0.3201,-15.7728,0.0235,0.1366,0.0908,0.3717,0.7585,237784.53,0.9779,3.9631,12.3791,2.0,0.0,0.313,-15.4237,0.7417,0.1143,-0.8412,0.0087,7.1054,-3.9799,0.3827,0.3592,0.9779,0.0235,105.5434
0.644,-5.978,0.0235,0.7191,0.0688,0.4538,0.0256,270827.47,0.5905,4.5138,12.5092,3.0,3.0,0.3802,-3.5298,0.0151,0.0923,0.1286,0.0107,0.82,-1.3244,0.3607,0.3113,0.7191,0.0235,103.9096
0.793,-16.3727,0.1078,0.0708,0.2249,0.3416,0.6666,164589.64,0.4575,2.7432,12.0112,0.0,0.0,0.3628,-7.4911,0.305,0.3328,-0.3867,0.0368,6.3724,-5.9686,0.3803,0.275,0.793,0.0708,158.661
0.6525,-11.6715,0.0235,0.0977,0.1718,0.1429,0.1524,282406.44,0.9079,4.7068,12.5511,3.0,1.0,0.5924,-10.5962,0.1384,0.1953,-0.8102,0.0034,9.1985,-2.4797,0.3069,0.3351,0.9079,0.0235,122.546
0.6227,-7.3695,0.1068,0.3824,0.0,0.1637,0.3727,302846.25,0.2736,5.0474,12.621,4.0,2.0,0.1704,-2.0163,0.102,0.1068,0.1088,0.0175,0.7135,-1.46,0.2746,0.2075,0.6227,0.0,141.558
0.5692,-7.9594,0.103,0.3535,0.0,0.3438,0.0256,225731.38,0.5801,3.7622,12.3271,1.0,2.0,0.3302,-4.6175,0.0149,0.103,-0.2266,0.0354,1.6363,-2.1156,0.2822,0.2441,0.5801,0.0,152.6938
0.3424,-9.0981,0.1409,0.3865,0.0,0.0243,0.465,134701.95,0.8929,2.245,11.8108,0.0,2.0,0.3057,-8.1234,0.4152,0.1409,-0.5064,0.0034,2.3043,-4.0526,0.3217,0.3098,0.8929,0.0,164.1306
0.3319,-2.3601,0.0496,0.345,0.0928,0.2623,0.3564,160178.9,0.6845,2.6696,11.9841,0.0,4.0,0.2272,-1.6154,0.244,0.1424,-0.3394,0.013,1.978,-0.884,0.3032,0.2086,0.6845,0.0496,148.3582
0.46,-6.7019,0.0915,0.4597,0.0715,0.1096,0.6064,251429.69,0.2395,4.1905,12.4349,2.0,3.0,0.1102,-1.6053,0.1453,0.1631,0.2201,0.01,0.52,-1.5993,0.2912,0.216,0.6064,0.0715,98.7167
0.5196,-1.357,0.0235,0.3835,0.0,0.0839,0.6299,178023.25,0.7712,2.9671,12.0897,0.0,4.0,0.4007,-1.0465,0.4858,0.0235,-0.3877,0.002,2.0059,-0.4574,0.3445,0.3123,0.7712,0.0,104.1321
0.4341,-1.357,0.099,0.2848,0.2409,0.0243,0.4517,153361.81,0.1711,2.556,11.9406,0.0,4.0,0.0743,-0.2321,0.0773,0.3399,0.1138,0.0024,0.5985,-0.5309,0.2437,0.161,0.4517,0.0243,112.6814
0.6512,-5.6646,0.0235,0.3738,0.0,0.0326,0.7951,250657.72,0.9188,4.1776,12.4318,2.0,3.0,0.5983,-5.2047,0.7305,0.0235,-0.545,0.0008,2.4513,-1.3559,0.3993,0.3928,0.9188,0.0,132.7197
0.6381,-6.6279,0.1449,0.1729,0.0,0.1188,0.7164,180519.55,0.2917,3.0087,12.1036,0.0,3.0,0.1861,-1.9331,0.2089,0.1449,-0.1187,0.0172,1.6768,-2.2029,0.2975,0.2741,0.7164,0.0,141.5633
0.5801,-4.2339,0.0477,0.0,0.0265,0.4021,0.598,255975.53,0.8265,4.2663,12.4528,2.0,3.0,0.4794,-3.4992,0.4942,0.0742,-0.8265,0.0192,822.0604,-0.9924,0.3544,0.3323,0.8265,0.0,78.3796
0.975,-20.0021,0.1531,0.2214,0.1825,0.1481,0.7817,140961.06,0.1213,2.3494,11.8562,0.0,0.0,0.1182,-2.4256,0.0948,0.3356,0.1002,0.0227,0.5452,-8.5139,0.369,0.3538,0.975,0.1213,116.0995
0.5826,-1.357,0.0235,0.0688,0.0,0.0536,0.5271,326635.62,0.4304,5.4439,12.6966,4.0,4.0,0.2507,-0.5841,0.2269,0.0235,-0.3616,0.0013,6.1659,-0.2493,0.2409,0.2597,0.5826,0.0,106.6572
0.6428,-9.1813,0.1046,0.1545,0.0516,0.2468,0.836,230421.7,0.7111,3.8404,12.3477,2.0,2.0,0.4571,-6.5291,0.5945,0.1562,-0.5566,0.0258,4.5726,-2.3907,0.3925,0.326,0.836,0.0516,126.6116
0.6814,-8.1318,0.0235,0.0417,0.099,0.4169,0.666,210950.33,0.8341,3.5158,12.2594,1.0,2.0,0.5683,-6.783,0.5556,0.1225,-0.7925,0.0098,19.5527,-2.3129,0.3947,0.3414,0.8341,0.0235,70.4369
0.4466,-1.357,0.1788,0.0,0.1705,0.1717,0.6158,272375.84,0.7185,4.5396,12.5149,3.0,4.0,0.3209,-0.975,0.4424,0.3494,-0.7185,0.0307,714.6362,-0.2989,0.3289,0.2672,0.7185,0.0,76.8486
0.6647,-1.357,0.0519,0.4447,0.0648,0.1276,0.3427,256662.27,0.3469,4.2777,12.4555,2.0,4.0,0.2306,-0.4708,0.1189,0.1167,0.0977,0.0066,0.7785,-0.3172,0.2919,0.2251,0.6647,0.0519,93.9088
0.7917,-3.9813,0.0829,0.3889,0.0,0.0243,0.2837,354950.3,0.6516,5.9158,12.7797,4.0,3.0,0.5159,-2.5942,0.1849,0.0829,-0.2627,0.002,1.6712,-0.673,0.3176,0.3121,0.7917,0.0,165.388
0.4948,-1.357,0.0968,0.2339,0.0,0.3039,0.5677,274621.94,0.8653,4.577,12.5232,3.0,4.0,0.4281,-1.1742,0.4912,0.0968,-0.6314,0.0294,3.6841,-0.2965,0.366,0.2984,0.8653,0.0,131.8646
0.6374,-8.8446,0.0718,0.0211,0.0168,0.0865,0.3526,143900.66,0.3869,2.3983,11.8769,0.0,2.0,0.2466,-3.4217,0.1364,0.0886,-0.3658,0.0062,17.5352,-3.6878,0.2247,0.2381,0.6374,0.0168,116.779
0.6374,-3.9478,0.0815,0.1832,0.0,0.0243,0.6114,283613.38,0.4911,4.7269,12.5554,3.0,4.0,0.313,-1.9386,0.3002,0.0815,-0.3079,0.002,2.6658,-0.8352,0.2898,0.2811,0.6374,0.0,103.4909
0.5631,-10.7339,0.0623,0.5672,0.3776,0.1161,0.5157,362352.28,0.7883,6.0392,12.8004,4.0,1.0,0.4439,-8.4619,0.4066,0.4399,-0.2211,0.0072,1.3873,-1.7774,0.4272,0.261,0.7883,0.0623,151.0592
0.8049,-6.3725,0.0235,0.1245,0.1769,0.4177,0.6513,180121.5,0.2721,3.002,12.1014,0.0,3.0,0.219,-1.7337,0.1772,0.2004,-0.1476,0.0098,2.1678,-2.1227,0.353,0.2874,0.8049,0.0235,117.0195
0.77,-3.487,0.07,0.5917,0.0,0.0799,0.5799,223965.34,0.0708,3.7328,12.3193,1.0,4.0,0.0545,-0.2469,0.0411,0.07,0.5209,0.0056,0.1194,-0.9342,0.3089,0.3234,0.77,0.0,78.6985
0.5425,-7.1917,0.0528,0.3978,0.0179,0.1833,0.5928,273518.22,0.0688,4.5586,12.5191,3.0,2.0,0.0373,-0.4948,0.0408,0.0707,0.329,0.0097,0.1725,-1.5776,0.2651,0.2427,0.5928,0.0179,78.6243
0.7238,-6.7191,0.0235,0.3313,0.0,0.087,0.9077,315842.3,0.3138,5.264,12.663,4.0,3.0,0.2271,-2.1085,0.2848,0.0235,0.0175,0.002,0.9443,-1.2764,0.341,0.3536,0.9077,0.0,126.0553
0.6729,-11.9086,0.0235,0.3874,0.3345,0.1856,0.4036,241590.78,0.0925,4.0265,12.395,2.0,1.0,0.0622,-1.1011,0.0373,0.358,0.295,0.0044,0.2381,-2.9575,0.3,0.2203,0.6729,0.0235,72.4948
0.7356,-8.5397,0.0235,0.0,0.0692,0.17,0.2868,226570.14,0.4821,3.7762,12.3308,1.0,2.0,0.3546,-4.1173,0.1383,0.0927,-0.4821,0.004,479.5628,-2.2615,0.2525,0.272,0.7356,0.0,136.4626
0.975,-6.0713,0.0702,0.0,0.1064,0.158,0.978,211427.16,0.5074,3.5238,12.2616,1.0,3.0,0.4947,-3.0806,0.4962,0.1765,-0.5074,0.0111,504.6948,-1.7229,0.3993,0.4262,0.978,0.0,138.3959
0.7378,-1.357,0.1093,0.5239,0.0108,0.0243,0.3158,145718.55,0.6585,2.4286,11.8894,0.0,4.0,0.4858,-0.8935,0.208,0.1201,-0.1346,0.0027,1.2545,-0.5587,0.3401,0.3042,0.7378,0.0108,116.8449
0.3949,-1.357,0.1049,0.1597,0.0,0.1144,0.0256,229015.14,0.9878,3.8169,12.3415,1.0,4.0,0.3901,-1.3404,0.0253,0.1049,-0.8281,0.012,6.1461,-0.3555,0.2553,0.3477,0.9878,0.0,166.2282
0.4347,-1.357,0.0235,0.2478,0.0,0.263,0.3315,231294.72,0.7167,3.8549,12.3515,2.0,4.0,0.3115,-0.9725,0.2376,0.0235,-0.4689,0.0062,2.8805,-0.352,0.2882,0.2457,0.7167,0.0,75.7608
0.6907,-10.2715,0.0235,0.2346,0.1841,0.2925,0.5545,106625.94,0.3923,1.7771,11.5771,0.0,1.0,0.2709,-4.0292,0.2175,0.2076,-0.1576,0.0069,1.6647,-5.7799,0.3389,0.2272,0.6907,0.0235,133.5568
0.6384,-5.8845,0.0235,0.8137,0.0,0.2502,0.7419,176488.9,0.1519,2.9415,12.081,0.0,3.0,0.097,-0.8937,0.1127,0.0235,0.6618,0.0059,0.1864,-2.0005,0.3742,0.3478,0.8137,0.0,129.238
0.5692,-7.2431,0.0779,0.5067,0.291,0.085,0.1848,152289.92,0.5415,2.5382,11.9335,0.0,2.0,0.3082,-3.9224,0.1001,0.3688,-0.0348,0.0066,1.0666,-2.8537,0.3223,0.2156,0.5692,0.0779,70.4914
0.5858,-9.7373,0.0235,0.6391,0.2481,0.3424,0.3981,351146.66,0.1223,5.8524,12.769,4.0,1.0,0.0716,-1.1905,0.0487,0.2716,0.5168,0.008,0.191,-1.6638,0.337,0.227,0.6391,0.0235,120.6379
0.975,-12.8263,0.0927,0.6201,0.0,0.0243,0.5473,266786.12,0.6926,4.4464,12.4942,3.0,0.0,0.6753,-8.8835,0.379,0.0927,-0.0725,0.0023,1.1152,-2.8846,0.4217,0.3827,0.975,0.0,131.5784
0.7392,-10.3512,0.0587,0.17,0.019,0.4567,0.6471,232567.73,0.1632,3.8761,12.3569,2.0,1.0,0.1206,-1.6893,0.1056,0.0777,0.0068,0.0268,0.9542,-2.6705,0.322,0.2908,0.7392,0.019,142.1588
0.8248,-3.339,0.0235,0.0289,0.3118,0.0697,0.7374,181793.0,0.7974,3.0299,12.1106,0.0,4.0,0.6577,-2.6625,0.588,0.3353,-0.7685,0.0016,26.6981,-1.102,0.3991,0.3761,0.8248,0.0235,130.8312
0.6459,-1.357,0.1689,0.3049,0.0,0.1331,0.928,290159.78,0.7393,4.836,12.5782,3.0,4.0,0.4775,-1.0032,0.686,0.1689,-0.4343,0.0225,2.4165,-0.2806,0.4171,0.3526,0.928,0.0,95.1881
0.4645,-6.7388,0.1177,0.4209,0.0,0.0243,0.8115,208905.36,0.9391,3.4818,12.2496,1.0,3.0,0.4363,-6.3286,0.7621,0.1177,-0.5183,0.0029,2.2261,-1.9354,0.3969,0.3753,0.9391,0.0,135.1706
0.5898,-6.6361,0.0235,0.1515,0.0851,0.0786,0.4515,282556.9,0.5649,4.7093,12.5516,3.0,3.0,0.3332,-3.7485,0.255,0.1086,-0.4134,0.0018,3.704,-1.4092,0.2778,0.2474,0.5898,0.0235,144.3064
0.5716,-6.6713,0.1323,0.0,0.0,0.0243,0.7802,254063.75,0.5957,4.2344,12.4453,2.0,3.0,0.3405,-3.9743,0.4648,0.1323,-0.5957,0.0032,592.5572,-1.5755,0.3006,0.3356,0.7802,0.0,168.1134
0.4715,-4.3557,0.1086,0.1444,0.0,0.2378,0.7586,180904.66,0.2211,3.0151,12.1057,0.0,3.0,0.1043,-0.9632,0.1677,0.1086,-0.0767,0.0258,1.5204,-1.4446,0.2774,0.2572,0.7586,0.0,109.7941
0.413,-5.8682,0.1457,0.3838,0.1099,0.2812,0.6796,325826.53,0.4118,5.4304,12.6941,4.0,3.0,0.1701,-2.4165,0.2799,0.2557,-0.028,0.041,1.0701,-1.0806,0.3464,0.1922,0.6796,0.1099,78.6264
0.6378,-1.357,0.0235,0.1374,0.0058,0.3395,0.5397,211766.08,0.2635,3.5294,12.2632,1.0,4.0,0.168,-0.3575,0.1422,0.0293,-0.126,0.008,1.9033,-0.3845,0.2782,0.2451,0.6378,0.0058,65.1606
0.9487,-17.2479,0.0711,0.3061,0.0,0.0243,0.71,217651.28,0.3712,3.6275,12.2907,1.0,0.0,0.3522,-6.4024,0.2636,0.0711,-0.0651,0.0017,1.2088,-4.7547,0.3473,0.3644,0.9487,0.0,111.7245
0.6077,-9.9912,0.0987,0.0749,0.0999,0.1925,0.4557,217506.08,0.4925,3.6251,12.29,1.0,1.0,0.2993,-4.9203,0.2244,0.1986,-0.4176,0.019,6.4901,-2.7561,0.2888,0.2228,0.6077,0.0749,107.0787
0.6165,-8.3318,0.068,0.0,0.2363,0.3613,0.1838,262644.22,0.6812,4.3774,12.4786,3.0,2.0,0.42,-5.6756,0.1252,0.3043,-0.6812,0.0246,677.5682,-1.9034,0.3067,0.2615,0.6812,0.0,152.3647
0.6217,-4.8392,0.0235,0.3898,0.1116,0.2885,0.2338,291221.53,0.4229,4.8537,12.5818,3.0,3.0,0.2629,-2.0464,0.0989,0.1351,-0.033,0.0068,1.082,-0.997,0.2988,0.2013,0.6217,0.0235,141.5621
0.49,-11.9814,0.0235,0.068,0.2369,0.3029,0.0256,160966.94,0.4948,2.6828,11.989,0.0,1.0,0.2425,-5.9284,0.0127,0.2604,-0.4268,0.0071,7.1708,-4.466,0.2345,0.2056,0.4948,0.0235,134.8649
0.666,-6.9816,0.0968,0.2708,0.2404,0.0575,0.2656,270747.84,0.4025,4.5125,12.5089,3.0,2.0,0.268,-2.8099,0.1069,0.3373,-0.1316,0.0056,1.4806,-1.5472,0.2857,0.2036,0.666,0.0575,128.6509
0.5696,-2.4305,0.0769,0.0,0.0,0.178,0.2629,273862.53,0.566,4.5644,12.5204,3.0,4.0,0.3224,-1.3757,0.1488,0.0769,-0.566,0.0137,562.9824,-0.5325,0.2362,0.2453,0.5696,0.0,123.5015
0.8907,-4.068,0.0467,0.0822,0.0466,0.2778,0.8128,223473.69,0.2735,3.7246,12.3171,1.0,3.0,0.2436,-1.1125,0.2223,0.0933,-0.1912,0.013,3.2857,-1.0922,0.3472,0.359,0.8907,0.0466,111.5843
0.6778,-10.7877,0.0729,0.3469,0.0024,0.0888,0.3889,253335.06,0.0479,4.2223,12.4425,2.0,1.0,0.0324,-0.5164,0.0186,0.0753,0.299,0.0065,0.1376,-2.555,0.2322,0.248,0.6778,0.0024,104.3003
0.6035,-9.9473,0.0564,0.1344,0.0437,0.2236,0.3863,253625.62,0.2328,4.2271,12.4436,2.0,1.0,0.1405,-2.3157,0.0899,0.1002,-0.0984,0.0126,1.7187,-2.3532,0.2401,0.1988,0.6035,0.0437,84.2104
0.8148,-7.7499,0.0235,0.0,0.3119,0.1848,0.4401,184936.47,0.9241,3.0823,12.1278,1.0,2.0,0.753,-7.1619,0.4067,0.3354,-0.9241,0.0043,919.2064,-2.5143,0.3856,0.3658,0.9241,0.0,117.9794
0.8609,-11.9705,0.0235,0.3553,0.0,0.1353,0.577,218838.4,0.1487,3.6473,12.2961,1.0,1.0,0.128,-1.7804,0.0858,0.0235,0.2066,0.0032,0.4174,-3.282,0.3001,0.3191,0.8609,0.0,143.6866
0.8383,-7.3199,0.05,0.1077,0.2224,0.3968,0.5612,164497.31,0.4148,2.7416,12.0107,0.0,2.0,0.3477,-3.0363,0.2328,0.2724,-0.3071,0.0198,3.8149,-2.6699,0.3702,0.2743,0.8383,0.05,127.6422
0.5623,-2.5311,0.0235,0.3099,0.1244,0.3266,0.4426,248672.81,0.6495,4.1445,12.4239,2.0,4.0,0.3653,-1.6441,0.2875,0.1479,-0.3397,0.0077,2.0895,-0.6107,0.3484,0.2247,0.6495,0.0235,129.5152
0.3955,-7.3349,0.0739,0.4825,0.0,0.0243,0.6816,237519.33,0.3267,3.9587,12.378,2.0,2.0,0.1292,-2.3966,0.2227,0.0739,0.1557,0.0018,0.6758,-1.8529,0.2835,0.2595,0.6816,0.0,136.1463
0.7262,-10.0996,0.0585,0.2729,0.0853,0.336,0.5068,204944.48,0.1087,3.4157,12.2305,1.0,1.0,0.079,-1.0982,0.0551,0.1438,0.1642,0.0196,0.397,-2.9568,0.2992,0.2475,0.7262,0.0585,99.7669
0.7414,-4.8541,0.1936,0.3348,0.0,0.0243,0.8792,142655.89,0.4435,2.3776,11.8682,0.0,3.0,0.3288,-2.1526,0.3899,0.1936,-0.1086,0.0047,1.3204,-2.0416,0.3738,0.3394,0.8792,0.0,104.4923
0.5719,-9.8586,0.0235,0.3727,0.0196,0.2045,0.6185,174470.97,0.0548,2.9078,12.0695,0.0,1.0,0.0313,-0.5403,0.0339,0.0431,0.3179,0.0048,0.1467,-3.3903,0.2665,0.2573,0.6185,0.0196,155.2497
0.4949,-5.0734,0.1308,0.2267,0.0,0.183,0.0256,182611.72,0.8827,3.0435,12.1151,0.0,3.0,0.4369,-4.4781,0.0226,0.1308,-0.6559,0.0239,3.8761,-1.6669,0.2777,0.3128,0.8827,0.0,156.3072
0.7234,-14.1861,0.1312,0.5365,0.039,0.3,0.5869,170734.31,0.0782,2.8456,12.0479,0.0,0.0,0.0566,-1.1094,0.0459,0.1703,0.4583,0.0394,0.1455,-4.9853,0.3422,0.2741,0.7234,0.039,116.4142
0.468,-6.661,0.1374,0.0145,0.1606,0.0243,0.4859,252650.88,0.9835,4.2108,12.4398,2.0,3.0,0.4603,-6.5514,0.4779,0.2981,-0.969,0.0033,63.3664,-1.5819,0.3249,0.3486,0.9835,0.0145,114.7076
0.6519,-11.8347,0.0667,0.0036,0.1636,0.2284,0.6332,288437.84,0.9583,4.8073,12.5722,3.0,1.0,0.6247,-11.3408,0.6067,0.2303,-0.9546,0.0152,206.7147,-2.4618,0.3865,0.361,0.9583,0.0036,108.3979
0.6079,-9.1589,0.0544,0.1234,0.0,0.3085,0.5645,262083.28,0.6837,4.3681,12.4764,3.0,2.0,0.4156,-6.2616,0.3859,0.0544,-0.5602,0.0168,5.4945,-2.0968,0.3346,0.2844,0.6837,0.0,134.171
0.4516,-4.8901,0.0235,0.2749,0.2345,0.1233,0.0256,286973.75,0.9123,4.7829,12.5671,3.0,3.0,0.412,-4.4614,0.0234,0.258,-0.6374,0.0029,3.3062,-1.0224,0.2923,0.3124,0.9123,0.0235,116.4627
0.5559,-10.7515,0.1188,0.3546,0.0,0.0243,0.5927,169978.69,0.9778,2.833,12.0434,0.0,1.0,0.5435,-10.5128,0.5795,0.1188,-0.6232,0.0029,2.7495,-3.7951,0.3749,0.359,0.9778,0.0,107.119
0.692,-11.8921,0.0474,0.1735,0.1034,0.1085,0.3058,209878.28,0.0632,3.498,12.2543,1.0,1.0,0.0437,-0.7516,0.0193,0.1507,0.1103,0.0051,0.3622,-3.3997,0.2134,0.2282,0.692,0.0474,104.7423
0.6332,-9.8291,0.0235,0.3653,0.3653,0.1823,0.5924,207586.81,0.1435,3.4598,12.2433,1.0,1.0,0.0908,-1.4102,0.085,0.3888,0.2218,0.0043,0.3917,-2.841,0.3294,0.2287,0.6332,0.0235,57.507
0.7171,-12.0518,0.0935,0.2668,0.3813,0.0621,0.4558,148034.72,0.8193,2.4672,11.9052,0.0,1.0,0.5875,-9.8744,0.3735,0.4748,-0.5526,0.0058,3.0599,-4.8847,0.3994,0.2903,0.8193,0.0621,134.8698
0.4765,-8.814,0.1407,0.2659,0.0,0.0243,0.2468,305633.9,0.7049,5.0939,12.6301,4.0,2.0,0.3359,-6.2127,0.174,0.1407,-0.439,0.0034,2.6411,-1.7303,0.2656,0.2524,0.7049,0.0,96.7184
0.3337,-1.357,0.0235,0.0,0.0,0.1119,0.3841,251069.83,0.874,4.1845,12.4335,2.0,4.0,0.2916,-1.186,0.3357,0.0235,-0.874,0.0026,869.3403,-0.3243,0.2467,0.3188,0.874,0.0,98.0397
0.3304,-1.357,0.0744,0.0395,0.1331,0.0243,0.3955,203685.73,0.9928,3.3948,12.2243,1.0,4.0,0.328,-1.3472,0.3926,0.2075,-0.9533,0.0018,24.4872,-0.3997,0.2843,0.3442,0.9928,0.0243,84.2817
0.6627,-4.4023,0.0354,0.0532,0.0,0.052,0.2337,152036.05,0.4925,2.5339,11.9319,0.0,3.0,0.3264,-2.1683,0.1151,0.0354,-0.4393,0.0018,9.0872,-1.7374,0.2185,0.2611,0.6627,0.0,117.0384
0.6209,-6.7927,0.1148,0.3641,0.0,0.0583,0.1545,180414.9,0.8547,3.0069,12.103,0.0,3.0,0.5307,-5.806,0.132,0.1148,-0.4907,0.0067,2.3414,-2.259,0.3096,0.321,0.8547,0.0,159.9829
0.599,-11.9489,0.1227,0.1222,0.0,0.2728,0.4824,243344.03,0.2997,4.0557,12.4022,2.0,1.0,0.1795,-3.5815,0.1446,0.1227,-0.1775,0.0335,2.4325,-2.9462,0.2713,0.2124,0.599,0.0,115.0535
0.908,-8.8465,0.1798,0.6313,0.1527,0.279,0.8656,271423.84,0.0829,4.5237,12.5114,3.0,2.0,0.0753,-0.7337,0.0718,0.3325,0.5484,0.0502,0.1312,-1.9556,0.4428,0.3513,0.908,0.0829,132.1787
0.6819,-6.8395,0.1268,0.3849,0.0888,0.0783,0.0256,261284.61,0.8227,4.3547,12.4734,3.0,3.0,0.5609,-5.6266,0.0211,0.2156,-0.4377,0.0099,2.1315,-1.5706,0.3156,0.3224,0.8227,0.0256,150.1358
0.8954,-7.9374,0.0312,0.4413,0.0,0.0243,0.5629,177056.75,0.9237,2.9509,12.0842,0.0,2.0,0.8271,-7.3315,0.5199,0.0312,-0.4824,0.0008,2.0883,-2.6898,0.4112,0.405,0.9237,0.0,101.917
0.6382,-9.8594,0.0235,0.7227,0.1909,0.1147,0.5672,261937.1,0.4185,4.3656,12.4759,3.0,1.0,0.2671,-4.1258,0.2373,0.2144,0.3042,0.0027,0.5783,-2.2584,0.3822,0.275,0.7227,0.0235,143.9365
0.6569,-15.9223,0.0618,0.3901,0.2817,0.2925,0.7349,241538.25,0.0369,4.0256,12.3948,2.0,0.0,0.0242,-0.587,0.0271,0.3435,0.3532,0.0181,0.0943,-3.9552,0.3507,0.2686,0.7349,0.0369,100.2183
0.7026,-10.0372,0.1587,0.0554,0.1897,0.2318,0.6688,251662.69,0.5744,4.1944,12.4358,2.0,1.0,0.4036,-5.7654,0.3842,0.3484,-0.519,0.0368,10.1912,-2.393,0.3688,0.2699,0.7026,0.0554,102.1777
0.8149,-10.6836,0.1144,0.2938,0.0,0.251,0.5559,324428.47,0.0731,5.4071,12.6898,4.0,1.0,0.0596,-0.7813,0.0407,0.1144,0.2207,0.0287,0.248,-1.9758,0.3005,0.2912,0.8149,0.0,77.9712
0.6838,-10.0711,0.0235,0.6333,0.144,0.1112,0.5278,182476.84,0.0787,3.0413,12.1144,0.0,1.0,0.0538,-0.7923,0.0415,0.1675,0.5546,0.0026,0.124,-3.3115,0.3146,0.287,0.6838,0.0235,166.8669
0.6379,-17.7669,0.0466,0.5988,0.0814,0.1415,0.46,236059.72,0.0937,3.9343,12.3718,2.0,0.0,0.0597,-1.6642,0.0431,0.1279,0.5051,0.0066,0.1562,-4.5159,0.2943,0.2609,0.6379,0.0466,124.3788
0.6064,-9.3799,0.0979,0.4763,0.0387,0.2455,0.6429,220181.06,0.1428,3.6697,12.3022,1.0,2.0,0.0866,-1.3394,0.0918,0.1366,0.3335,0.024,0.2992,-2.556,0.3215,0.2504,0.6429,0.0387,170.1345
0.5813,-11.6331,0.078,0.5928,0.3601,0.0745,0.7376,323623.88,0.0565,5.3937,12.6873,4.0,1.0,0.0328,-0.6569,0.0416,0.4381,0.5363,0.0058,0.0951,-2.1568,0.3544,0.2883,0.7376,0.0565,124.2157
0.758,-18.6373,0.0636,0.1341,0.0,0.0243,0.5309,174929.5,0.3785,2.9155,12.0721,0.0,0.0,0.2869,-7.0536,0.2009,0.0636,-0.2444,0.0015,2.8021,-6.3925,0.2699,0.2922,0.758,0.0,123.465
0.4967,-17.16,0.0235,0.3095,0.0,0.055,0.7448,273542.7,0.2854,4.559,12.5192,3.0,0.0,0.1418,-4.8975,0.2126,0.0235,0.0241,0.0013,0.9192,-3.764,0.2736,0.2764,0.7448,0.0,125.8839
0.8377,-1.357,0.0235,0.0,0.4239,0.2201,0.35,253732.12,0.8988,4.2289,12.444,2.0,4.0,0.7529,-1.2197,0.3146,0.4474,-0.8988,0.0052,894.0081,-0.3209,0.3934,0.3599,0.8988,0.0,141.4716
0.6015,-11.597,0.1186,0.3526,0.0872,0.0918,0.2884,296461.62,0.1446,4.941,12.5997,4.0,1.0,0.087,-1.6769,0.0417,0.2057,0.208,0.0109,0.409,-2.3471,0.2407,0.1892,0.6015,0.0872,113.294
0.975,-5.3245,0.1514,0.1606,0.0746,0.3525,0.7493,362024.5,0.4064,6.0337,12.7995,4.0,3.0,0.3962,-2.1639,0.3045,0.2259,-0.2458,0.0534,2.5152,-0.8824,0.41,0.3365,0.975,0.0746,165.962
0.483,-14.1765,0.0979,0.3688,0.0,0.302,0.5529,267400.66,0.0263,4.4567,12.4965,3.0,0.0,0.0127,-0.3724,0.0145,0.0979,0.3425,0.0296,0.071,-3.181,0.2615,0.2227,0.5529,0.0,113.6352
0.6467,-6.3939,0.0876,0.3727,0.039,0.0243,0.846,331226.6,0.6367,5.5204,12.7106,4.0,3.0,0.4117,-4.0708,0.5386,0.1266,-0.264,0.0021,1.7039,-1.1582,0.379,0.3373,0.846,0.0243,107.6068
0.7152,-14.5278,0.1645,0.2525,0.3201,0.2827,0.5839,137592.83,0.2677,2.2932,11.8321,0.0,0.0,0.1915,-3.8896,0.1563,0.4846,-0.0152,0.0465,1.0562,-6.3351,0.3695,0.2006,0.7152,0.1645,102.638
0.7192,-7.1435,0.1048,0.4488,0.1213,0.2135,0.6934,259261.23,0.1209,4.321,12.4656,3.0,2.0,0.0869,-0.8634,0.0838,0.2261,0.328,0.0224,0.2687,-1.6532,0.346,0.2731,0.7192,0.1048,112.3453
0.4331,-9.8913,0.0775,0.1538,0.0099,0.0908,0.51,283595.34,0.8944,4.7266,12.5553,3.0,1.0,0.3874,-8.8468,0.4561,0.0874,-0.7406,0.007,5.7765,-2.0927,0.3099,0.3197,0.8944,0.0099,118.997
0.8362,-9.9342,0.0715,0.0,0.0,0.2041,0.7372,225652.73,0.8581,3.7609,12.3268,1.0,1.0,0.7176,-8.5248,0.6326,0.0715,-0.8581,0.0146,853.5583,-2.6414,0.3867,0.4039,0.8581,0.0,83.6616
0.48,-9.7694,0.0235,0.306,0.0,0.1233,0.7419,273574.66,0.2069,4.5596,12.5193,3.0,1.0,0.0993,-2.021,0.1535,0.0235,0.0992,0.0029,0.6738,-2.1426,0.2688,0.2668,0.7419,0.0,115.4687
0.6395,-7.9473,0.0774,0.3545,0.0,0.0243,0.4033,174820.88,0.5119,2.9137,12.0715,0.0,2.0,0.3273,-4.068,0.2064,0.0774,-0.1573,0.0019,1.4397,-2.7276,0.2873,0.2544,0.6395,0.0,127.145
0.5601,-7.1915,0.0379,0.0792,0.0,0.0243,0.4985,225570.56,0.5538,3.7595,12.3264,1.0,2.0,0.3102,-3.9826,0.2761,0.0379,-0.4746,0.0009,6.9024,-1.9129,0.2506,0.2701,0.5601,0.0,85.5111
0.4419,-9.3638,0.1218,0.4957,0.2909,0.1719,0.0256,352488.12,0.6164,5.8748,12.7728,4.0,2.0,0.2724,-5.7719,0.0158,0.4127,-0.1207,0.0209,1.2409,-1.5939,0.3092,0.2166,0.6164,0.0256,108.6007
0.6778,-2.7349,0.0979,0.0,0.2589,0.0243,0.3679,288052.78,0.6901,4.8009,12.5709,3.0,4.0,0.4677,-1.8873,0.2539,0.3568,-0.6901,0.0024,686.3876,-0.5697,0.3024,0.291,0.6901,0.0,87.9765
0.6431,-3.5698,0.0566,0.0,0.438,0.0243,0.2669,282364.6,0.8233,4.7061,12.551,3.0,4.0,0.5295,-2.9391,0.2197,0.4946,-0.8233,0.0014,818.9438,-0.7585,0.3217,0.325,0.8233,0.0,164.9458
0.8232,-5.3964,0.0235,0.36,0.0,0.2149,0.475,171713.3,0.7163,2.8619,12.0536,0.0,3.0,0.5896,-3.8653,0.3402,0.0235,-0.3562,0.0051,1.984,-1.8856,0.3733,0.3208,0.8232,0.0,120.4406
0.6975,-12.3417,0.1569,0.5733,0.0942,0.2236,0.7469,141846.02,0.0064,2.3641,11.8625,0.0,1.0,0.0045,-0.079,0.0048,0.251,0.5669,0.0351,0.0111,-5.2205,0.357,0.3068,0.7469,0.0064,122.4032
0.5847,-4.7576,0.05,0.1871,0.0,0.1474,0.6809,241424.97,0.6649,4.0238,12.3943,2.0,3.0,0.3888,-3.1632,0.4527,0.05,-0.4778,0.0074,3.5354,-1.1824,0.3307,0.3004,0.6809,0.0,140.2173
0.6213,-8.4607,0.1055,0.2748,0.0339,0.2362,0.8711,217826.36,0.0929,3.6304,12.2915,1.0,2.0,0.0577,-0.7857,0.0809,0.1395,0.182,0.0249,0.3367,-2.3305,0.3194,0.3117,0.8711,0.0339,126.7201
0.6347,-4.1933,0.0842,0.1689,0.4439,0.0243,0.7887,122659.27,0.5268,2.0443,11.7172,0.0,3.0,0.3344,-2.2091,0.4155,0.5281,-0.3579,0.002,3.1006,-2.0512,0.3816,0.2933,0.7887,0.0243,146.733
0.342,-5.9081,0.0235,0.2407,0.1018,0.1139,0.3516,341644.62,0.5516,5.6941,12.7415,4.0,3.0,0.1887,-3.2589,0.1939,0.1253,-0.3109,0.0027,2.282,-1.0376,0.2465,0.1833,0.5516,0.0235,110.3326
0.7727,-9.7567,0.0235,0.0,0.3868,0.1696,0.5025,274946.9,0.1611,4.5824,12.5243,3.0,1.0,0.1245,-1.5721,0.081,0.4103,-0.1611,0.004,160.2743,-2.1291,0.288,0.281,0.7727,0.0,125.9466
0.488,-7.0929,0.0345,0.0,0.0,0.0243,0.7386,143688.6,0.9393,2.3948,11.8754,0.0,2.0,0.4584,-6.6626,0.6937,0.0345,-0.9393,0.0008,934.3254,-2.9618,0.3178,0.4001,0.9393,0.0,124.9039
0.6404,-7.2954,0.1815,0.0,0.0,0.2363,0.275,163381.14,0.2565,2.723,12.0038,0.0,2.0,0.1642,-1.871,0.0705,0.1815,-0.2565,0.0429,255.0993,-2.6792,0.2271,0.2158,0.6404,0.0,62.8953
0.7565,-15.7942,0.0857,0.0,0.0079,0.3066,0.4228,378894.38,0.7883,6.3149,12.845,4.0,0.0,0.5963,-12.45,0.3333,0.0936,-0.7883,0.0263,784.0641,-2.5011,0.3383,0.3349,0.7883,0.0,116.2653
0.6611,-10.8691,0.1606,0.535,0.0,0.0243,0.5349,256499.5,0.5673,4.275,12.4549,2.0,1.0,0.3751,-6.1664,0.3035,0.1606,-0.0323,0.0039,1.0585,-2.5425,0.3548,0.2819,0.6611,0.0,105.8138
0.6539,-14.0525,0.0598,0.3385,0.1298,0.1479,0.4578,256771.3,0.0117,4.2795,12.4559,2.0,0.0,0.0077,-0.1649,0.0054,0.1897,0.3268,0.0089,0.0346,-3.2837,0.2571,0.2351,0.6539,0.0117,139.6932
0.6909,-16.3916,0.045,0.2713,0.1897,0.1334,0.6345,126888.086,0.0104,2.1148,11.7511,0.0,0.0,0.0072,-0.1705,0.0066,0.2348,0.2609,0.006,0.0382,-7.7509,0.2822,0.2745,0.6909,0.0104,137.3601
0.4422,-8.1039,0.0905,0.2787,0.0126,0.1563,0.6056,153934.5,0.0519,2.5656,11.9443,0.0,2.0,0.023,-0.4209,0.0315,0.1031,0.2267,0.0142,0.1857,-3.1587,0.234,0.2207,0.6056,0.0126,128.0658
0.8262,-9.5533,0.0967,0.1729,0.332,0.2416,0.3328,296844.38,0.0743,4.9474,12.601,4.0,2.0,0.0614,-0.7095,0.0247,0.4287,0.0987,0.0234,0.427,-1.931,0.2966,0.2552,0.8262,0.0743,136.9827
0.5272,-2.6035,0.0519,0.7391,0.0,0.0243,0.6647,159519.28,0.7718,2.6587,11.9799,0.0,4.0,0.4069,-2.0094,0.513,0.0519,-0.0327,0.0013,1.0428,-0.9793,0.397,0.3563,0.7718,0.0,175.9322
0.4315,-5.9175,0.077,0.2537,0.1327,0.0243,0.5057,337876.88,0.9473,5.6313,12.7304,4.0,3.0,0.4088,-5.6058,0.4791,0.2098,-0.6937,0.0019,3.7201,-1.0508,0.3389,0.3225,0.9473,0.0243,111.0492
0.3595,-11.2346,0.0235,0.0993,0.3971,0.2079,0.535,284970.8,0.7388,4.7495,12.5601,3.0,1.0,0.2656,-8.3001,0.3952,0.4206,-0.6395,0.0049,7.3646,-2.3654,0.3373,0.2504,0.7388,0.0235,126.9378
0.4361,-1.7041,0.0595,0.0,0.076,0.3346,0.3327,153841.19,0.9975,2.564,11.9437,0.0,4.0,0.435,-1.6999,0.3319,0.1355,-0.9975,0.0199,992.2151,-0.6646,0.3195,0.3422,0.9975,0.0,129.282
0.7054,-10.8796,0.0235,0.3885,0.0751,0.1359,0.5925,187816.0,0.0688,3.1303,12.1432,1.0,1.0,0.0485,-0.7485,0.0408,0.0986,0.3197,0.0032,0.1766,-3.4756,0.2842,0.2779,0.7054,0.0235,86.3153
0.6829,-4.9229,0.0955,0.4714,0.15,0.0288,0.253,215838.48,0.6295,3.5973,12.2823,1.0,3.0,0.4299,-3.0988,0.1593,0.2455,-0.1581,0.0028,1.3326,-1.3685,0.3301,0.264,0.6829,0.0288,117.6658
0.7384,-10.1446,0.0235,0.8455,0.0,0.1314,0.1159,264708.53,0.5384,4.4118,12.4864,3.0,1.0,0.3975,-5.4618,0.0624,0.0235,0.3071,0.0031,0.6361,-2.2994,0.3419,0.3566,0.8455,0.0,136.5962
0.664,-1.357,0.1083,0.0,0.0308,0.3056,0.3726,283871.78,0.5202,4.7312,12.5563,3.0,4.0,0.3454,-0.7059,0.1938,0.1392,-0.5202,0.0331,517.4266,-0.2868,0.2859,0.253,0.664,0.0,145.6292
0.8924,-17.8047,0.0594,0.5443,0.0,0.0777,0.753,276051.25,0.0997,4.6009,12.5283,3.0,0.0,0.0889,-1.7745,0.075,0.0594,0.4446,0.0046,0.1828,-3.8699,0.3466,0.3737,0.8924,0.0,125.2782
0.3916,-12.6424,0.0235,0.1483,0.0,0.3059,0.7905,270858.12,0.4822,4.5143,12.5094,3.0,0.0,0.1888,-6.0962,0.3812,0.0235,-0.3339,0.0072,3.2294,-2.8005,0.306,0.2803,0.7905,0.0,106.0722
0.5885,-13.9175,0.0235,0.119,0.0795,0.1857,0.9471,206789.38,0.4188,3.4465,12.2395,1.0,0.0,0.2465,-5.8286,0.3967,0.103,-0.2998,0.0044,3.4906,-4.0382,0.3375,0.336,0.9471,0.0235,157.4968
0.975,-14.8689,0.0995,0.2267,0.0439,0.2389,0.294,180553.44,0.3552,3.0092,12.1038,0.0,0.0,0.3463,-5.2814,0.1044,0.1433,-0.1285,0.0238,1.5598,-4.9411,0.319,0.3085,0.975,0.0439,68.187
0.3732,-1.357,0.058,0.0856,0.0985,0.0324,0.7018,238501.89,0.719,3.975,12.3821,2.0,4.0,0.2683,-0.9757,0.5046,0.1565,-0.6334,0.0019,8.3071,-0.3414,0.2955,0.3052,0.719,0.0324,131.9216
0.7693,-6.0712,0.0872,0.2264,0.0465,0.0243,0.2721,231792.72,0.719,3.8632,12.3536,2.0,3.0,0.5531,-4.3652,0.1956,0.1337,-0.4926,0.0021,3.1612,-1.5716,0.3064,0.3129,0.7693,0.0243,112.7313
0.7812,-2.8907,0.0447,0.0,0.0649,0.121,0.507,261393.44,0.9443,4.3566,12.4738,3.0,4.0,0.7377,-2.7298,0.4788,0.1095,-0.9443,0.0054,939.2987,-0.6635,0.3519,0.3901,0.9443,0.0,135.0025
0.975,-5.8142,0.0235,0.0,0.0,0.1667,0.8181,266976.22,0.7693,4.4496,12.4949,3.0,3.0,0.7501,-4.4731,0.6294,0.0235,-0.7693,0.0039,765.2317,-1.3067,0.3932,0.4393,0.975,0.0,110.8448
0.582,-8.7386,0.0235,0.283,0.0,0.332,0.3159,332900.28,0.2789,5.5483,12.7156,4.0,2.0,0.1623,-2.4369,0.0881,0.0235,0.0042,0.0078,0.9818,-1.575,0.2593,0.1985,0.582,0.0,71.7687
0.803,-12.7969,0.0989,0.1138,0.3128,0.0243,0.5344,168909.95,0.6524,2.8152,12.0371,0.0,0.0,0.5239,-8.3487,0.3486,0.4118,-0.5386,0.0024,5.6811,-4.5457,0.3628,0.3044,0.803,0.0243,106.3015
0.843,-1.357,0.1049,0.3239,0.0,0.0243,0.038,307928.78,0.6521,5.1321,12.6376,4.0,4.0,0.5497,-0.8849,0.0248,0.1049,-0.3283,0.0025,2.0075,-0.2644,0.2837,0.3392,0.843,0.0,173.04
0.4264,-3.4588,0.0655,0.0425,0.0391,0.2087,0.4469,264512.25,0.6928,4.4085,12.4856,3.0,4.0,0.2954,-2.3963,0.3096,0.1046,-0.6503,0.0137,15.9363,-0.7846,0.2746,0.2533,0.6928,0.0391,120.1998
0.9384,-8.5668,0.0235,0.4745,0.0,0.1117,0.4612,125732.445,0.2105,2.0955,11.7419,0.0,2.0,0.1976,-1.8036,0.0971,0.0235,0.2639,0.0026,0.4428,-4.0881,0.3171,0.3346,0.9384,0.0,140.3265
0.8466,-12.2713,0.045,0.2595,0.103,0.1709,0.8984,165825.52,0.9371,2.7638,12.0187,0.0,1.0,0.7934,-11.4998,0.8419,0.148,-0.6776,0.0077,3.5971,-4.4401,0.4658,0.4067,0.9371,0.045,110.8876
0.975,-1.8971,0.142,0.444,0.0815,0.0243,0.2745,221802.9,0.7881,3.6967,12.3095,1.0,4.0,0.7684,-1.4952,0.2163,0.2235,-0.3442,0.0034,1.7712,-0.5132,0.3899,0.3668,0.975,0.0243,61.7646
0.7522,-12.8968,0.0568,0.0426,0.1737,0.3069,0.5839,208817.36,0.35,3.4803,12.2492,1.0,0.0,0.2633,-4.5139,0.2044,0.2305,-0.3074,0.0174,8.0349,-3.7057,0.3237,0.2662,0.7522,0.0426,100.2238
0.5529,-1.357,0.1828,0.2959,0.1827,0.2317,0.7929,181513.72,0.2466,3.0252,12.1091,0.0,4.0,0.1363,-0.3346,0.1955,0.3655,0.0493,0.0423,0.8305,-0.4486,0.3551,0.2312,0.7929,0.1827,135.7933
0.4845,-8.0045,0.0802,0.6109,0.2589,0.3737,0.978,286955.3,0.1548,4.7826,12.5671,3.0,2.0,0.075,-1.2391,0.1514,0.3391,0.4561,0.03,0.253,-1.6737,0.4201,0.3071,0.978,0.0802,153.3316
0.696,-13.4333,0.1178,0.0,0.4736,0.0443,0.5637,320597.16,0.9979,5.3433,12.6779,4.0,0.0,0.6945,-13.4047,0.5625,0.5914,-0.9979,0.0052,992.5466,-2.5141,0.4133,0.3746,0.9979,0.0,88.1046
0.64,-9.5691,0.1557,0.1703,0.0326,0.3295,0.4449,254449.23,0.2627,4.2408,12.4469,2.0,2.0,0.1681,-2.5135,0.1169,0.1884,-0.0924,0.0513,1.5334,-2.2564,0.2908,0.2031,0.64,0.0326,121.1374
0.6054,-5.3688,0.1167,0.1891,0.0,0.3356,0.5628,299521.84,0.5674,4.992,12.6099,4.0,3.0,0.3435,-3.0463,0.3194,0.1167,-0.3783,0.0392,2.9851,-1.0755,0.3396,0.245,0.6054,0.0,113.2265
0.735,-17.1459,0.0235,0.0848,0.1315,0.1811,0.3749,214088.92,0.6015,3.5681,12.2742,1.0,0.0,0.4421,-10.3127,0.2255,0.155,-0.5166,0.0043,7.0081,-4.8053,0.3046,0.2741,0.735,0.0235,123.1035
0.8664,-10.0158,0.0819,0.3745,0.2196,0.0243,0.7057,186450.3,0.6425,3.1075,12.1359,1.0,1.0,0.5567,-6.4355,0.4535,0.3015,-0.2681,0.002,1.7113,-3.2231,0.4164,0.3275,0.8664,0.0243,110.0863
0.3676,-8.9179,0.0795,0.0,0.073,0.2588,0.3385,106035.11,0.8258,1.7673,11.5715,0.0,2.0,0.3036,-7.3644,0.2795,0.1525,-0.8258,0.0206,821.3974,-5.0462,0.2776,0.2801,0.8258,0.0,72.2458
0.6966,-11.8667,0.0972,0.0657,0.0577,0.2377,0.0256,249821.84,0.3931,4.1637,12.4285,2.0,1.0,0.2738,-4.6644,0.0101,0.1548,-0.3274,0.0231,5.8962,-2.85,0.2248,0.245,0.6966,0.0256,140.5777
0.6501,-15.8497,0.0976,0.1145,0.0637,0.2396,0.4134,237619.08,0.3914,3.9603,12.3784,2.0,0.0,0.2545,-6.2036,0.1618,0.1613,-0.2769,0.0234,3.3873,-4.0021,0.2815,0.2146,0.6501,0.0637,113.2696
0.4386,-3.1829,0.0235,0.1922,0.1233,0.3771,0.3971,150124.1,0.3765,2.5021,11.9192,0.0,4.0,0.1651,-1.1982,0.1495,0.1468,-0.1843,0.0089,1.9484,-1.2721,0.2755,0.161,0.4386,0.0235,135.7571
0.6449,-3.5545,0.0235,0.1213,0.257,0.194,0.6225,332364.56,0.7566,5.5394,12.714,4.0,4.0,0.4879,-2.6894,0.471,0.2805,-0.6353,0.0046,6.1881,-0.6417,0.3743,0.2928,0.7566,0.0235,141.5139
0.8067,-10.8572,0.0361,0.2429,0.1466,0.0243,0.6337,220691.3,0.3265,3.6782,12.3045,1.0,1.0,0.2634,-3.5445,0.2069,0.1826,-0.0836,0.0009,1.3386,-2.9518,0.3167,0.2998,0.8067,0.0243,103.9595
0.6986,-10.7295,0.0235,0.3279,0.0,0.0717,0.0256,131700.06,0.622,2.195,11.7883,0.0,1.0,0.4345,-6.6738,0.0159,0.0235,-0.2941,0.0017,1.8912,-4.8882,0.2528,0.3004,0.6986,0.0,170.2398
0.8163,-12.7729,0.1026,0.0,0.0,0.0243,0.9071,168886.03,0.7717,2.8148,12.037,0.0,0.0,0.6299,-9.8564,0.7,0.1026,-0.7717,0.0025,767.5526,-4.5378,0.3746,0.4308,0.9071,0.0,153.2945
0.4597,-8.9083,0.0257,0.1669,0.0,0.039,0.4937,217211.98,0.826,3.6202,12.2886,1.0,2.0,0.3797,-7.3583,0.4078,0.0257,-0.6591,0.001,4.9188,-2.4607,0.2873,0.3135,0.826,0.0,124.7951
0.7551,-11.9333,0.0449,0.1688,0.0146,0.0243,0.5469,236450.16,0.7535,3.9408,12.3735,2.0,1.0,0.5689,-8.9913,0.4121,0.0595,-0.5846,0.0011,4.4366,-3.0281,0.3297,0.3433,0.7551,0.0146,159.0251
0.7035,-6.3778,0.0235,0.062,0.3027,0.2288,0.8244,249263.8,0.4845,4.1544,12.4263,2.0,3.0,0.3409,-3.0903,0.3994,0.3262,-0.4225,0.0054,7.6922,-1.5352,0.3756,0.3082,0.8244,0.0235,100.0076
0.7696,-10.1206,0.1144,0.0,0.0,0.14,0.2558,175975.61,0.4611,2.9329,12.0781,0.0,1.0,0.3548,-4.6663,0.118,0.1144,-0.4611,0.016,458.6085,-3.4507,0.2487,0.2799,0.7696,0.0,85.6831
0.3531,-11.9174,0.0235,0.1166,0.0,0.3015,0.9073,238051.72,0.3145,3.9675,12.3802,2.0,1.0,0.111,-3.7476,0.2853,0.0235,-0.1979,0.0071,2.6738,-3.0037,0.2881,0.3085,0.9073,0.0,123.9424
0.4858,-3.7795,0.1628,0.0,0.207,0.0569,0.8342,280047.47,0.637,4.6675,12.5427,3.0,4.0,0.3095,-2.4076,0.5314,0.3698,-0.637,0.0093,633.6039,-0.8098,0.3405,0.3158,0.8342,0.0,130.6444
0.5365,-13.5659,0.04,0.0444,0.2367,0.295,0.611,282538.22,0.6235,4.709,12.5516,3.0,0.0,0.3345,-8.4579,0.3809,0.2767,-0.579,0.0118,13.7226,-2.8809,0.341,0.2525,0.6235,0.04,78.4325
0.477,-6.1065,0.1457,0.0,0.0,0.0876,0.5727,246538.39,0.6149,4.109,12.4153,2.0,3.0,0.2933,-3.7547,0.3521,0.1457,-0.6149,0.0128,611.5886,-1.4861,0.2711,0.2732,0.6149,0.0,104.8352
0.5749,-4.9564,0.1099,0.3688,0.0539,0.0243,0.6094,282035.94,0.5975,4.7006,12.5498,3.0,3.0,0.3435,-2.9613,0.3641,0.1638,-0.2286,0.0027,1.6154,-1.0544,0.3341,0.2674,0.6094,0.0243,137.8512
0.975,-5.9193,0.0744,0.3467,0.1768,0.2679,0.3796,228950.83,0.1436,3.8158,12.3413,1.0,3.0,0.14,-0.85,0.0545,0.2512,0.2031,0.0199,0.413,-1.5512,0.3377,0.3016,0.975,0.0744,135.0904
0.5478,-2.4802,0.1736,0.5674,0.0,0.0243,0.7974,292850.62,0.6258,4.8808,12.5874,4.0,4.0,0.3428,-1.5521,0.499,0.1736,-0.0584,0.0042,1.101,-0.5081,0.3909,0.319,0.7974,0.0,121.7055
0.6321,-5.9044,0.0471,0.0,0.0254,0.099,0.343,63973.0,0.9571,1.0662,11.0662,0.0,3.0,0.6049,-5.6509,0.3282,0.0725,-0.9571,0.0047,951.9641,-5.5377,0.3005,0.3682,0.9571,0.0,137.8549
0.5908,-8.8684,0.0235,0.0,0.3734,0.0517,0.4148,344612.1,0.5399,5.7435,12.7502,4.0,2.0,0.319,-4.7878,0.2239,0.3969,-0.5399,0.0012,536.9884,-1.5441,0.2849,0.254,0.5908,0.0,114.7576
0.7538,-2.6623,0.0657,0.266,0.0,0.3977,0.0256,283425.0,0.8145,4.7237,12.5547,3.0,4.0,0.6139,-2.1684,0.0209,0.0657,-0.5485,0.0261,3.0508,-0.5636,0.3319,0.3402,0.8145,0.0,138.1848
0.8801,-14.7986,0.1117,0.0868,0.0,0.2744,0.5086,259814.69,0.6524,4.3302,12.4677,3.0,0.0,0.5742,-9.6546,0.3318,0.1117,-0.5656,0.0306,7.4346,-3.4175,0.3591,0.3295,0.8801,0.0,133.2144
0.4265,-14.4031,0.1276,0.1927,0.0418,0.2616,0.3259,234849.95,0.0923,3.9142,12.3667,2.0,0.0,0.0394,-1.3299,0.0301,0.1694,0.1004,0.0334,0.4767,-3.6797,0.2098,0.1367,0.4265,0.0418,82.8724
0.8282,-10.0872,0.1398,0.0,0.0,0.046,0.6422,144960.55,0.8221,2.416,11.8842,0.0,1.0,0.6809,-8.293,0.528,0.1398,-0.8221,0.0064,817.7502,-4.1752,0.3541,0.3913,0.8282,0.0,178.8885
0.6989,-8.6716,0.0581,0.1699,0.0,0.0243,0.4589,337070.9,0.4537,5.6178,12.7281,4.0,2.0,0.3171,-3.934,0.2082,0.0581,-0.2837,0.0014,2.6542,-1.5436,0.2663,0.2713,0.6989,0.0,73.6549
0.3925,-11.9609,0.0235,0.0,0.0,0.1548,0.6247,304677.97,0.9073,5.078,12.627,4.0,1.0,0.3561,-10.8526,0.5668,0.0235,-0.9073,0.0036,902.496,-2.3555,0.3004,0.356,0.9073,0.0,128.5461
0.3981,-7.8371,0.0774,0.28,0.1328,0.1418,0.1649,385435.56,0.5418,6.4239,12.8621,4.0,2.0,0.2157,-4.2461,0.0894,0.2101,-0.2618,0.011,1.9282,-1.22,0.2481,0.1685,0.5418,0.0774,122.1023
0.975,-16.3611,0.0655,0.495,0.056,0.1176,0.6222,227025.31,0.0018,3.7838,12.3328,1.0,0.0,0.0018,-0.0294,0.0011,0.1215,0.4932,0.0077,0.0036,-4.324,0.3333,0.3711,0.975,0.0018,106.5911
0.6567,-11.3535,0.0383,0.3239,0.0,0.0928,0.5067,243584.81,0.0399,4.0597,12.4032,2.0,1.0,0.0262,-0.4526,0.0202,0.0383,0.284,0.0035,0.1227,-2.7966,0.2369,0.262,0.6567,0.0,83.7428
0.5937,-10.1275,0.0235,0.103,0.2985,0.0796,0.0256,218835.94,0.7388,3.6473,12.2961,1.0,1.0,0.4386,-7.4822,0.0189,0.322,-0.6358,0.0019,7.1042,-2.7767,0.2661,0.2915,0.7388,0.0235,112.9042
0.3961,-9.8245,0.0235,0.0597,0.074,0.087,0.8699,231568.05,0.3072,3.8595,12.3526,2.0,1.0,0.1217,-3.0181,0.2672,0.0975,-0.2475,0.002,5.061,-2.5456,0.2596,0.3037,0.8699,0.0235,118.9246
0.7598,-14.9596,0.0884,0.5931,0.1849,0.1441,0.4971,342810.78,0.0674,5.7135,12.7449,4.0,0.0,0.0512,-1.0083,0.0335,0.2733,0.5257,0.0127,0.1135,-2.6183,0.3335,0.2783,0.7598,0.0674,137.1793
0.3818,-12.3925,0.0286,0.0791,0.2833,0.1059,0.8497,337551.53,0.8421,5.6259,12.7295,4.0,0.0,0.3216,-10.4362,0.7155,0.3119,-0.7631,0.003,10.5181,-2.2028,0.3672,0.3492,0.8497,0.0286,110.2657
0.5814,-10.4837,0.0257,0.1531,0.0,0.0348,0.978,173558.52,0.6482,2.8926,12.0643,0.0,1.0,0.3769,-6.7955,0.6339,0.0257,-0.4951,0.0009,4.207,-3.6242,0.3459,0.3878,0.978,0.0,157.1522
0.8065,-10.1841,0.1374,0.0,0.0448,0.3724,0.7399,291873.3,0.6945,4.8646,12.5841,4.0,1.0,0.5602,-7.0732,0.5139,0.1822,-0.6945,0.0512,690.8305,-2.0935,0.3994,0.3472,0.8065,0.0,123.9916
0.975,-12.7372,0.0252,0.4277,0.0,0.0243,0.6739,301829.47,0.5025,5.0305,12.6176,4.0,0.0,0.49,-6.4009,0.3386,0.0252,-0.0748,0.0006,1.1721,-2.532,0.3755,0.3773,0.975,0.0,131.5342
0.5395,-5.45,0.0235,0.2267,0.0,0.2458,0.3859,281796.78,0.4914,4.6966,12.5489,3.0,3.0,0.2651,-2.6782,0.1896,0.0235,-0.2647,0.0058,2.1579,-1.1604,0.2733,0.2126,0.5395,0.0,150.7841
0.7374,-15.838,0.1344,0.6066,0.0838,0.2971,0.8354,290877.53,0.0039,4.848,12.5807,3.0,0.0,0.0029,-0.0612,0.0032,0.2182,0.6028,0.0399,0.0064,-3.2669,0.3855,0.3373,0.8354,0.0039,162.4117
0.7385,-9.5559,0.0235,0.1699,0.2409,0.1045,0.8441,224110.69,0.3589,3.7352,12.3199,1.0,2.0,0.2651,-3.4299,0.303,0.2644,-0.189,0.0025,2.1,-2.5584,0.3544,0.3179,0.8441,0.0235,88.0672
0.6801,-8.2465,0.0235,0.3571,0.0795,0.4385,0.7352,205885.03,0.0019,3.4314,12.2351,1.0,2.0,0.0013,-0.0154,0.0014,0.103,0.3552,0.0103,0.0052,-2.4032,0.3308,0.3065,0.7352,0.0019,131.9682
0.7422,-6.6427,0.141,0.1145,0.0,0.1527,0.2959,213971.5,0.3479,3.5662,12.2736,1.0,3.0,0.2582,-2.3108,0.1029,0.141,-0.2334,0.0215,3.0126,-1.8627,0.2563,0.2435,0.7422,0.0,143.0158
0.3616,-11.9573,0.0235,0.0,0.3076,0.1244,0.2728,334812.88,0.9948,5.5802,12.7213,4.0,1.0,0.3598,-11.8952,0.2714,0.3311,-0.9948,0.0029,989.4963,-2.1428,0.2978,0.3378,0.9948,0.0,130.6762
0.8238,-18.8975,0.0967,0.0792,0.2288,0.1387,0.7027,373373.62,0.2119,6.2229,12.8303,4.0,0.0,0.1745,-4.0038,0.1489,0.3256,-0.1327,0.0134,2.6425,-3.0368,0.326,0.3057,0.8238,0.0792,98.3595
0.605,-8.1798,0.1056,0.0,0.2199,0.138,0.3294,243690.72,0.908,4.0615,12.4037,2.0,2.0,0.5493,-7.4273,0.2991,0.3255,-0.908,0.0146,903.1591,-2.014,0.3294,0.3209,0.908,0.0,123.98
0.4467,-9.6571,0.0235,0.2349,0.1216,0.1717,0.5641,253738.52,0.3191,4.229,12.4441,2.0,1.0,0.1425,-3.0813,0.18,0.1451,-0.0842,0.004,1.3525,-2.2836,0.2688,0.1888,0.5641,0.0235,82.8915
0.5559,-4.9391,0.0308,0.3934,0.0,0.0398,0.7501,185543.98,0.6258,3.0924,12.1311,1.0,3.0,0.3479,-3.0909,0.4694,0.0308,-0.2324,0.0012,1.5867,-1.5972,0.3423,0.3164,0.7501,0.0,105.5765
0.975,-8.2919,0.0328,0.1751,0.245,0.0243,0.7788,351244.6,0.6489,5.8541,12.7692,4.0,2.0,0.6326,-5.3803,0.5053,0.2779,-0.4738,0.0008,3.6853,-1.4164,0.4114,0.3842,0.975,0.0243,87.2415
0.6536,-13.9134,0.0612,0.4249,0.0977,0.332,0.7103,223194.03,0.0833,3.7199,12.3158,1.0,0.0,0.0544,-1.1585,0.0591,0.1589,0.3417,0.0203,0.1955,-3.7403,0.3376,0.2723,0.7103,0.0612,119.1232
0.7079,-6.5697,0.0235,0.995,0.0,0.35,0.5393,234474.67,0.2685,3.9079,12.3651,2.0,3.0,0.1901,-1.7642,0.1448,0.0235,0.7265,0.0082,0.2696,-1.6811,0.412,0.3626,0.995,0.0,140.3396
0.5479,-8.7499,0.1048,0.0,0.1039,0.4169,0.0256,152395.42,0.7709,2.5399,11.9342,0.0,2.0,0.4224,-6.745,0.0197,0.2088,-0.7709,0.0437,766.7568,-3.4449,0.2814,0.299,0.7709,0.0,112.1428
0.8161,-10.0798,0.0669,0.1846,0.1155,0.0466,0.978,248108.14,0.3326,4.1351,12.4216,2.0,1.0,0.2714,-3.3525,0.3253,0.1824,-0.148,0.0031,1.7917,-2.4376,0.3629,0.3798,0.978,0.0466,92.5703
0.4312,-4.9287,0.1086,0.0,0.0,0.0639,0.3526,261480.39,0.5878,4.358,12.4741,3.0,3.0,0.2535,-2.8971,0.2073,0.1086,-0.5878,0.0069,584.6662,-1.1309,0.2206,0.2349,0.5878,0.0,113.7198
0.6321,-1.357,0.1499,0.2937,0.2946,0.0243,0.4513,291668.0,0.5551,4.8611,12.5834,4.0,4.0,0.3508,-0.7532,0.2505,0.4446,-0.2613,0.0036,1.8834,-0.2792,0.343,0.2175,0.6321,0.0243,118.2353
0.4311,-7.7801,0.0859,0.1426,0.0,0.2315,0.844,297025.0,0.4649,4.9504,12.6016,4.0,2.0,0.2004,-3.6167,0.3923,0.0859,-0.3222,0.0199,3.2366,-1.5716,0.3143,0.2899,0.844,0.0,74.926
0.544,-1.357,0.0235,0.4929,0.0,0.0655,0.4726,262908.62,0.8036,4.3818,12.4796,3.0,4.0,0.4372,-1.0905,0.3798,0.0235,-0.3107,0.0015,1.627,-0.3097,0.3432,0.3132,0.8036,0.0,69.6582
0.4986,-16.0047,0.0256,0.5671,0.4485,0.0243,0.3365,338075.9,0.3371,5.6346,12.731,4.0,0.0,0.1681,-5.3947,0.1134,0.4742,0.2301,0.0006,0.5933,-2.8404,0.3197,0.2176,0.5671,0.0243,153.0816
0.5341,-5.0584,0.0235,0.0947,0.272,0.0838,0.7535,275977.4,0.6289,4.5996,12.5281,3.0,3.0,0.3359,-3.1811,0.4738,0.2955,-0.5341,0.002,6.5686,-1.0997,0.3415,0.2951,0.7535,0.0235,130.4676
0.4206,-15.6244,0.0235,0.1147,0.0527,0.3321,0.7648,221560.17,0.2678,3.6927,12.3085,1.0,0.0,0.1126,-4.1842,0.2048,0.0762,-0.1531,0.0078,2.3138,-4.2312,0.2823,0.259,0.7648,0.0235,95.0486
0.6039,-5.6629,0.0235,0.0,0.0,0.2029,0.6961,263931.6,0.4367,4.3989,12.4834,3.0,3.0,0.2638,-2.4732,0.304,0.0235,-0.4367,0.0048,434.405,-1.2874,0.2804,0.2975,0.6961,0.0,98.76
0.5662,-5.9745,0.0736,0.3702,0.0059,0.0243,0.5827,331419.75,0.5234,5.5237,12.7111,4.0,3.0,0.2963,-3.127,0.305,0.0795,-0.1532,0.0018,1.4101,-1.0816,0.3066,0.2643,0.5827,0.0059,132.2474
0.4326,-8.5542,0.0235,0.0117,0.0324,0.2595,0.7207,232260.1,0.4204,3.871,12.3556,2.0,2.0,0.1819,-3.5962,0.303,0.0559,-0.4087,0.0061,33.0836,-2.2098,0.2715,0.2696,0.7207,0.0117,123.5748
0.7741,-5.6341,0.0435,0.455,0.1456,0.0909,0.8464,237749.02,0.1282,3.9625,12.379,2.0,3.0,0.0992,-0.7223,0.1085,0.1891,0.3268,0.004,0.2812,-1.4219,0.3548,0.3389,0.8464,0.0435,123.6923
0.5411,-10.9839,0.1409,0.2106,0.3237,0.0581,0.6028,161732.58,0.6401,2.6955,11.9937,0.0,1.0,0.3464,-7.0312,0.3859,0.4646,-0.4295,0.0082,3.0248,-4.0748,0.3596,0.2356,0.6401,0.0581,111.3822
0.6332,-1.357,0.0235,0.5692,0.3305,0.1418,0.0256,227939.81,0.5981,3.799,12.3368,1.0,4.0,0.3787,-0.8116,0.0153,0.354,-0.0289,0.0033,1.0489,-0.3572,0.3317,0.2717,0.6332,0.0235,148.3493
0.6437,-7.8198,0.0361,0.0,0.0,0.0243,0.3434,255870.0,0.7443,4.2645,12.4524,2.0,2.0,0.4791,-5.8205,0.2556,0.0361,-0.7443,0.0009,740.365,-1.8337,0.256,0.3239,0.7443,0.0,127.5552
0.3616,-9.9956,0.1614,0.3626,0.2514,0.0243,0.6647,215816.31,0.9439,3.5969,12.2822,1.0,1.0,0.3414,-9.4352,0.6274,0.4127,-0.5813,0.0039,2.5958,-2.7789,0.3957,0.3133,0.9439,0.0243,170.0746
0.5075,-1.357,0.1501,0.4567,0.3727,0.2423,0.8683,291223.8,0.6545,4.8537,12.5819,3.0,4.0,0.3322,-0.8881,0.5683,0.5229,-0.1978,0.0364,1.4299,-0.2796,0.4646,0.2442,0.8683,0.1501,100.0312
0.5984,-13.9712,0.0652,0.4041,0.3345,0.2678,0.7648,134419.34,0.0884,2.2403,11.8087,0.0,0.0,0.0529,-1.2351,0.0676,0.3998,0.3157,0.0175,0.2182,-6.2362,0.3605,0.2558,0.7648,0.0652,99.3675
0.538,-6.8988,0.1135,0.0,0.0,0.0243,0.6199,294983.9,0.7729,4.9164,12.5947,4.0,3.0,0.4158,-5.3319,0.4791,0.1135,-0.7729,0.0028,768.7462,-1.4032,0.2955,0.335,0.7729,0.0,165.0729
0.8921,-20.0731,0.0568,0.3166,0.1879,0.1043,0.5943,275454.94,0.1398,4.5909,12.5262,3.0,0.0,0.1247,-2.8062,0.0831,0.2447,0.1768,0.0059,0.4401,-4.3723,0.3274,0.3077,0.8921,0.0568,120.2817
0.6159,-1.357,0.0235,0.0625,0.1745,0.0725,0.6729,371415.66,0.4909,6.1903,12.8251,4.0,4.0,0.3024,-0.6662,0.3303,0.198,-0.4285,0.0017,7.7367,-0.2192,0.3018,0.2815,0.6729,0.0235,108.0192
0.454,-16.2414,0.1111,0.0664,0.1238,0.3415,0.978,244835.97,0.6343,4.0806,12.4083,2.0,0.0,0.288,-10.3014,0.6203,0.2349,-0.5679,0.0379,9.4168,-3.9802,0.387,0.333,0.978,0.0664,110.6482
0.8298,-7.5958,0.1039,0.0,0.2636,0.2449,0.9288,265041.53,0.5885,4.4174,12.4876,3.0,2.0,0.4883,-4.4699,0.5466,0.3675,-0.5885,0.0254,585.3293,-1.7195,0.4228,0.3621,0.9288,0.0,100.9144
0.5365,-8.318,0.0687,0.5675,0.0,0.161,0.0256,182546.08,0.8241,3.0424,12.1148,0.0,2.0,0.4422,-6.8552,0.0211,0.0687,-0.2567,0.0111,1.4497,-2.734,0.3119,0.3264,0.8241,0.0,122.8428
0.3658,-9.0386,0.0328,0.1597,0.1758,0.0243,0.5778,254863.33,0.9731,4.2477,12.4485,2.0,2.0,0.3559,-8.7952,0.5623,0.2086,-0.8133,0.0008,6.0536,-2.1279,0.3299,0.3442,0.9731,0.0243,83.8864
0.3799,-13.8689,0.0819,0.0,0.0,0.2423,0.8344,316410.8,0.4305,5.2735,12.6648,4.0,0.0,0.1635,-5.971,0.3592,0.0819,-0.4305,0.0199,428.238,-2.6299,0.2813,0.2993,0.8344,0.0,49.6757
0.6566,-11.0582,0.0235,0.4109,0.3916,0.2449,0.3157,236596.98,0.8221,3.9433,12.3741,2.0,1.0,0.5398,-9.0913,0.2596,0.4151,-0.4112,0.0058,1.9958,-2.8043,0.4093,0.2635,0.8221,0.0235,107.5774
0.634,-7.0562,0.1438,0.2028,0.082,0.25,0.0256,233515.62,0.6397,3.8919,12.361,2.0,2.0,0.4055,-4.5136,0.0164,0.2258,-0.4368,0.0359,3.1381,-1.813,0.2826,0.253,0.6397,0.0256,103.5246
0.5313,-20.9264,0.0974,0.4937,0.2234,0.2433,0.7395,231601.64,0.0339,3.86,12.3528,2.0,0.0,0.018,-0.7087,0.025,0.3207,0.4598,0.0237,0.0685,-5.4213,0.3375,0.2567,0.7395,0.0339,142.3358
0.5022,-11.6333,0.0235,0.1641,0.0,0.2967,0.3414,315845.56,0.8377,5.2641,12.663,4.0,1.0,0.4207,-9.7448,0.2859,0.0235,-0.6736,0.007,5.0738,-2.2099,0.3094,0.2933,0.8377,0.0,91.9293
0.6362,-15.7014,0.1038,0.2929,0.0,0.0243,0.4779,299155.16,0.6801,4.9859,12.6087,4.0,0.0,0.4327,-10.678,0.325,0.1038,-0.3872,0.0025,2.3143,-3.1492,0.3165,0.2863,0.6801,0.0,82.2447
0.8424,-6.0574,0.0539,0.2416,0.0,0.1479,0.7642,303675.06,0.9183,5.0613,12.6237,4.0,3.0,0.7735,-5.5623,0.7018,0.0539,-0.6767,0.008,3.7856,-1.1968,0.424,0.4003,0.9183,0.0,107.187
0.5149,-2.8741,0.1378,0.2534,0.0,0.2044,0.0256,252975.4,0.6454,4.2163,12.4411,2.0,4.0,0.3323,-1.8549,0.0165,0.1378,-0.392,0.0282,2.5373,-0.6817,0.2545,0.2429,0.6454,0.0,113.6201
0.664,-7.1889,0.1526,0.0,0.1086,0.2268,0.49,221656.14,0.5838,3.6943,12.3089,1.0,2.0,0.3876,-4.1969,0.286,0.2612,-0.5838,0.0346,580.6875,-1.946,0.318,0.2584,0.664,0.0,84.187
0.6978,-7.7498,0.1388,0.3769,0.3956,0.0579,0.4749,139645.7,0.7421,2.3274,11.8469,0.0,2.0,0.5179,-5.7514,0.3525,0.5343,-0.3653,0.008,1.9641,-3.3298,0.412,0.257,0.7421,0.0579,111.0644
0.7228,-6.757,0.1623,0.1675,0.0,0.404,0.3527,274963.3,0.7356,4.5827,12.5244,3.0,3.0,0.5317,-4.9705,0.2595,0.1623,-0.5681,0.0656,4.3656,-1.4745,0.3636,0.2829,0.7356,0.0,108.8474
0.6515,-2.379,0.0235,0.2917,0.0,0.1314,0.0256,166893.61,0.637,2.7816,12.0251,0.0,4.0,0.415,-1.5154,0.0163,0.0235,-0.3453,0.0031,2.1761,-0.8553,0.2515,0.2861,0.6515,0.0,115.906
0.4039,-11.889,0.0368,0.0,0.0,0.0243,0.545,234038.38,0.8263,3.9006,12.3632,2.0,1.0,0.3337,-9.8234,0.4503,0.0368,-0.8263,0.0009,821.8615,-3.0479,0.2623,0.3324,0.8263,0.0,97.0824
0.7829,-7.8199,0.0829,0.1759,0.0,0.3516,0.6405,242041.73,0.5369,4.034,12.3969,2.0,2.0,0.4203,-4.1983,0.3438,0.0829,-0.361,0.0291,3.0353,-1.9385,0.3672,0.2969,0.7829,0.0,95.8556
0.4438,-8.1329,0.0235,0.2349,0.1636,0.09,0.5663,304449.44,0.9799,5.0742,12.6263,4.0,2.0,0.4349,-7.9692,0.5549,0.1871,-0.745,0.0021,4.1537,-1.6028,0.3574,0.3352,0.9799,0.0235,97.5372
0.6936,-14.5279,0.0235,0.2466,0.284,0.3424,0.35,180846.11,0.2033,3.0141,12.1054,0.0,0.0,0.141,-2.954,0.0712,0.3075,0.0433,0.008,0.8211,-4.82,0.3062,0.2032,0.6936,0.0235,89.8504
0.478,-10.815,0.1055,0.0,0.3481,0.3688,0.2487,265429.25,0.9769,4.4238,12.4891,3.0,1.0,0.4669,-10.5648,0.2429,0.4536,-0.9769,0.0389,971.6586,-2.4447,0.3608,0.3166,0.9769,0.0,150.476
0.5894,-8.0575,0.0685,0.19,0.0,0.0243,0.3924,228064.95,0.6837,3.8011,12.3374,1.0,2.0,0.4029,-5.5087,0.2683,0.0685,-0.4937,0.0017,3.5801,-2.1198,0.2783,0.2792,0.6837,0.0,85.4411
0.524,-4.6633,0.0894,0.2095,0.0,0.0243,0.4524,226931.4,0.7984,3.7822,12.3324,1.0,3.0,0.4183,-3.7232,0.3612,0.0894,-0.5889,0.0022,3.7935,-1.233,0.2997,0.3001,0.7984,0.0,122.6059
0.5664,-11.2434,0.1181,0.2351,0.0,0.1359,0.5946,200992.25,0.1258,3.3499,12.211,1.0,1.0,0.0713,-1.4144,0.0748,0.1181,0.1093,0.0161,0.5329,-3.3564,0.2537,0.2336,0.5946,0.0,120.4484
0.975,-5.9677,0.2344,0.1955,0.0317,0.0748,0.0256,263979.2,0.547,4.3997,12.4836,3.0,3.0,0.5333,-3.2643,0.014,0.2661,-0.3515,0.0175,2.7837,-1.3564,0.2977,0.3488,0.975,0.0256,146.2223
0.5344,-6.9836,0.0941,0.2597,0.0,0.2105,0.2745,272643.06,0.1667,4.5441,12.5159,3.0,2.0,0.0891,-1.1639,0.0458,0.0941,0.0931,0.0198,0.6392,-1.5369,0.22,0.1686,0.5344,0.0,125.2778
0.5902,-16.7499,0.0235,0.0696,0.0,0.0816,0.5717,356617.56,0.4342,5.9436,12.7844,4.0,0.0,0.2563,-7.2728,0.2482,0.0235,-0.3646,0.0019,6.1484,-2.8181,0.253,0.267,0.5902,0.0,102.9392
0.4029,-1.357,0.046,0.311,0.2736,0.2251,0.978,228407.81,0.6394,3.8068,12.3389,1.0,4.0,0.2576,-0.8677,0.6253,0.3197,-0.3284,0.0104,2.0496,-0.3565,0.4109,0.3083,0.978,0.046,128.4936
0.5896,-6.2913,0.0273,0.6187,0.0895,0.0886,0.7823,151874.2,0.4605,2.5312,11.9308,0.0,3.0,0.2715,-2.8969,0.3602,0.1168,0.1582,0.0024,0.7431,-2.4855,0.3795,0.3063,0.7823,0.0273,115.0035
0.625,-14.7389,0.0601,0.0836,0.0372,0.3427,0.4779,254828.9,0.2368,4.2471,12.4484,2.0,0.0,0.148,-3.4902,0.1132,0.0973,-0.1532,0.0206,2.7981,-3.4703,0.2662,0.2268,0.625,0.0372,102.6677
0.4419,-11.9674,0.1366,0.5067,0.2835,0.1559,0.3721,253363.12,0.0563,4.2227,12.4426,2.0,1.0,0.0249,-0.6742,0.021,0.4201,0.4504,0.0213,0.111,-2.8341,0.279,0.1694,0.5067,0.0563,108.2769
0.593,-18.9364,0.0814,0.0921,0.1612,0.0243,0.2793,386069.12,0.8371,6.4345,12.8638,4.0,0.0,0.4964,-15.8523,0.2338,0.2426,-0.7451,0.002,8.9951,-2.9429,0.2955,0.3058,0.8371,0.0243,132.6874
0.7812,-5.3671,0.0235,0.3499,0.4515,0.1558,0.4466,264984.9,0.7531,4.4164,12.4874,3.0,3.0,0.5884,-4.0421,0.3364,0.475,-0.4033,0.0037,2.1466,-1.2153,0.4231,0.2814,0.7812,0.0235,49.3008
0.6404,-3.7249,0.0443,0.3486,0.0,0.0243,0.6764,161796.72,0.5589,2.6966,11.9941,0.0,4.0,0.3579,-2.0817,0.378,0.0443,-0.2103,0.0011,1.5985,-1.3813,0.3276,0.3036,0.6764,0.0,187.1188
0.5981,-4.6598,0.0879,0.06,0.0014,0.4157,0.343,223034.66,0.2655,3.7172,12.3151,1.0,3.0,0.1588,-1.2373,0.0911,0.0894,-0.2056,0.0366,4.3556,-1.2536,0.2531,0.2167,0.5981,0.0014,96.1228
0.6227,-4.8912,0.0235,0.0,0.1595,0.1255,0.5415,166023.28,0.3664,2.7671,12.0199,0.0,3.0,0.2282,-1.7921,0.1984,0.183,-0.3664,0.003,364.4466,-1.7676,0.2627,0.2496,0.6227,0.0,147.5142
0.7376,-4.065,0.0235,0.1182,0.0,0.1329,0.0678,251448.38,0.8183,4.1908,12.435,2.0,3.0,0.6036,-3.3265,0.0555,0.0235,-0.7001,0.0031,6.8638,-0.97,0.2712,0.3502,0.8183,0.0,147.7308
0.5467,-1.357,0.1825,0.1479,0.1608,0.3746,0.6496,334902.47,0.2758,5.5817,12.7216,4.0,4.0,0.1508,-0.3743,0.1792,0.3433,-0.1279,0.0684,1.8527,-0.2431,0.334,0.199,0.6496,0.1479,104.622
0.6975,-8.27,0.0691,0.3145,0.0498,0.2278,0.6109,285096.22,0.0909,4.7516,12.5606,3.0,2.0,0.0634,-0.752,0.0556,0.1188,0.2236,0.0157,0.2882,-1.7405,0.2944,0.2644,0.6975,0.0498,137.5918
0.8442,-8.8036,0.0235,0.1686,0.091,0.1816,0.349,265946.03,0.9391,4.4324,12.4911,3.0,2.0,0.7928,-8.2677,0.3278,0.1145,-0.7706,0.0043,5.5384,-1.9862,0.371,0.3704,0.9391,0.0235,146.5574
0.7799,-8.6246,0.0964,0.0,0.4612,0.0685,0.2377,208746.11,0.4913,3.4791,12.2489,1.0,2.0,0.3831,-4.237,0.1168,0.5575,-0.4913,0.0066,488.6475,-2.479,0.305,0.2833,0.7799,0.0,101.5655
0.8579,-12.6815,0.0672,0.3965,0.0065,0.0243,0.5622,248604.19,0.7085,4.1434,12.4236,2.0,0.0,0.6078,-8.9844,0.3983,0.0737,-0.3119,0.0016,1.7822,-3.0607,0.3747,0.3496,0.8579,0.0065,94.1672
0.7063,-11.1594,0.1713,0.4744,0.0,0.0243,0.584,252311.81,0.7771,4.2052,12.4384,2.0,1.0,0.5489,-8.6716,0.4538,0.1713,-0.3026,0.0042,1.6344,-2.6537,0.3911,0.3236,0.7771,0.0,76.4131
0.6796,-8.7444,0.0235,0.2749,0.0,0.2846,0.6207,174887.86,0.086,2.9148,12.0719,0.0,2.0,0.0584,-0.752,0.0534,0.0235,0.1889,0.0067,0.3117,-3.0,0.2814,0.2762,0.6796,0.0,183.6939
0.59,-7.9399,0.1458,0.2633,0.4065,0.2825,0.6958,271707.47,0.2731,4.5285,12.5125,3.0,2.0,0.1611,-2.1681,0.19,0.5524,-0.0097,0.0412,1.033,-1.7533,0.3796,0.1974,0.6958,0.1458,171.1687
0.6669,-8.1204,0.1489,0.293,0.1606,0.0716,0.8593,233211.6,0.0978,3.8869,12.3597,2.0,2.0,0.0652,-0.7942,0.084,0.3095,0.1952,0.0107,0.3327,-2.0892,0.3283,0.3102,0.8593,0.0716,129.4164
0.434,-7.665,0.1248,0.0844,0.0528,0.1156,0.5926,278898.8,0.6109,4.6483,12.5386,3.0,2.0,0.2651,-4.6823,0.362,0.1777,-0.5265,0.0144,7.1542,-1.649,0.2879,0.2488,0.6109,0.0528,184.9769
0.6868,-18.1482,0.1015,0.4834,0.0422,0.0922,0.6837,177854.75,0.0499,2.9642,12.0887,0.0,0.0,0.0343,-0.9062,0.0341,0.1438,0.4335,0.0094,0.1031,-6.1224,0.3057,0.3005,0.6868,0.0422,124.9085
0.7377,-8.1251,0.0945,0.4479,0.1849,0.3149,0.6723,341295.8,0.0055,5.6883,12.7405,4.0,2.0,0.004,-0.0444,0.0037,0.2793,0.4424,0.0297,0.0122,-1.4284,0.3511,0.2817,0.7377,0.0055,120.6216
0.598,-13.6713,0.0235,0.1708,0.2588,0.1775,0.8172,297054.0,0.2733,4.9509,12.6017,4.0,0.0,0.1634,-3.7368,0.2234,0.2823,-0.1026,0.0042,1.5912,-2.7614,0.3313,0.2769,0.8172,0.0235,122.0023
0.7298,-14.828,0.0661,0.2217,0.0024,0.0695,0.2468,260319.33,0.4969,4.3387,12.4697,3.0,0.0,0.3627,-7.3685,0.1226,0.0685,-0.2752,0.0046,2.2309,-3.4176,0.2619,0.2642,0.7298,0.0024,142.9898
0.7592,-11.9575,0.0235,0.091,0.4169,0.2479,0.7882,182791.2,0.3974,3.0465,12.1161,0.0,1.0,0.3017,-4.7519,0.3132,0.4404,-0.3064,0.0058,4.3191,-3.925,0.3892,0.2999,0.7882,0.0235,116.41
0.8189,-8.6717,0.1388,0.4423,0.1869,0.0731,0.7958,287781.88,0.1149,4.7964,12.57,3.0,2.0,0.0941,-0.9961,0.0914,0.3257,0.3274,0.0101,0.2591,-1.808,0.3672,0.3236,0.8189,0.0731,112.6619
0.6397,-1.357,0.024,0.3838,0.0686,0.2389,0.6481,262645.6,0.1738,4.3774,12.4786,3.0,4.0,0.1112,-0.2358,0.1126,0.0926,0.21,0.0057,0.4517,-0.31,0.311,0.2556,0.6481,0.024,91.7175
0.5827,-10.9392,0.0246,0.2414,0.2639,0.1381,0.6711,284767.72,0.0819,4.7461,12.5594,3.0,1.0,0.0477,-0.8956,0.0549,0.2885,0.1596,0.0034,0.3377,-2.3049,0.2862,0.2485,0.6711,0.0246,157.9479
0.4564,-8.7168,0.1237,0.2277,0.0563,0.0243,0.426,263510.38,0.8499,4.3918,12.4819,3.0,2.0,0.3879,-7.4081,0.362,0.18,-0.6221,0.003,3.7157,-1.9848,0.3092,0.2926,0.8499,0.0243,100.013
0.8884,-7.8189,0.1073,0.995,0.3936,0.2678,0.5195,275457.28,0.1713,4.591,12.5262,3.0,2.0,0.1521,-1.3391,0.089,0.5009,0.8237,0.0287,0.172,-1.7031,0.4776,0.3465,0.995,0.1073,71.9474
0.4523,-2.9284,0.0693,0.4847,0.0,0.0243,0.4875,266430.47,0.9569,4.4405,12.4929,3.0,4.0,0.4329,-2.8022,0.4665,0.0693,-0.4722,0.0017,1.9701,-0.6595,0.3536,0.3472,0.9569,0.0,166.7102
0.5064,-4.1764,0.113,0.8674,0.0782,0.0243,0.6331,205729.0,0.8397,3.4288,12.2343,1.0,3.0,0.4252,-3.5068,0.5316,0.1912,0.0277,0.0027,0.9669,-1.218,0.4374,0.3639,0.8674,0.0243,108.7363
0.5601,-5.0011,0.1234,0.0697,0.1112,0.0919,0.5271,278858.03,0.9573,4.6476,12.5385,3.0,3.0,0.5362,-4.7874,0.5046,0.2346,-0.8875,0.0113,13.5349,-1.0761,0.3487,0.341,0.9573,0.0697,93.3673
0.7427,-12.8233,0.0817,0.3923,0.1578,0.1384,0.7152,293076.25,0.4149,4.8846,12.5882,4.0,0.0,0.3081,-5.3199,0.2967,0.2395,-0.0226,0.0113,1.0549,-2.6252,0.3776,0.2714,0.7427,0.0817,94.3781
0.4863,-13.3658,0.0235,0.0,0.0496,0.3201,0.2981,151866.73,0.8343,2.5311,11.9308,0.0,0.0,0.4058,-11.1515,0.2487,0.0731,-0.8343,0.0075,829.8852,-5.2806,0.2874,0.3024,0.8343,0.0,73.9733
0.6887,-11.689,0.0712,0.5598,0.0,0.0243,0.0299,152877.36,0.3751,2.548,11.9374,0.0,1.0,0.2583,-4.3841,0.0112,0.0712,0.1848,0.0017,0.6688,-4.5876,0.2499,0.2881,0.6887,0.0,179.1035
0.5393,-7.792,0.1292,0.248,0.0,0.0928,0.398,325068.03,0.9291,5.4178,12.6918,4.0,2.0,0.5011,-7.2398,0.3698,0.1292,-0.6811,0.012,3.731,-1.4382,0.3338,0.3213,0.9291,0.0,133.9881
0.7242,-9.8394,0.0895,0.7169,0.0,0.0749,0.6218,257970.8,0.0096,4.2995,12.4606,2.0,1.0,0.007,-0.0945,0.006,0.0895,0.7073,0.0067,0.0134,-2.2885,0.3196,0.3474,0.7242,0.0,97.1013
0.4264,-4.692,0.1767,0.0,0.0217,0.332,0.2759,293898.1,0.6799,4.8983,12.591,4.0,3.0,0.2899,-3.1899,0.1876,0.1984,-0.6799,0.0587,676.242,-0.9579,0.2732,0.2379,0.6799,0.0,103.0444
0.3482,-7.8592,0.0235,0.293,0.0,0.1836,0.0256,220144.81,0.6413,3.6691,12.302,1.0,2.0,0.2233,-5.0398,0.0164,0.0235,-0.3482,0.0043,2.1809,-2.142,0.2165,0.2328,0.6413,0.0,120.7683
0.6424,-9.0766,0.1009,0.0,0.153,0.0968,0.3499,182028.4,0.1949,3.0338,12.1119,0.0,2.0,0.1252,-1.7693,0.0682,0.254,-0.1949,0.0098,193.8941,-2.9918,0.2197,0.2153,0.6424,0.0,73.1589
0.3575,-11.0927,0.0773,0.1208,0.0,0.2049,0.7377,276051.4,0.7135,4.6009,12.5283,3.0,1.0,0.2551,-7.9143,0.5263,0.0773,-0.5927,0.0158,5.8579,-2.411,0.316,0.3013,0.7377,0.0,76.7464
0.975,-6.7884,0.1788,0.0395,0.0,0.0243,0.6631,149422.31,0.3901,2.4904,11.9145,0.0,3.0,0.3803,-2.6479,0.2586,0.1788,-0.3506,0.0043,9.6429,-2.7259,0.3244,0.3742,0.975,0.0,94.0502
0.5391,-13.9369,0.099,0.5336,0.0104,0.0243,0.8982,273972.78,0.5448,4.5662,12.5208,3.0,0.0,0.2937,-7.5928,0.4893,0.1094,-0.0112,0.0024,1.0191,-3.0522,0.3785,0.3383,0.8982,0.0104,184.9769
0.385,-7.5693,0.0905,0.7389,0.0,0.0243,0.9356,237593.34,0.4691,3.9599,12.3783,2.0,2.0,0.1806,-3.5505,0.4389,0.0905,0.2698,0.0022,0.634,-1.9115,0.3776,0.3652,0.9356,0.0,104.959
0.6312,-7.7621,0.0484,0.329,0.0,0.0243,0.6778,280806.5,0.7795,4.6801,12.5454,3.0,2.0,0.492,-6.0503,0.5283,0.0484,-0.4505,0.0012,2.3622,-1.6585,0.3557,0.3393,0.7795,0.0,146.8592
0.6577,-13.8091,0.0536,0.2429,0.0673,0.1327,0.8658,172588.5,0.0334,2.8765,12.0587,0.0,0.0,0.022,-0.4612,0.0289,0.121,0.2095,0.0071,0.1369,-4.8007,0.2934,0.3329,0.8658,0.0334,141.6702
0.7636,-16.8533,0.1544,0.2837,0.0915,0.3699,0.2911,151717.98,0.3595,2.5286,11.9298,0.0,0.0,0.2745,-6.0582,0.1046,0.246,-0.0757,0.0571,1.2625,-6.665,0.3305,0.2167,0.7636,0.0915,87.6605
0.8348,-1.357,0.0778,0.0,0.0,0.106,0.0256,263612.53,0.8569,4.3935,12.4822,3.0,4.0,0.7153,-1.1628,0.0219,0.0778,-0.8569,0.0082,852.2983,-0.3089,0.2716,0.3943,0.8569,0.0,141.5236
0.6059,-7.2409,0.1193,0.0,0.0047,0.0992,0.684,237795.86,0.8168,3.9633,12.3792,2.0,2.0,0.4949,-5.9144,0.5587,0.124,-0.8168,0.0118,812.4453,-1.827,0.3329,0.3537,0.8168,0.0,76.4711
0.7494,-9.7911,0.1449,0.3683,0.0,0.0644,0.978,218571.31,0.5801,3.6429,12.2949,1.0,1.0,0.4348,-5.6801,0.5674,0.1449,-0.2118,0.0093,1.5708,-2.6878,0.4122,0.3711,0.978,0.0,119.6793
0.79,-6.8048,0.0848,0.2137,0.2425,0.2706,0.1876,273837.9,0.4599,4.564,12.5203,3.0,3.0,0.3633,-3.1293,0.0863,0.3273,-0.2462,0.0229,2.1423,-1.491,0.3213,0.2356,0.79,0.0848,116.8505
0.6713,-14.0523,0.1423,0.0,0.0028,0.1599,0.0256,297028.0,0.984,4.9505,12.6016,4.0,0.0,0.6605,-13.8275,0.0252,0.1452,-0.984,0.0228,978.7539,-2.8386,0.2837,0.3877,0.984,0.0,138.6365
0.7839,-11.8954,0.0235,0.3055,0.0,0.1835,0.4838,148929.83,0.0889,2.4822,11.9112,0.0,1.0,0.0697,-1.0579,0.043,0.0235,0.2166,0.0043,0.2901,-4.7924,0.267,0.2843,0.7839,0.0,91.9811
0.6579,-5.8371,0.1849,0.0,0.0,0.3895,0.6699,227543.11,0.846,3.7924,12.3351,1.0,3.0,0.5566,-4.9382,0.5667,0.1849,-0.846,0.072,841.4896,-1.5392,0.3926,0.3426,0.846,0.0,124.504
0.7414,-3.8188,0.0235,0.2669,0.0672,0.1138,0.574,331145.1,0.2284,5.5191,12.7103,4.0,4.0,0.1693,-0.8722,0.1311,0.0907,0.0385,0.0027,0.8526,-0.6919,0.2879,0.2709,0.7414,0.0235,108.21
0.7594,-9.5515,0.08,0.0,0.0933,0.166,0.5309,361692.25,0.7549,6.0282,12.7986,4.0,2.0,0.5733,-7.2108,0.4008,0.1734,-0.7549,0.0133,750.9084,-1.5845,0.3407,0.3314,0.7594,0.0,182.5209
0.7433,-1.357,0.0436,0.2869,0.0,0.1606,0.553,286987.8,0.4667,4.7831,12.5672,3.0,4.0,0.3469,-0.6333,0.2581,0.0436,-0.1797,0.007,1.6208,-0.2837,0.322,0.277,0.7433,0.0,107.5889
0.6434,-10.4426,0.1173,0.2987,0.0,0.2947,0.555,181697.61,0.2345,3.0283,12.1101,0.0,1.0,0.1509,-2.4491,0.1302,0.1173,0.0642,0.0346,0.7824,-3.4484,0.3062,0.2274,0.6434,0.0,112.2521
0.3901,-1.357,0.0716,0.7191,0.2436,0.2358,0.5981,165811.75,0.2917,2.7635,12.0186,0.0,4.0,0.1138,-0.3958,0.1744,0.3151,0.4274,0.0169,0.4051,-0.491,0.3643,0.2248,0.7191,0.0716,135.1966
0.7346,-10.1724,0.0957,0.6391,0.0977,0.1745,0.978,183881.3,0.0255,3.0647,12.1221,1.0,1.0,0.0187,-0.2591,0.0249,0.1934,0.6137,0.0167,0.0398,-3.3192,0.3922,0.3825,0.978,0.0255,101.6336
0.6436,-10.8,0.0235,0.0,0.0,0.4476,0.56,255905.31,0.8417,4.2651,12.4526,2.0,1.0,0.5417,-9.09,0.4714,0.0235,-0.8417,0.0105,837.1794,-2.5322,0.3595,0.3494,0.8417,0.0,87.5063
0.314,-16.6414,0.1236,0.1208,0.4501,0.1609,0.4968,221986.58,0.9073,3.6998,12.3104,1.0,0.0,0.2849,-15.0993,0.4507,0.5736,-0.7865,0.0199,7.4482,-4.498,0.3676,0.2831,0.9073,0.1208,101.7805
0.4277,-1.357,0.0635,0.0,0.3349,0.1781,0.5309,273735.6,0.6999,4.5623,12.5199,3.0,4.0,0.2993,-0.9497,0.3716,0.3984,-0.6999,0.0113,696.1354,-0.2974,0.3193,0.2546,0.6999,0.0,153.0632
0.7351,-5.2349,0.0406,0.0,0.0,0.0243,0.8,277583.16,0.3301,4.6264,12.5339,3.0,3.0,0.2427,-1.7282,0.2641,0.0406,-0.3301,0.001,328.3732,-1.1315,0.2757,0.3557,0.8,0.0,91.3257
0.6628,-1.357,0.0927,0.2656,0.0,0.1487,0.7222,182671.48,0.2417,3.0445,12.1154,0.0,4.0,0.1602,-0.3279,0.1745,0.0927,0.024,0.0138,0.9064,-0.4457,0.3048,0.2799,0.7222,0.0,109.2185
0.6779,-4.2618,0.0975,0.0,0.0,0.2747,0.4127,281292.3,0.955,4.6882,12.5472,3.0,3.0,0.6474,-4.07,0.3941,0.0976,-0.955,0.0268,949.9085,-0.9091,0.3454,0.3633,0.955,0.0,93.5572
0.5672,-9.6364,0.113,0.2537,0.1525,0.3312,0.7798,232842.39,0.2328,3.8807,12.3581,2.0,1.0,0.132,-2.2433,0.1815,0.2654,0.0209,0.0374,0.9142,-2.4831,0.3472,0.2417,0.7798,0.113,111.9679
0.5692,-10.9234,0.0235,0.3398,0.0,0.2516,0.8141,172393.03,0.0955,2.8732,12.0575,0.0,1.0,0.0543,-1.0428,0.0777,0.0235,0.2443,0.0059,0.2802,-3.8018,0.2991,0.3025,0.8141,0.0,129.2378
0.3848,-5.3195,0.0235,0.1348,0.2406,0.0776,0.5841,331385.6,0.3721,5.5231,12.711,4.0,3.0,0.1432,-1.9792,0.2173,0.2641,-0.2373,0.0018,2.7403,-0.9631,0.2596,0.1993,0.5841,0.0235,158.1761
0.89,-10.5934,0.0235,0.0918,0.0584,0.1021,0.536,336915.8,0.2655,5.6153,12.7276,4.0,1.0,0.2363,-2.8122,0.1423,0.0819,-0.1737,0.0024,2.8616,-1.8865,0.281,0.3214,0.89,0.0235,112.8787
0.6345,-2.3049,0.0745,0.4565,0.2396,0.1277,0.3431,126594.52,0.7815,2.1099,11.7488,0.0,4.0,0.4958,-1.8012,0.2681,0.3141,-0.3249,0.0095,1.7081,-1.0924,0.3796,0.2614,0.7815,0.0745,84.016
0.5697,-1.357,0.1327,0.3549,0.0176,0.2745,0.5672,278818.2,0.4575,4.647,12.5383,3.0,4.0,0.2606,-0.6208,0.2595,0.1503,-0.1026,0.0364,1.2854,-0.292,0.3391,0.212,0.5697,0.0176,99.2319
0.6825,-13.3917,0.0802,0.62,0.0,0.1499,0.4865,337047.5,0.3523,5.6175,12.728,4.0,0.0,0.2404,-4.7174,0.1714,0.0802,0.2678,0.012,0.5672,-2.3839,0.3388,0.2697,0.6825,0.0,152.9947
0.5636,-12.9799,0.0235,0.0,0.271,0.0965,0.4769,220176.6,0.6643,3.6696,12.3022,1.0,0.0,0.3744,-8.6221,0.3168,0.2945,-0.6643,0.0023,660.7252,-3.5371,0.2994,0.2715,0.6643,0.0,96.6186
0.6814,-9.2496,0.1085,0.3749,0.1085,0.0249,0.8656,241260.8,0.6238,4.021,12.3936,2.0,2.0,0.425,-5.7699,0.54,0.217,-0.2489,0.0027,1.6594,-2.3003,0.3982,0.331,0.8656,0.0249,124.124
0.6312,-4.9183,0.1233,0.1496,0.5049,0.2707,0.4108,228234.72,0.4389,3.8039,12.3381,1.0,3.0,0.277,-2.1585,0.1803,0.6282,-0.2893,0.0334,2.9139,-1.293,0.3613,0.1878,0.6312,0.1233,99.8669
0.8888,-1.357,0.0235,0.2524,0.0,0.1238,0.4777,267431.5,0.6393,4.4572,12.4966,3.0,4.0,0.5682,-0.8675,0.3054,0.0235,-0.3868,0.0029,2.5223,-0.3045,0.3436,0.3366,0.8888,0.0,128.376
0.975,-14.3749,0.0235,0.4671,0.0,0.2325,0.558,167829.16,0.2512,2.7972,12.0307,0.0,0.0,0.2449,-3.611,0.1402,0.0235,0.2159,0.0055,0.5367,-5.1391,0.3582,0.3415,0.975,0.0,133.0765
0.8146,-15.9291,0.0235,0.0,0.0872,0.2755,0.8344,240830.27,0.3685,4.0138,12.3919,2.0,0.0,0.3002,-5.8704,0.3075,0.1107,-0.3685,0.0065,366.5685,-3.9685,0.3434,0.3545,0.8344,0.0,121.8942
0.4838,-3.7727,0.106,0.145,0.0,0.1535,0.2845,343022.03,0.8765,5.717,12.7456,4.0,4.0,0.4241,-3.3067,0.2494,0.106,-0.7315,0.0163,6.0041,-0.6599,0.2928,0.2998,0.8765,0.0,119.2472
0.535,-2.5392,0.0235,0.2238,0.0,0.1731,0.531,301819.72,0.6221,5.0303,12.6176,4.0,4.0,0.3328,-1.5797,0.3303,0.0235,-0.3983,0.0041,2.7677,-0.5048,0.3012,0.2584,0.6221,0.0,151.6344
0.8286,-8.056,0.0235,0.7258,0.1671,0.2823,0.4969,282661.72,0.3842,4.711,12.552,3.0,2.0,0.3183,-3.0951,0.1909,0.1906,0.3416,0.0066,0.5286,-1.71,0.4155,0.2909,0.8286,0.0235,105.6988
0.975,-4.6644,0.0826,0.5325,0.0897,0.0243,0.7445,232977.89,0.5896,3.883,12.3587,2.0,3.0,0.5749,-2.7502,0.439,0.1723,-0.0571,0.002,1.1051,-1.2013,0.434,0.3726,0.975,0.0243,135.7086
0.5546,-6.2669,0.0235,0.2924,0.1538,0.3008,0.4701,300384.6,0.7357,5.0064,12.6128,4.0,3.0,0.408,-4.6104,0.3458,0.1773,-0.4433,0.0071,2.5073,-1.2518,0.3616,0.2432,0.7357,0.0235,113.6923
0.6513,-11.4427,0.084,0.0,0.0,0.0744,0.978,155042.38,0.0982,2.584,11.9515,0.0,1.0,0.064,-1.1237,0.096,0.084,-0.0982,0.0062,97.6764,-4.4282,0.2694,0.3862,0.978,0.0,125.2505
0.7325,-12.0677,0.0917,0.1169,0.2778,0.1916,0.7178,213427.02,0.2358,3.5571,12.2711,1.0,1.0,0.1727,-2.8456,0.1692,0.3695,-0.1189,0.0176,2.0,-3.3926,0.3377,0.2723,0.7325,0.0917,129.0526
0.6404,-12.9595,0.1159,0.288,0.0598,0.0243,0.5668,329912.38,0.8068,5.4985,12.7066,4.0,0.0,0.5167,-10.4557,0.4573,0.1758,-0.5188,0.0028,2.7921,-2.3569,0.3574,0.3132,0.8068,0.0243,86.3529
0.4133,-2.6651,0.182,0.2526,0.0,0.3401,0.4955,294481.5,0.4489,4.908,12.593,4.0,4.0,0.1856,-1.1964,0.2225,0.182,-0.1964,0.0619,1.7705,-0.543,0.3046,0.1736,0.4955,0.0,101.2306
0.5239,-13.0385,0.0235,0.5422,0.305,0.1314,0.4385,241742.27,0.7294,4.029,12.3956,2.0,0.0,0.3821,-9.5103,0.3199,0.3285,-0.1872,0.0031,1.3428,-3.2361,0.3848,0.2473,0.7294,0.0235,93.6645
0.7492,-10.7942,0.1422,0.4467,0.2039,0.055,0.6198,164561.73,0.1807,2.7427,12.011,0.0,1.0,0.1354,-1.9509,0.112,0.3462,0.266,0.0078,0.4037,-3.9356,0.3425,0.265,0.7492,0.055,121.6925
0.3925,-20.2063,0.0889,0.0823,0.1116,0.1467,0.0256,272902.16,0.9979,4.5484,12.5169,3.0,0.0,0.3917,-20.1632,0.0255,0.2004,-0.9156,0.013,11.9822,-4.4425,0.2636,0.3446,0.9979,0.0256,103.4651
0.8937,-17.1877,0.0328,0.3322,0.0135,0.0664,0.7535,305842.88,0.4787,5.0974,12.6308,4.0,0.0,0.4279,-8.2283,0.3607,0.0463,-0.1465,0.0022,1.4367,-3.3719,0.3673,0.3577,0.8937,0.0135,143.7254
0.3599,-9.5961,0.1928,0.1349,0.0,0.0243,0.6929,324819.12,0.9193,5.4137,12.691,4.0,1.0,0.3309,-8.8214,0.637,0.1928,-0.7843,0.0047,6.763,-1.7726,0.332,0.351,0.9193,0.0,136.9945
0.7893,-6.0727,0.2235,0.0951,0.0417,0.2925,0.402,264982.9,0.1787,4.4164,12.4874,3.0,3.0,0.1411,-1.0854,0.0719,0.2652,-0.0836,0.0654,1.86,-1.375,0.289,0.2511,0.7893,0.0417,136.7627
0.6514,-1.357,0.0235,0.6394,0.0693,0.0742,0.4515,277598.9,0.4128,4.6266,12.5339,3.0,4.0,0.2689,-0.5602,0.1864,0.0928,0.2266,0.0017,0.6446,-0.2933,0.3317,0.2733,0.6514,0.0235,118.843
0.8359,-5.3921,0.0727,0.4414,0.0,0.1409,0.3435,283049.72,0.5099,4.7175,12.5534,3.0,3.0,0.4262,-2.7492,0.1752,0.0727,-0.0685,0.0102,1.1526,-1.143,0.3349,0.292,0.8359,0.0,116.4757
0.478,-8.8454,0.1458,0.4747,0.0912,0.2924,0.0256,187725.44,0.3796,3.1288,12.1427,1.0,2.0,0.1815,-3.3577,0.0097,0.2371,0.0951,0.0426,0.7979,-2.8271,0.2696,0.1848,0.478,0.0256,157.5302
0.571,-8.747,0.0235,0.0868,0.0986,0.3179,0.2758,152992.3,0.6194,2.5499,11.9381,0.0,2.0,0.3537,-5.4179,0.1708,0.1221,-0.5326,0.0075,7.0511,-3.4304,0.2847,0.2371,0.6194,0.0235,150.1316
0.6369,-11.5717,0.0235,0.0974,0.0841,0.1146,0.47,322833.03,0.6265,5.3806,12.6849,4.0,1.0,0.399,-7.2493,0.2944,0.1076,-0.5291,0.0027,6.3683,-2.1506,0.2933,0.273,0.6369,0.0235,83.52
0.7669,-9.3339,0.0235,0.0136,0.0715,0.1209,0.9459,257080.94,0.7649,4.2847,12.4572,2.0,2.0,0.5865,-7.1392,0.7235,0.095,-0.7513,0.0028,52.5458,-2.1784,0.3867,0.4166,0.9459,0.0136,133.0986
0.4879,-3.6732,0.0924,0.4796,0.0,0.4567,0.6405,241831.11,0.5549,4.0305,12.396,2.0,4.0,0.2707,-2.0382,0.3554,0.0924,-0.0752,0.0422,1.1544,-0.9114,0.3874,0.2424,0.6405,0.0,150.3775
0.7451,-6.5157,0.0235,0.4949,0.0845,0.1495,0.349,131418.61,0.2409,2.1903,11.7862,0.0,3.0,0.1795,-1.5694,0.0841,0.108,0.254,0.0035,0.4857,-2.9748,0.2982,0.2541,0.7451,0.0235,134.584
0.4431,-4.7194,0.1167,0.2711,0.4049,0.0243,0.245,229113.94,0.9583,3.8186,12.342,1.0,3.0,0.4246,-4.5228,0.2348,0.5216,-0.6873,0.0028,3.5226,-1.2359,0.3519,0.3054,0.9583,0.0243,130.4122
0.6434,-4.9734,0.0958,0.205,0.0,0.2424,0.978,302674.2,0.3957,5.0446,12.6204,4.0,3.0,0.2546,-1.9681,0.387,0.0958,-0.1908,0.0232,1.9213,-0.9859,0.3658,0.3417,0.978,0.0,137.8876
0.6426,-5.2447,0.1401,0.3618,0.0325,0.0243,0.3767,321934.34,0.4259,5.3656,12.6821,4.0,3.0,0.2737,-2.2336,0.1604,0.1726,-0.064,0.0034,1.1738,-0.9775,0.2863,0.229,0.6426,0.0243,114.2715
0.7645,-4.9144,0.1023,0.1316,0.0,0.0243,0.3186,251529.39,0.5449,4.1922,12.4353,2.0,3.0,0.4165,-2.6777,0.1736,0.1023,-0.4132,0.0025,4.1077,-1.1723,0.2695,0.2895,0.7645,0.0,84.9078
0.667,-9.4801,0.1805,0.3667,0.1825,0.2163,0.8341,325745.72,0.2538,5.4291,12.6939,4.0,2.0,0.1693,-2.4061,0.2117,0.363,0.1129,0.0391,0.6902,-1.7462,0.3859,0.2614,0.8341,0.1805,105.0048
0.6489,-10.9814,0.0235,0.0,0.254,0.3713,0.7537,143950.42,0.5321,2.3992,11.8772,0.0,1.0,0.3453,-5.8436,0.4011,0.2775,-0.5321,0.0087,529.2964,-4.5771,0.3691,0.2949,0.7537,0.0,146.2066
0.6334,-17.164,0.1602,0.7495,0.3466,0.3549,0.7925,165588.27,0.0543,2.7598,12.0173,0.0,0.0,0.0344,-0.9326,0.0431,0.5068,0.6952,0.0569,0.0724,-6.2193,0.4416,0.2888,0.7925,0.0543,113.7568
0.7236,-3.1409,0.134,0.0,0.0,0.0544,0.8473,124786.25,0.3858,2.0798,11.7344,0.0,4.0,0.2792,-1.2118,0.3269,0.134,-0.3858,0.0073,383.7431,-1.5102,0.3064,0.3545,0.8473,0.0,121.2972
0.4447,-7.2926,0.0235,0.2589,0.0,0.0606,0.3037,346526.1,0.8858,5.7754,12.7557,4.0,2.0,0.3939,-6.4598,0.269,0.0235,-0.6269,0.0014,3.4086,-1.2627,0.2825,0.3129,0.8858,0.0,152.3885
0.5677,-9.8344,0.0611,0.1679,0.0,0.0243,0.5502,221704.27,0.7609,3.6951,12.3091,1.0,1.0,0.4319,-7.4827,0.4186,0.0611,-0.593,0.0015,4.5046,-2.6615,0.3046,0.3128,0.7609,0.0,79.9105
0.5473,-4.8594,0.1271,0.0,0.2341,0.0243,0.6344,281622.62,0.6536,4.6937,12.5483,3.0,3.0,0.3577,-3.1761,0.4146,0.3611,-0.6536,0.0031,650.1154,-1.0353,0.3172,0.2876,0.6536,0.0,56.9379
0.8099,-12.7966,0.1047,0.3398,0.1736,0.0243,0.3368,278071.4,0.6198,4.6345,12.5356,3.0,0.0,0.502,-7.9314,0.2088,0.2783,-0.28,0.0025,1.8185,-2.7612,0.3441,0.2833,0.8099,0.0243,120.7732
0.4579,-10.8356,0.0907,0.1833,0.1514,0.0243,0.4601,309524.94,0.836,5.1587,12.6428,4.0,1.0,0.3828,-9.0585,0.3846,0.2421,-0.6527,0.0022,4.5355,-2.1004,0.3148,0.2863,0.836,0.0243,134.8081
0.5696,-10.8724,0.0672,0.5566,0.0,0.087,0.5689,223192.25,0.038,3.7199,12.3158,1.0,1.0,0.0216,-0.4131,0.0216,0.0672,0.5186,0.0058,0.0681,-2.9228,0.2696,0.2777,0.5696,0.0,57.523
0.975,-1.357,0.0753,0.0,0.1218,0.438,0.3526,260317.2,0.6595,4.3386,12.4697,3.0,4.0,0.643,-0.895,0.2326,0.1971,-0.6595,0.033,656.0171,-0.3128,0.3746,0.3512,0.975,0.0,110.9106
0.4588,-1.357,0.1724,0.2536,0.1741,0.0243,0.4545,326601.3,0.9173,5.4434,12.6965,4.0,4.0,0.4209,-1.2448,0.4169,0.3465,-0.6638,0.0042,3.6035,-0.2493,0.3507,0.2951,0.9173,0.0243,111.3539
0.5918,-14.6605,0.0235,0.0095,0.1286,0.4237,0.7827,176488.9,0.5164,2.9415,12.081,0.0,0.0,0.3056,-7.5707,0.4042,0.1521,-0.5069,0.01,49.2973,-4.984,0.3538,0.3028,0.7827,0.0095,123.6559
0.4485,-11.3864,0.0235,0.995,0.0,0.3719,0.8652,385073.97,0.6939,6.4179,12.8612,4.0,1.0,0.3113,-7.9014,0.6004,0.0235,0.3011,0.0087,0.6967,-1.7742,0.4854,0.3896,0.995,0.0,95.545
0.4208,-3.6845,0.0888,0.0864,0.4425,0.0243,0.5278,265537.78,0.9393,4.4256,12.4895,3.0,4.0,0.3953,-3.4607,0.4957,0.5313,-0.8529,0.0022,10.7485,-0.8325,0.3614,0.3254,0.9393,0.0243,107.9728
0.4889,-11.3778,0.0235,0.1046,0.0,0.1139,0.7158,276725.3,0.5925,4.6121,12.5308,3.0,1.0,0.2897,-6.741,0.4241,0.0235,-0.4879,0.0027,5.6104,-2.4669,0.2913,0.298,0.7158,0.0,139.4927
0.3676,-12.6864,0.0235,0.5928,0.0912,0.2377,0.7249,129419.49,0.0778,2.157,11.7708,0.0,0.0,0.0286,-0.987,0.0564,0.1147,0.515,0.0056,0.131,-5.8815,0.3022,0.2721,0.7249,0.0235,125.8175
0.7178,-12.7955,0.0813,0.5555,0.2925,0.1667,0.4914,280163.72,0.0034,4.6694,12.5431,3.0,0.0,0.0024,-0.0435,0.0017,0.3738,0.5521,0.0136,0.0061,-2.7403,0.3298,0.2658,0.7178,0.0034,142.5762
0.975,-11.7731,0.0869,0.1879,0.0,0.1329,0.4159,226530.94,0.4175,3.7755,12.3306,1.0,1.0,0.407,-4.9149,0.1736,0.0869,-0.2295,0.0115,2.2096,-3.1183,0.3166,0.3309,0.975,0.0,93.9267
0.8533,-9.541,0.0511,0.3421,0.1716,0.3884,0.5348,283841.7,0.1333,4.7307,12.5562,3.0,2.0,0.1138,-1.2721,0.0713,0.2227,0.2087,0.0199,0.3887,-2.0168,0.3535,0.276,0.8533,0.0511,104.8352
0.975,-5.9036,0.1823,0.1839,0.29,0.2476,0.4559,294936.38,0.6199,4.9156,12.5945,4.0,3.0,0.6044,-3.6595,0.2826,0.4724,-0.4359,0.0451,3.3519,-1.201,0.4221,0.291,0.975,0.1823,106.4924
0.7155,-14.0146,0.0802,0.368,0.0,0.3221,0.5421,325713.7,0.2779,5.4286,12.6938,4.0,0.0,0.1989,-3.8951,0.1507,0.0802,0.09,0.0258,0.7533,-2.5816,0.3294,0.248,0.7155,0.0,139.3123
0.9146,-12.6878,0.0662,0.0,0.0176,0.1579,0.3245,321975.94,0.9241,5.3663,12.6822,4.0,0.0,0.8452,-11.7252,0.2999,0.0838,-0.9241,0.0105,919.2064,-2.3644,0.3436,0.4081,0.9241,0.0,136.7806
0.6647,-14.1496,0.032,0.1072,0.2918,0.3106,0.0256,292661.56,0.3842,4.8777,12.5868,4.0,0.0,0.2554,-5.4363,0.0098,0.3238,-0.277,0.0099,3.5496,-2.9009,0.2595,0.2284,0.6647,0.0256,79.7256
0.5433,-6.7542,0.0235,0.0,0.0,0.2431,0.5436,282406.44,0.9839,4.7068,12.5511,3.0,3.0,0.5345,-6.6452,0.5348,0.0235,-0.9839,0.0057,978.6213,-1.435,0.3339,0.3737,0.9839,0.0,123.5299
0.4596,-8.13,0.0669,0.2857,0.0,0.1379,0.724,310817.03,0.3926,5.1803,12.647,4.0,2.0,0.1805,-3.1918,0.2843,0.0669,-0.1069,0.0092,1.3692,-1.5694,0.2952,0.2532,0.724,0.0,96.2164
0.8317,-14.7778,0.0235,0.349,0.0,0.1367,0.6679,157949.2,0.0927,2.6325,11.97,0.0,0.0,0.0771,-1.3694,0.0619,0.0235,0.2564,0.0032,0.2647,-5.6136,0.3002,0.3308,0.8317,0.0,157.5097
0.7243,-6.7421,0.0235,0.1933,0.0983,0.2249,0.5728,153876.88,0.1798,2.5646,11.9439,0.0,3.0,0.1302,-1.2122,0.103,0.1218,0.0135,0.0053,0.9253,-2.6289,0.2881,0.2589,0.7243,0.0235,118.0933
0.5029,-6.9836,0.1759,0.126,0.0,0.0243,0.8694,245872.11,0.9927,4.0979,12.4126,2.0,2.0,0.4992,-6.9329,0.8631,0.1759,-0.8668,0.0043,7.8198,-1.7042,0.3844,0.4097,0.9927,0.0,67.2367
0.622,-7.6394,0.1306,0.1231,0.0,0.1934,0.4574,255500.44,0.924,4.2583,12.451,2.0,2.0,0.5747,-7.0588,0.4227,0.1306,-0.8009,0.0253,7.4457,-1.794,0.3501,0.3321,0.924,0.0,65.0149
0.7373,-6.6999,0.0235,0.4558,0.0967,0.1666,0.3434,296910.8,0.7353,4.9485,12.6012,4.0,3.0,0.5421,-4.9262,0.2525,0.1202,-0.2795,0.0039,1.6095,-1.3539,0.3655,0.2922,0.7373,0.0235,156.3072
0.7443,-7.6445,0.0235,0.995,0.2396,0.0669,0.3711,216468.4,0.2982,3.6078,12.2852,1.0,2.0,0.2219,-2.2796,0.1106,0.2631,0.6968,0.0016,0.2994,-2.1189,0.3912,0.3563,0.995,0.0235,133.4254
0.417,-13.1873,0.1813,0.1851,0.1423,0.323,0.6378,267909.88,0.3739,4.4652,12.4984,3.0,0.0,0.1559,-4.9303,0.2384,0.3237,-0.1888,0.0586,2.0092,-2.9534,0.3229,0.1743,0.6378,0.1423,120.3622
0.4722,-10.2911,0.0506,0.0167,0.1823,0.3567,0.0256,255964.56,0.8388,4.2661,12.4528,2.0,1.0,0.3961,-8.6322,0.0215,0.2328,-0.8221,0.018,47.3943,-2.4123,0.2776,0.3031,0.8388,0.0167,147.751
0.8124,-16.385,0.0298,0.1465,0.5267,0.4023,0.2724,231168.8,0.4028,3.8528,12.3509,2.0,0.0,0.3273,-6.5999,0.1097,0.5565,-0.2563,0.012,2.7301,-4.2527,0.3704,0.2574,0.8124,0.0298,80.2759
0.5793,-6.7781,0.1768,0.225,0.1331,0.1276,0.9475,237514.95,0.5749,3.9586,12.378,2.0,3.0,0.333,-3.897,0.5447,0.3099,-0.3499,0.0226,2.5441,-1.7123,0.3949,0.3131,0.9475,0.1276,122.2679
0.3768,-4.7459,0.0235,0.2471,0.0,0.3077,0.9176,331384.22,0.1707,5.5231,12.711,4.0,3.0,0.0643,-0.8103,0.1567,0.0235,0.0763,0.0072,0.6882,-0.8593,0.2919,0.309,0.9176,0.0,94.6372
0.3624,-8.6738,0.1521,0.006,0.0795,0.0243,0.5478,226882.64,0.9827,3.7814,12.3322,1.0,2.0,0.3562,-8.524,0.5383,0.2316,-0.9768,0.0037,140.8018,-2.2938,0.3078,0.3568,0.9827,0.006,109.7264
0.6902,-3.8028,0.1678,0.0438,0.0088,0.0243,0.7973,300603.44,0.6848,5.0101,12.6136,4.0,4.0,0.4726,-2.6042,0.546,0.1766,-0.641,0.0041,15.2825,-0.759,0.3453,0.3599,0.7973,0.0088,74.9008
0.683,-7.1802,0.0235,0.2079,0.0,0.1731,0.7497,301551.5,0.4369,5.0259,12.6167,4.0,2.0,0.2984,-3.1368,0.3275,0.0235,-0.229,0.0041,2.0913,-1.4286,0.3249,0.304,0.7497,0.0,72.271
0.6977,-12.5059,0.1193,0.045,0.0489,0.1223,0.3985,265049.0,0.4031,4.4175,12.4877,3.0,0.0,0.2813,-5.0416,0.1607,0.1683,-0.3581,0.0146,8.759,-2.831,0.2621,0.2452,0.6977,0.045,136.0129
0.73,-10.9135,0.1191,0.3147,0.0,0.2625,0.6826,225742.39,0.0769,3.7624,12.3272,1.0,1.0,0.0562,-0.8396,0.0525,0.1191,0.2378,0.0313,0.2437,-2.9007,0.3123,0.2899,0.73,0.0,133.7093
0.8176,-10.4871,0.0235,0.5692,0.0986,0.4089,0.5691,232512.8,0.1313,3.8752,12.3567,2.0,1.0,0.1073,-1.3766,0.0747,0.1221,0.4379,0.0096,0.2302,-2.7062,0.374,0.2977,0.8176,0.0235,90.3972
0.5751,-7.6377,0.0235,0.1666,0.0,0.0718,0.4031,174812.64,0.4094,2.9135,12.0715,0.0,2.0,0.2354,-3.1269,0.165,0.0235,-0.2428,0.0017,2.4421,-2.6214,0.2356,0.2257,0.5751,0.0,157.8948
0.7493,-14.1614,0.0235,0.3769,0.0873,0.4158,0.8694,146958.31,0.0516,2.4493,11.8979,0.0,0.0,0.0387,-0.7307,0.0449,0.1108,0.3253,0.0098,0.1365,-5.7818,0.3677,0.3408,0.8694,0.0235,162.6922
0.8276,-8.5356,0.0235,0.1918,0.0,0.0907,0.4746,238820.7,0.4909,3.9803,12.3835,2.0,2.0,0.4063,-4.1898,0.2329,0.0235,-0.299,0.0021,2.5456,-2.1444,0.2999,0.3075,0.8276,0.0,109.7952
0.585,-1.357,0.1017,0.6555,0.1748,0.1633,0.7575,232994.4,0.2651,3.8832,12.3588,2.0,4.0,0.1551,-0.3597,0.2008,0.2765,0.3905,0.0166,0.4037,-0.3495,0.3861,0.2708,0.7575,0.1017,103.4408
0.928,-13.7981,0.0235,0.0815,0.3316,0.0659,0.409,256789.33,0.9933,4.2798,12.456,2.0,0.0,0.9218,-13.7052,0.4063,0.3551,-0.9118,0.0015,12.0429,-3.224,0.4047,0.4062,0.9933,0.0235,77.8802
0.4926,-12.7824,0.1728,0.0,0.0517,0.2701,0.7664,208913.81,0.1336,3.4819,12.2497,1.0,0.0,0.0658,-1.7077,0.1024,0.2245,-0.1336,0.0467,132.8877,-3.6711,0.2696,0.2722,0.7664,0.0,141.2982
0.6677,-1.357,0.0235,0.6801,0.377,0.106,0.393,246541.72,0.0671,4.109,12.4153,2.0,4.0,0.0448,-0.0911,0.0264,0.4005,0.6129,0.0025,0.0986,-0.3302,0.3306,0.2757,0.6801,0.0235,129.7403
0.4461,-11.5518,0.0786,0.4578,0.0,0.0243,0.45,241821.34,0.7609,4.0304,12.396,2.0,1.0,0.3394,-8.7894,0.3424,0.0786,-0.3031,0.0019,1.6585,-2.8662,0.3168,0.287,0.7609,0.0,137.8549
0.5543,-7.9522,0.0435,0.3149,0.0997,0.0433,0.6988,226976.84,0.7979,3.7829,12.3326,1.0,2.0,0.4423,-6.3448,0.5576,0.1432,-0.483,0.0019,2.5257,-2.1021,0.3646,0.32,0.7979,0.0433,98.8968
0.5663,-5.8735,0.0235,0.4621,0.1788,0.2423,0.2499,223870.8,0.8241,3.7312,12.3188,1.0,3.0,0.4667,-4.8405,0.206,0.2023,-0.3621,0.0057,1.7798,-1.5742,0.3639,0.2709,0.8241,0.0235,128.9703
0.5098,-7.6729,0.1289,0.1231,0.0989,0.0776,0.8344,231777.4,0.5179,3.863,12.3535,2.0,2.0,0.264,-3.9736,0.4321,0.2278,-0.3948,0.01,4.173,-1.9863,0.3272,0.2951,0.8344,0.0776,148.1265
0.3819,-1.357,0.0235,0.0535,0.0,0.0864,0.5839,263657.2,0.919,4.3943,12.4824,3.0,4.0,0.351,-1.2471,0.5366,0.0235,-0.8655,0.002,16.8503,-0.3088,0.2926,0.3519,0.919,0.0,136.5626
0.975,-1.357,0.0235,0.2416,0.2341,0.1739,0.4956,266823.94,0.9887,4.4471,12.4943,3.0,4.0,0.964,-1.3416,0.49,0.2576,-0.747,0.0041,4.0746,-0.3051,0.4475,0.3907,0.9887,0.0235,116.5752
0.3711,-6.6389,0.0235,0.0917,0.0,0.0776,0.266,164586.12,0.6854,2.7431,12.0112,0.0,3.0,0.2543,-4.5503,0.1823,0.0235,-0.5937,0.0018,7.3911,-2.4202,0.2165,0.2467,0.6854,0.0,120.947
0.4624,-14.205,0.0235,0.3145,0.0,0.4109,0.5412,186955.89,0.1332,3.1159,12.1386,1.0,0.0,0.0616,-1.8921,0.0721,0.0235,0.1813,0.0097,0.4222,-4.5588,0.2694,0.2178,0.5412,0.0,141.1769
0.975,-13.9402,0.0235,0.6299,0.0,0.1525,0.2487,281447.53,0.5096,4.6908,12.5477,3.0,0.0,0.4969,-7.1039,0.1268,0.0235,0.1203,0.0036,0.8077,-2.9718,0.3628,0.3586,0.975,0.0,139.2105
0.7246,-1.4613,0.0685,0.995,0.2967,0.1287,0.34,341560.1,0.3723,5.6927,12.7413,4.0,4.0,0.2697,-0.544,0.1266,0.3652,0.6227,0.0088,0.3738,-0.2567,0.418,0.3306,0.995,0.0685,146.5459
0.7693,-6.1374,0.0487,0.2915,0.0813,0.0566,0.3869,251805.27,0.2367,4.1968,12.4364,2.0,3.0,0.1821,-1.4525,0.0916,0.1299,0.0548,0.0028,0.8092,-1.4624,0.2673,0.2565,0.7693,0.0487,105.0129
0.6396,-10.4727,0.0645,0.5876,0.4472,0.0243,0.541,218670.48,0.5771,3.6445,12.2953,1.0,1.0,0.3691,-6.0434,0.3122,0.5117,0.0106,0.0016,0.9804,-2.8735,0.4116,0.2578,0.6396,0.0243,137.4483
0.8692,-11.0287,0.0691,0.0669,0.274,0.0243,0.6672,373830.22,0.6497,6.2305,12.8316,4.0,1.0,0.5648,-7.1657,0.4335,0.3431,-0.5828,0.0017,9.5709,-1.7701,0.3743,0.3481,0.8692,0.0243,103.0217
0.5319,-10.98,0.0235,0.2366,0.4425,0.1708,0.6627,205928.38,0.5071,3.4321,12.2353,1.0,1.0,0.2697,-5.5676,0.336,0.466,-0.2704,0.004,2.1339,-3.1992,0.3679,0.2286,0.6627,0.0235,126.4667
0.4328,-17.6439,0.1644,0.3255,0.1423,0.1887,0.8321,324858.66,0.6289,5.4143,12.6911,4.0,0.0,0.2722,-11.0957,0.5233,0.3068,-0.3033,0.031,1.926,-3.2588,0.3878,0.2618,0.8321,0.1423,110.8203
0.6829,-10.923,0.0235,0.7166,0.2028,0.1841,0.3929,297867.75,0.0719,4.9645,12.6044,4.0,1.0,0.0491,-0.785,0.0282,0.2263,0.6448,0.0043,0.1001,-2.2002,0.325,0.2816,0.7166,0.0235,93.0941
0.7744,-8.8938,0.1714,0.5298,0.1668,0.0243,0.6186,144841.58,0.6823,2.414,11.8834,0.0,2.0,0.5283,-6.068,0.4221,0.3382,-0.1524,0.0042,1.2853,-3.6842,0.4239,0.2967,0.7744,0.0243,73.3157
0.6778,-6.0643,0.0919,0.0957,0.2433,0.2593,0.528,303301.53,0.8761,5.055,12.6225,4.0,3.0,0.5938,-5.3131,0.4626,0.3352,-0.7805,0.0238,9.0623,-1.1996,0.396,0.3033,0.8761,0.0919,116.6743
0.8686,-6.657,0.0235,0.0,0.1516,0.2818,0.7049,232491.34,0.5095,3.8749,12.3566,2.0,3.0,0.4425,-3.3915,0.3591,0.1751,-0.5095,0.0066,506.7505,-1.718,0.3629,0.3397,0.8686,0.0,148.3556
0.7036,-2.4059,0.2179,0.6248,0.2827,0.0243,0.6415,251519.88,0.8183,4.192,12.4353,2.0,4.0,0.5757,-1.9687,0.5249,0.5006,-0.1935,0.0053,1.3076,-0.5739,0.4733,0.2962,0.8183,0.0243,111.7732
0.7114,-8.9779,0.0638,0.3639,0.4198,0.0243,0.3484,278468.0,0.5764,4.6411,12.5371,3.0,2.0,0.41,-5.1749,0.2008,0.4836,-0.2125,0.0016,1.5794,-1.9344,0.3583,0.2498,0.7114,0.0243,97.0516
0.7115,-4.2827,0.0865,0.0,0.2908,0.2965,0.5109,245858.88,0.7994,4.0976,12.4125,2.0,3.0,0.5688,-3.4236,0.4084,0.3773,-0.7994,0.0257,795.138,-1.0451,0.3851,0.3023,0.7994,0.0,142.4153
0.689,-3.8237,0.0757,0.2811,0.0,0.1539,0.3676,241377.31,0.3319,4.023,12.3941,2.0,4.0,0.2287,-1.2692,0.122,0.0757,-0.0509,0.0117,1.1769,-0.9505,0.2713,0.2285,0.689,0.0,102.6732
0.6435,-8.2969,0.1096,0.0,0.0,0.0243,0.7564,337801.6,0.7845,5.63,12.7302,4.0,2.0,0.5049,-6.5092,0.5935,0.1096,-0.7845,0.0027,780.3506,-1.4737,0.3312,0.3756,0.7845,0.0,189.1583
0.5644,-16.6836,0.1034,0.0,0.0546,0.0902,0.7765,241441.44,0.8483,4.024,12.3944,2.0,0.0,0.4788,-14.1521,0.6586,0.158,-0.8483,0.0093,843.7442,-4.146,0.3482,0.3684,0.8483,0.0,145.0304
0.7152,-11.1131,0.0235,0.1278,0.039,0.1165,0.7163,183634.0,0.3396,3.0606,12.1207,1.0,1.0,0.2429,-3.774,0.2432,0.0625,-0.2118,0.0027,2.6372,-3.6311,0.2968,0.3042,0.7163,0.0235,67.288
0.5429,-8.2559,0.0235,0.2599,0.3065,0.1915,0.4586,265052.56,0.4144,4.4175,12.4877,3.0,2.0,0.225,-3.4212,0.19,0.33,-0.1545,0.0045,1.5882,-1.8689,0.3139,0.176,0.5429,0.0235,145.9485
0.6383,-7.3678,0.0297,0.0309,0.0529,0.4945,0.3308,213529.03,0.6861,3.5588,12.2715,1.0,2.0,0.4379,-5.0548,0.2269,0.0826,-0.6552,0.0147,21.525,-2.0703,0.3233,0.2901,0.6861,0.0297,129.6565
0.4737,-17.8172,0.0235,0.0999,0.3319,0.3245,0.3777,224671.19,0.9235,3.7445,12.3224,1.0,0.0,0.4375,-16.4536,0.3488,0.3554,-0.8236,0.0076,9.1566,-4.7582,0.365,0.2926,0.9235,0.0235,93.9088
0.6114,-6.817,0.0928,0.0533,0.3201,0.2734,0.6373,210410.03,0.3798,3.5068,12.2568,1.0,3.0,0.2322,-2.5891,0.242,0.4129,-0.3265,0.0254,6.9936,-1.9439,0.3383,0.2279,0.6373,0.0533,148.8899
0.737,-9.5732,0.033,0.3761,0.2074,0.1418,0.6501,218918.05,0.0137,3.6486,12.2965,1.0,1.0,0.0101,-0.1308,0.0089,0.2404,0.3624,0.0047,0.0362,-2.6238,0.3084,0.2903,0.737,0.0137,49.1542
0.7461,-8.7372,0.0235,0.2418,0.1326,0.2323,0.8431,325845.72,0.4278,5.4308,12.6942,4.0,2.0,0.3192,-3.7378,0.3607,0.1561,-0.186,0.0055,1.762,-1.6088,0.3782,0.3109,0.8431,0.0235,150.2025
0.7869,-8.7444,0.0235,0.4826,0.3297,0.4099,0.444,203681.38,0.3289,3.3947,12.2243,1.0,2.0,0.2588,-2.8763,0.1461,0.3532,0.1537,0.0096,0.6801,-2.5759,0.4008,0.2274,0.7869,0.0235,101.4972
0.9086,-8.9742,0.0235,0.3187,0.1218,0.2586,0.3567,262753.62,0.1885,4.3792,12.479,3.0,2.0,0.1712,-1.6913,0.0672,0.1453,0.1303,0.0061,0.5895,-2.0493,0.3109,0.2873,0.9086,0.0235,81.6968
0.8487,-9.1719,0.0794,0.0767,0.3315,0.1588,0.5889,203909.64,0.2757,3.3985,12.2254,1.0,2.0,0.234,-2.529,0.1624,0.4109,-0.199,0.0126,3.549,-2.6988,0.3371,0.2872,0.8487,0.0767,135.8753
0.7558,-14.0156,0.0805,0.5816,0.0,0.2514,0.8847,250930.69,0.0776,4.1822,12.4329,2.0,0.0,0.0587,-1.0876,0.0686,0.0805,0.504,0.0202,0.1332,-3.3513,0.376,0.3602,0.8847,0.0,148.382
0.4599,-14.5742,0.0693,0.2981,0.0828,0.0243,0.3437,232890.31,0.6442,3.8815,12.3583,2.0,0.0,0.2963,-9.3887,0.2214,0.1521,-0.3461,0.0017,2.154,-3.7548,0.2746,0.2302,0.6442,0.0243,112.0245
0.3559,-2.7338,0.056,0.0949,0.1701,0.1712,0.2906,237957.86,0.9867,3.966,12.3799,2.0,4.0,0.3512,-2.6975,0.2867,0.226,-0.8919,0.0096,10.2941,-0.6893,0.3036,0.3188,0.9867,0.056,171.2064
0.6423,-9.2418,0.1158,0.1136,0.2444,0.3749,0.4526,63973.0,0.9373,1.0662,11.0662,0.0,2.0,0.602,-8.6621,0.4242,0.3603,-0.8237,0.0434,8.1821,-8.6679,0.4116,0.2991,0.9373,0.1136,117.711
0.4519,-13.7389,0.065,0.1349,0.0642,0.1714,0.5423,244344.1,0.8563,4.0724,12.4063,2.0,0.0,0.387,-11.765,0.4644,0.1291,-0.7215,0.0111,6.3025,-3.3737,0.3266,0.3003,0.8563,0.0642,121.797
0.4729,-2.5556,0.1575,0.2078,0.267,0.3118,0.8496,217430.69,0.3936,3.6238,12.2896,1.0,4.0,0.1861,-1.0059,0.3344,0.4245,-0.1858,0.0491,1.8851,-0.7052,0.38,0.2331,0.8496,0.1575,122.7645
0.7959,-6.3388,0.0872,0.1379,0.1528,0.0779,0.6666,304524.78,0.3375,5.0754,12.6265,4.0,3.0,0.2686,-2.1391,0.2249,0.2399,-0.1996,0.0068,2.4294,-1.2489,0.3222,0.2946,0.7959,0.0779,108.8273
0.5417,-11.8667,0.053,0.0071,0.1111,0.21,0.2458,326635.62,0.9504,5.4439,12.6966,4.0,1.0,0.5148,-11.2781,0.2336,0.1641,-0.9433,0.0111,117.9112,-2.1798,0.3027,0.3354,0.9504,0.0071,100.273
0.7348,-7.0487,0.1414,0.0126,0.0,0.3676,0.3536,371768.62,0.6179,6.1961,12.826,4.0,2.0,0.454,-4.3552,0.2185,0.1414,-0.6052,0.052,45.2871,-1.1376,0.3183,0.2866,0.7348,0.0,152.6938
0.7328,-4.5983,0.1788,0.1399,0.2159,0.161,0.4986,241443.45,0.5554,4.0241,12.3944,2.0,3.0,0.407,-2.5539,0.2769,0.3948,-0.4155,0.0288,3.9431,-1.1427,0.3546,0.2373,0.7328,0.1399,138.9104
0.5677,-2.8762,0.2371,0.4864,0.2547,0.0243,0.3613,264923.88,0.9243,4.4154,12.4872,3.0,4.0,0.5247,-2.6586,0.3339,0.4917,-0.4379,0.0058,1.8963,-0.6514,0.408,0.2888,0.9243,0.0243,150.496
0.7039,-14.8356,0.0791,0.995,0.3971,0.0243,0.3612,260916.98,0.8471,4.3486,12.472,3.0,0.0,0.5963,-12.5677,0.306,0.4762,0.1479,0.0019,0.8505,-3.4116,0.4868,0.374,0.995,0.0243,163.9212
0.5781,-12.8464,0.0538,0.0,0.1544,0.0715,0.4099,268032.06,0.8397,4.4672,12.4989,3.0,0.0,0.4854,-10.7867,0.3442,0.2082,-0.8397,0.0038,835.19,-2.8757,0.3011,0.3175,0.8397,0.0,140.7038
0.4301,-3.788,0.0961,0.4196,0.2366,0.0576,0.4167,322040.72,0.6777,5.3673,12.6824,4.0,4.0,0.2915,-2.5672,0.2824,0.3327,-0.2582,0.0055,1.6115,-0.7057,0.3335,0.2176,0.6777,0.0576,104.4198
0.8887,-11.6837,0.0865,0.377,0.2997,0.1936,0.8359,238746.66,0.1582,3.9791,12.3832,2.0,1.0,0.1406,-1.8484,0.1322,0.3863,0.2188,0.0168,0.4185,-2.9363,0.4057,0.3262,0.8887,0.0865,134.013
0.6548,-3.9236,0.0235,0.3556,0.3,0.2035,0.2345,226634.72,0.4285,3.7772,12.3311,1.0,4.0,0.2806,-1.6811,0.1005,0.3235,-0.0728,0.0048,1.2014,-1.0388,0.3143,0.1975,0.6548,0.0235,152.9608
0.5909,-9.2922,0.2036,0.0776,0.0,0.0848,0.5613,264763.3,0.7075,4.4127,12.4866,3.0,2.0,0.418,-6.5739,0.3971,0.2036,-0.6298,0.0173,8.9974,-2.1058,0.3179,0.292,0.7075,0.0,153.9979
0.6248,-12.752,0.0235,0.0927,0.0745,0.3876,0.3426,161383.0,0.3185,2.6897,11.9915,0.0,0.0,0.199,-4.0611,0.1091,0.098,-0.2257,0.0091,3.398,-4.741,0.2663,0.2151,0.6248,0.0235,116.5988
0.6869,-6.8477,0.1094,0.2386,0.3619,0.1527,0.5672,281040.1,0.5039,4.684,12.5463,3.0,3.0,0.3461,-3.4504,0.2858,0.4713,-0.2653,0.0167,2.1032,-1.4619,0.3744,0.2197,0.6869,0.1094,138.175
0.6041,-6.135,0.0635,0.0587,0.0372,0.1607,0.488,165588.25,0.9743,2.7598,12.0173,0.0,3.0,0.5886,-5.9775,0.4754,0.1007,-0.9157,0.0102,16.3325,-2.223,0.3409,0.359,0.9743,0.0372,119.8095
0.4787,-5.8977,0.0491,0.3354,0.1466,0.2136,0.5801,231821.36,0.0955,3.8637,12.3537,2.0,3.0,0.0457,-0.5634,0.0554,0.1957,0.2399,0.0105,0.284,-1.5265,0.2713,0.2007,0.5801,0.0491,163.6826
0.8232,-10.293,0.0862,0.0637,0.0,0.1605,0.8345,221657.88,0.8679,3.6943,12.3089,1.0,1.0,0.7145,-8.9329,0.7242,0.0862,-0.8042,0.0138,13.411,-2.7862,0.4052,0.4114,0.8679,0.0,74.9008
0.5399,-4.6467,0.1441,0.3939,0.0,0.0243,0.7747,164087.81,0.6844,2.7348,12.0082,0.0,3.0,0.3695,-3.1802,0.5302,0.1441,-0.2905,0.0035,1.7332,-1.6991,0.3659,0.3161,0.7747,0.0,142.6953
0.7057,-5.9392,0.1937,0.2365,0.1824,0.2819,0.5812,243561.58,0.0817,4.0594,12.4031,2.0,3.0,0.0576,-0.485,0.0475,0.3761,0.1549,0.0546,0.3438,-1.4631,0.3233,0.2299,0.7057,0.0817,120.8934
0.8722,-1.357,0.0235,0.1886,0.0645,0.1064,0.8464,172437.67,0.1692,2.874,12.0578,0.0,4.0,0.1476,-0.2296,0.1432,0.088,0.0194,0.0025,0.8922,-0.4722,0.3244,0.3698,0.8722,0.0235,105.4491
0.5418,-11.8778,0.0235,0.3898,0.2999,0.2597,0.7427,295523.84,0.2701,4.9254,12.5965,4.0,1.0,0.1463,-3.2078,0.2006,0.3234,0.1198,0.0061,0.691,-2.4115,0.3611,0.2293,0.7427,0.0235,86.5455
0.4924,-1.357,0.0235,0.1315,0.0,0.3138,0.9087,246679.81,0.9397,4.1113,12.4159,2.0,4.0,0.4627,-1.2751,0.8539,0.0235,-0.8082,0.0074,7.0945,-0.3301,0.4014,0.3958,0.9397,0.0,103.8894
0.6047,-9.29,0.0645,0.5395,0.1525,0.1666,0.9391,270457.84,0.0423,4.5076,12.5079,3.0,2.0,0.0256,-0.3933,0.0398,0.217,0.4971,0.0107,0.0783,-2.061,0.3585,0.3406,0.9391,0.0423,112.8595
0.5322,-5.9202,0.0384,0.3738,0.0,0.1438,0.7058,168862.03,0.5527,2.8144,12.0368,0.0,3.0,0.2941,-3.2723,0.3901,0.0384,-0.1789,0.0055,1.4747,-2.1035,0.3352,0.2775,0.7058,0.0,95.3783
0.9089,-10.8923,0.0715,0.2035,0.1516,0.0243,0.5697,274873.34,0.6705,4.5812,12.5241,3.0,1.0,0.6094,-7.3029,0.382,0.2232,-0.4669,0.0017,3.2783,-2.3776,0.3714,0.3427,0.9089,0.0243,123.3592
0.8131,-5.77,0.0866,0.0,0.0,0.0962,0.788,226970.52,0.5938,3.7828,12.3326,1.0,3.0,0.4828,-3.4262,0.4679,0.0866,-0.5938,0.0083,590.6342,-1.5253,0.3397,0.375,0.8131,0.0,186.7895
0.5987,-7.0577,0.0686,0.079,0.0356,0.0243,0.5105,222960.31,0.6464,3.716,12.3148,1.0,2.0,0.387,-4.5621,0.33,0.1042,-0.5674,0.0017,8.0814,-1.8993,0.2805,0.2884,0.6464,0.0243,113.173
0.3558,-1.357,0.0235,0.4253,0.2563,0.0743,0.0256,160944.11,0.8381,2.6824,11.9888,0.0,4.0,0.2982,-1.1373,0.0215,0.2798,-0.4128,0.0017,1.966,-0.5059,0.2856,0.292,0.8381,0.0235,157.7484
0.7501,-14.8657,0.1163,0.2746,0.1834,0.105,0.978,63973.0,0.1502,1.0662,11.0662,0.0,0.0,0.1127,-2.2328,0.1469,0.2997,0.1244,0.0122,0.5449,-13.9425,0.3654,0.3514,0.978,0.105,52.6892
0.8489,-10.8125,0.0839,0.0928,0.098,0.1629,0.377,297071.5,0.4668,4.9512,12.6017,4.0,1.0,0.3963,-5.0473,0.176,0.182,-0.374,0.0137,4.9759,-2.1838,0.3043,0.284,0.8489,0.0839,125.2467
0.7728,-14.6191,0.1767,0.0,0.1009,0.1118,0.978,288932.2,0.7175,4.8155,12.574,3.0,0.0,0.5545,-10.4887,0.7017,0.2776,-0.7175,0.0198,713.6416,-3.0358,0.4082,0.3991,0.978,0.0,125.3475
0.8144,-1.357,0.0235,0.0111,0.0781,0.2598,0.7247,63973.0,0.9087,1.0662,11.0662,0.0,4.0,0.7401,-1.2332,0.6585,0.1016,-0.8976,0.0061,75.1693,-1.2727,0.4029,0.3984,0.9087,0.0111,116.6704
0.9273,-8.475,0.1547,0.0695,0.0415,0.12,0.4574,251647.03,0.4974,4.1941,12.4358,2.0,2.0,0.4613,-4.2154,0.2275,0.1962,-0.4279,0.0186,7.0518,-2.0207,0.324,0.3232,0.9273,0.0415,153.929
0.3297,-7.0518,0.0235,0.4589,0.2698,0.1411,0.6575,288814.78,0.2482,4.8136,12.5735,3.0,2.0,0.0818,-1.7503,0.1632,0.2933,0.2107,0.0033,0.5397,-1.465,0.3041,0.2078,0.6575,0.0235,127.0365
0.4981,-6.3413,0.0235,0.3937,0.0874,0.2134,0.5271,186798.61,0.8183,3.1133,12.1378,1.0,3.0,0.4076,-5.1889,0.4313,0.1109,-0.4245,0.005,2.0729,-2.0368,0.3659,0.279,0.8183,0.0235,146.7134
0.8038,-4.6348,0.0747,0.0,0.0974,0.1218,0.7066,167595.81,0.8353,2.7933,12.0293,0.0,3.0,0.6714,-3.8716,0.5902,0.1721,-0.8353,0.0091,830.8798,-1.6593,0.3771,0.3825,0.8353,0.0,111.6081
0.7744,-14.7605,0.1135,0.0779,0.0,0.2399,0.978,183741.58,0.2738,3.0624,12.1213,1.0,0.0,0.212,-4.0414,0.2678,0.1135,-0.1959,0.0272,3.4687,-4.82,0.3511,0.3752,0.978,0.0,54.1162
0.975,-17.9078,0.0235,0.4258,0.0748,0.1655,0.929,177727.73,0.2561,2.9621,12.088,0.0,0.0,0.2497,-4.5856,0.2379,0.0983,0.1698,0.0039,0.5999,-6.0456,0.4071,0.3945,0.975,0.0235,153.7833
0.539,-9.4906,0.0235,0.1334,0.0416,0.1767,0.0256,172899.17,0.6455,2.8817,12.0605,0.0,2.0,0.3479,-6.1259,0.0165,0.0651,-0.5121,0.0042,4.8042,-3.2935,0.2265,0.2582,0.6455,0.0235,146.5361
0.679,-10.4437,0.0235,0.2835,0.0,0.0413,0.5316,271044.97,0.8237,4.5174,12.51,3.0,1.0,0.5592,-8.6022,0.4378,0.0235,-0.5401,0.001,2.8947,-2.3119,0.3404,0.34,0.8237,0.0,132.6681
0.4935,-12.1618,0.1304,0.9083,0.0,0.0875,0.4386,262688.28,0.0391,4.3781,12.4787,3.0,1.0,0.0193,-0.4759,0.0172,0.1304,0.8692,0.0114,0.043,-2.7779,0.2997,0.3313,0.9083,0.0,94.2093
0.6382,-6.9472,0.1871,0.1937,0.1819,0.0798,0.5344,207060.64,0.3895,3.451,12.2408,1.0,2.0,0.2486,-2.7062,0.2082,0.369,-0.1959,0.0149,2.0009,-2.0131,0.3149,0.2091,0.6382,0.0798,92.9516
0.4518,-3.7917,0.0235,0.1206,0.3515,0.1738,0.3201,280128.6,0.8918,4.6688,12.543,3.0,4.0,0.4029,-3.3815,0.2855,0.375,-0.7712,0.0041,7.3352,-0.8121,0.3333,0.2867,0.8918,0.0235,143.7195
0.6835,-14.6678,0.1457,0.2869,0.0388,0.0848,0.592,107418.0,0.3396,1.7903,11.5845,0.0,0.0,0.2321,-4.9812,0.2011,0.1845,-0.0527,0.0124,1.1798,-8.1929,0.3102,0.2489,0.6835,0.0388,110.2503
0.678,-5.858,0.0747,0.1536,0.0,0.2444,0.0256,260639.12,0.6855,4.344,12.4709,3.0,3.0,0.4648,-4.0155,0.0175,0.0747,-0.5319,0.0183,4.4344,-1.3485,0.266,0.2955,0.6855,0.0,90.7862
0.5035,-6.9249,0.0565,0.0,0.3945,0.1139,0.0256,253955.22,0.7592,4.2326,12.4449,2.0,3.0,0.3823,-5.2574,0.0194,0.451,-0.7592,0.0064,755.1524,-1.6361,0.2648,0.292,0.7592,0.0,88.0408
0.6659,-16.2445,0.0235,0.0,0.2414,0.3068,0.2764,253872.97,0.7295,4.2312,12.4446,2.0,0.0,0.4858,-11.8498,0.2017,0.2649,-0.7295,0.0072,725.5776,-3.8392,0.3205,0.2846,0.7295,0.0,137.6841
0.9488,-5.8131,0.0235,0.2459,0.1315,0.3496,0.4964,299984.25,0.4825,4.9997,12.6115,4.0,3.0,0.4578,-2.8046,0.2395,0.155,-0.2366,0.0082,1.954,-1.1627,0.3826,0.3042,0.9488,0.0235,106.9321
0.8419,-1.357,0.0636,0.0812,0.0,0.3295,0.7567,310875.78,0.9736,5.1813,12.6472,4.0,4.0,0.8197,-1.3212,0.7367,0.0636,-0.8924,0.021,11.8383,-0.2619,0.4352,0.4128,0.9736,0.0,154.2607
0.5889,-13.6225,0.0988,0.3364,0.0028,0.3839,0.7324,258845.47,0.1229,4.3141,12.464,2.0,0.0,0.0724,-1.6747,0.09,0.1016,0.2135,0.0379,0.3643,-3.1577,0.3237,0.2693,0.7324,0.0028,103.6312
0.6299,-5.0119,0.0235,0.0986,0.0,0.1295,0.837,175864.0,0.7358,2.9311,12.0775,0.0,3.0,0.4635,-3.6878,0.6159,0.0235,-0.6372,0.003,7.3885,-1.7099,0.3506,0.3664,0.837,0.0,102.0467
0.7315,-6.8833,0.0235,0.8112,0.0108,0.2612,0.5729,296630.16,0.1409,4.9438,12.6002,4.0,3.0,0.103,-0.9696,0.0807,0.0343,0.6703,0.0061,0.1734,-1.3923,0.3646,0.3366,0.8112,0.0108,135.0025
0.6778,-10.9402,0.1386,0.0,0.0,0.2478,0.0256,291808.34,0.7875,4.8635,12.5839,4.0,1.0,0.5337,-8.615,0.0202,0.1386,-0.7875,0.0343,783.2684,-2.2495,0.2682,0.331,0.7875,0.0,104.9454
0.8461,-6.2425,0.064,0.2771,0.0,0.3536,0.8374,275878.4,0.4882,4.598,12.5277,3.0,3.0,0.4131,-3.0476,0.4088,0.064,-0.2111,0.0226,1.7557,-1.3577,0.4095,0.3385,0.8461,0.0,77.4364
0.653,-8.8598,0.0235,0.2379,0.298,0.0725,0.7898,282075.8,0.3579,4.7013,12.5499,3.0,2.0,0.2337,-3.1712,0.2827,0.3215,-0.12,0.0017,1.4982,-1.8846,0.3475,0.2841,0.7898,0.0235,126.1042
0.79,-6.815,0.0235,0.0,0.1639,0.3713,0.8359,239155.72,0.4875,3.9859,12.3849,2.0,3.0,0.3851,-3.3221,0.4075,0.1874,-0.4875,0.0087,484.8678,-1.7098,0.3817,0.3429,0.8359,0.0,163.3658
0.5669,-6.6336,0.0235,0.6756,0.22,0.2596,0.4447,278630.3,0.2551,4.6438,12.5376,3.0,3.0,0.1446,-1.692,0.1134,0.2435,0.4205,0.0061,0.377,-1.4285,0.3493,0.2246,0.6756,0.0235,129.6844
0.6387,-9.7959,0.0235,0.0,0.0532,0.1538,0.383,177539.88,0.3269,2.959,12.087,0.0,1.0,0.2088,-3.202,0.1252,0.0767,-0.3269,0.0036,325.124,-3.3106,0.2256,0.2353,0.6387,0.0,120.7969
0.7118,-9.9472,0.099,0.6191,0.1215,0.1054,0.7386,332511.75,0.0394,5.5419,12.7144,4.0,1.0,0.028,-0.3919,0.0291,0.2205,0.5797,0.0104,0.0635,-1.7949,0.3478,0.323,0.7386,0.0394,104.9088
0.3949,-10.4517,0.1406,0.8173,0.0,0.0243,0.2648,238728.45,0.4913,3.9788,12.3831,2.0,1.0,0.194,-5.1346,0.1301,0.1406,0.326,0.0034,0.6004,-2.6269,0.3047,0.2903,0.8173,0.0,155.8285
0.368,-9.4926,0.0235,0.1535,0.353,0.2699,0.3033,281599.62,0.7111,4.6933,12.5482,3.0,2.0,0.2617,-6.7505,0.2157,0.3765,-0.5576,0.0063,4.6027,-2.0226,0.3118,0.2138,0.7111,0.0235,100.0519
0.844,-14.7958,0.0235,0.1628,0.1807,0.0869,0.4427,283365.8,0.7883,4.7228,12.5545,3.0,0.0,0.6653,-11.6631,0.3489,0.2042,-0.6255,0.002,4.8129,-3.1329,0.3613,0.3375,0.844,0.0235,131.1648
0.7858,-2.8877,0.0936,0.0937,0.0,0.1898,0.3238,344414.88,0.7669,5.7402,12.7496,4.0,4.0,0.6026,-2.2145,0.2483,0.0936,-0.6731,0.0178,8.0952,-0.5031,0.322,0.3262,0.7858,0.0,80.3773
0.5602,-4.3976,0.0235,0.0,0.0,0.166,0.9019,256497.1,0.8421,4.275,12.4549,2.0,3.0,0.4717,-3.7031,0.7595,0.0235,-0.8421,0.0039,837.5772,-1.0287,0.3562,0.4033,0.9019,0.0,88.0586
0.847,-12.0244,0.0235,0.194,0.3123,0.1096,0.4046,265960.72,0.2267,4.4327,12.4911,3.0,1.0,0.192,-2.7263,0.0917,0.3358,-0.0327,0.0026,1.1627,-2.7127,0.3025,0.2707,0.847,0.0235,142.5121
0.975,-16.7459,0.0235,0.0393,0.0843,0.2424,0.1808,226699.64,0.7979,3.7783,12.3314,1.0,0.0,0.7779,-13.361,0.1442,0.1078,-0.7586,0.0057,19.8129,-4.4321,0.3347,0.3881,0.975,0.0235,143.8156
0.6394,-1.357,0.0235,0.2312,0.0,0.2465,0.2629,303852.72,0.974,5.0642,12.6243,4.0,4.0,0.6228,-1.3217,0.256,0.0235,-0.7428,0.0058,4.1953,-0.268,0.3396,0.3497,0.974,0.0,102.2246
0.9134,-8.7462,0.0681,0.2711,0.0,0.0243,0.6817,174424.56,0.9133,2.9071,12.0693,0.0,2.0,0.8343,-7.9882,0.6226,0.0681,-0.6422,0.0017,3.3561,-3.0086,0.4103,0.4151,0.9134,0.0,128.2533
0.607,-9.9278,0.0772,0.2628,0.2096,0.2273,0.978,205567.33,0.2629,3.4261,12.2335,1.0,1.0,0.1596,-2.6097,0.2571,0.2868,-0.0001,0.0176,0.9965,-2.8977,0.375,0.311,0.978,0.0772,148.0315
0.6815,-1.8975,0.0235,0.4538,0.1168,0.2076,0.669,172626.73,0.6454,2.8771,12.0589,0.0,4.0,0.4398,-1.2246,0.4318,0.1403,-0.1916,0.0049,1.4191,-0.6595,0.3997,0.281,0.6815,0.0235,67.1988
0.5697,-8.7389,0.0235,0.1669,0.164,0.3824,0.5526,316580.03,0.1711,5.2763,12.6653,4.0,2.0,0.0975,-1.4949,0.0945,0.1875,-0.0042,0.009,1.0188,-1.6563,0.29,0.2129,0.5697,0.0235,108.8907
0.7075,-6.4265,0.064,0.0,0.0,0.0243,0.6727,173398.48,0.5678,2.89,12.0634,0.0,3.0,0.4017,-3.649,0.382,0.064,-0.5678,0.0016,564.7728,-2.2237,0.2909,0.3386,0.7075,0.0,127.0603
0.6078,-3.5559,0.0729,0.067,0.0,0.0243,0.6104,352528.1,0.5875,5.8755,12.7729,4.0,4.0,0.3571,-2.0892,0.3587,0.0729,-0.5206,0.0018,8.6454,-0.6052,0.2814,0.3009,0.6104,0.0,121.0667
0.7649,-4.8195,0.1812,0.426,0.0,0.0243,0.8111,168892.69,0.859,2.8149,12.037,0.0,3.0,0.657,-4.1399,0.6968,0.1812,-0.433,0.0044,2.0118,-1.7122,0.4381,0.3769,0.859,0.0,132.6231
0.4566,-9.592,0.0235,0.3767,0.0385,0.0779,0.8282,234577.16,0.38,3.9096,12.3655,2.0,1.0,0.1735,-3.645,0.3147,0.062,-0.0033,0.0018,1.006,-2.4534,0.3116,0.2913,0.8282,0.0235,129.3096
0.6409,-7.2951,0.0869,0.0,0.0327,0.0243,0.6336,174881.1,0.7469,2.9147,12.0719,0.0,2.0,0.4786,-5.4485,0.4732,0.1197,-0.7469,0.0021,742.8848,-2.5029,0.3093,0.3438,0.7469,0.0,64.663
0.5474,-9.2419,0.0235,0.2728,0.0977,0.1716,0.7094,214673.42,0.1725,3.5779,12.2769,1.0,2.0,0.0945,-1.5945,0.1224,0.1212,0.1003,0.004,0.63,-2.583,0.285,0.251,0.7094,0.0235,85.6137
0.6166,-6.0527,0.0423,0.0845,0.4767,0.2901,0.8456,242517.5,0.5384,4.042,12.3988,2.0,3.0,0.332,-3.2588,0.4553,0.519,-0.4539,0.0123,6.2958,-1.4975,0.4135,0.2912,0.8456,0.0423,115.3236
0.5501,-11.8953,0.1124,0.0,0.0184,0.137,0.4866,242314.52,0.7243,4.0386,12.398,2.0,1.0,0.3984,-8.6154,0.3525,0.1308,-0.7243,0.0154,720.4052,-2.9454,0.2898,0.2909,0.7243,0.0,105.4528
0.458,-4.5767,0.0984,0.056,0.401,0.0243,0.5348,270432.78,0.8653,4.5072,12.5078,3.0,3.0,0.3963,-3.9604,0.4627,0.4994,-0.8094,0.0024,15.1871,-1.0154,0.3482,0.3082,0.8653,0.0243,125.2608
0.4728,-5.2793,0.0443,0.3397,0.378,0.0243,0.5661,341295.6,0.9551,5.6883,12.7405,4.0,3.0,0.4516,-5.0424,0.5407,0.4223,-0.6155,0.0011,2.8038,-0.9281,0.3972,0.3196,0.9551,0.0243,135.1289
0.6978,-8.4239,0.0235,0.1637,0.0667,0.096,0.544,133816.22,0.3145,2.2303,11.8042,0.0,2.0,0.2194,-2.649,0.1711,0.0902,-0.1507,0.0023,1.9091,-3.7771,0.2723,0.2594,0.6978,0.0235,80.4366
0.975,-8.7798,0.0856,0.2285,0.0778,0.1514,0.6926,387517.84,0.2726,6.4586,12.8675,4.0,2.0,0.2658,-2.3934,0.1888,0.1634,-0.0441,0.013,1.1876,-1.3594,0.3548,0.3445,0.975,0.0778,71.6433
0.4939,-3.9315,0.0235,0.1349,0.1206,0.2275,0.7245,230115.86,0.3679,3.8353,12.3463,1.0,4.0,0.1817,-1.4465,0.2666,0.1441,-0.233,0.0053,2.7069,-1.0251,0.299,0.2461,0.7245,0.0235,117.4436
0.975,-11.1669,0.0235,0.07,0.2479,0.1459,0.7156,248181.98,0.5098,4.1364,12.4219,2.0,1.0,0.4971,-5.6929,0.3648,0.2714,-0.4398,0.0034,7.1813,-2.6997,0.3839,0.3603,0.975,0.0235,151.3849
0.5717,-10.6707,0.0235,0.8653,0.1606,0.1677,0.3795,341561.1,0.0525,5.6927,12.7413,4.0,1.0,0.03,-0.5606,0.0199,0.1841,0.8127,0.0039,0.0606,-1.8745,0.3173,0.3088,0.8653,0.0235,133.249
0.3761,-12.6308,0.0925,0.0385,0.2066,0.0243,0.6039,253830.42,0.7808,4.2305,12.4444,2.0,0.0,0.2937,-9.8621,0.4715,0.2991,-0.7423,0.0022,19.7682,-2.9857,0.3032,0.2959,0.7808,0.0243,111.6828
0.5313,-4.7224,0.1499,0.0,0.226,0.3589,0.6518,254863.39,0.3199,4.2477,12.4485,2.0,3.0,0.1699,-1.5105,0.2085,0.3759,-0.3199,0.0538,318.1613,-1.1117,0.3197,0.2223,0.6518,0.0,147.1651
0.7437,-11.4908,0.0235,0.6195,0.0,0.3201,0.7613,156064.88,0.0208,2.6011,11.958,0.0,1.0,0.0155,-0.239,0.0158,0.0235,0.5987,0.0075,0.0335,-4.4177,0.3556,0.35,0.7613,0.0,99.6738
0.7969,-8.7875,0.1069,0.003,0.1557,0.2601,0.7497,172917.11,0.7223,2.882,12.0606,0.0,2.0,0.5756,-6.3475,0.5415,0.2626,-0.7194,0.0278,182.1046,-3.0492,0.3992,0.3431,0.7969,0.003,172.7895
0.4411,-1.8342,0.0548,0.0,0.3627,0.2088,0.978,250705.72,0.5384,4.1784,12.432,2.0,4.0,0.2375,-0.9875,0.5266,0.4175,-0.5384,0.0114,535.5296,-0.439,0.3691,0.333,0.978,0.0,113.3516
0.5712,-9.9031,0.0595,0.0096,0.0211,0.2949,0.4588,249379.58,0.4244,4.1563,12.4267,2.0,1.0,0.2424,-4.2029,0.1947,0.0806,-0.4148,0.0176,40.1318,-2.3827,0.2628,0.2326,0.5712,0.0096,129.0532
0.7191,-11.5396,0.0235,0.0,0.0779,0.0465,0.5474,216440.98,0.8273,3.6073,12.2851,1.0,1.0,0.5949,-9.5471,0.4529,0.1014,-0.8273,0.0011,822.9225,-3.1989,0.3202,0.3633,0.8273,0.0,143.6866
0.6458,-5.8431,0.0504,0.2873,0.0,0.3688,0.6739,344612.34,0.0765,5.7435,12.7502,4.0,3.0,0.0494,-0.4468,0.0515,0.0504,0.2109,0.0186,0.2652,-1.0173,0.3004,0.2788,0.6739,0.0,144.3347
0.6569,-12.4961,0.0957,0.0,0.2365,0.1833,0.5814,242043.39,0.6448,4.0341,12.3969,2.0,0.0,0.4236,-8.0575,0.3749,0.3323,-0.6448,0.0176,641.3623,-3.0976,0.3427,0.2775,0.6569,0.0,136.7984
0.6907,-15.1728,0.0235,0.0,0.2217,0.4259,0.6385,179878.31,0.5278,2.998,12.1,0.0,0.0,0.3646,-8.0082,0.337,0.2452,-0.5278,0.01,524.9861,-5.061,0.3612,0.2832,0.6907,0.0,158.4407
0.5732,-11.7493,0.0235,0.003,0.0696,0.0768,0.6139,217651.78,0.8191,3.6275,12.2907,1.0,1.0,0.4695,-9.6242,0.5028,0.0931,-0.8162,0.0018,206.9259,-3.2389,0.3113,0.3438,0.8191,0.003,110.9601
0.8291,-12.1215,0.0797,0.4826,0.3666,0.0777,0.6072,233033.23,0.0062,3.8839,12.3589,2.0,1.0,0.0051,-0.0752,0.0038,0.4463,0.4764,0.0062,0.0128,-3.121,0.3499,0.3107,0.8291,0.0062,83.52
0.7378,-13.8466,0.0235,0.837,0.0725,0.1784,0.6401,331399.72,0.1135,5.5233,12.7111,4.0,0.0,0.0838,-1.572,0.0727,0.096,0.7235,0.0042,0.1355,-2.5069,0.3718,0.3506,0.837,0.0235,150.2176
0.975,-3.0868,0.0969,0.2701,0.1916,0.1643,0.5555,226638.69,0.895,3.7773,12.3311,1.0,4.0,0.8726,-2.7626,0.4972,0.2885,-0.6249,0.0159,3.3008,-0.8172,0.4498,0.3629,0.975,0.0969,99.3659
0.73,-11.2523,0.1246,0.0682,0.1297,0.0743,0.0256,243357.84,0.726,4.056,12.4023,2.0,1.0,0.53,-8.1692,0.0186,0.2543,-0.6578,0.0093,10.4941,-2.7743,0.2683,0.316,0.73,0.0256,117.927
0.6789,-2.2877,0.0777,0.1339,0.0328,0.0695,0.0256,131836.75,0.8411,2.1973,11.7893,0.0,4.0,0.5711,-1.9242,0.0215,0.1105,-0.7073,0.0054,6.2371,-1.0411,0.2657,0.3428,0.8411,0.0256,148.6971
0.8285,-7.8311,0.0235,0.5348,0.4108,0.1159,0.4813,208219.56,0.5661,3.4703,12.2464,1.0,2.0,0.469,-4.4335,0.2725,0.4343,-0.0313,0.0027,1.0566,-2.2566,0.423,0.2753,0.8285,0.0235,108.9594
0.7492,-3.2759,0.0352,0.3421,0.0,0.4426,0.0256,272071.47,0.7484,4.5345,12.5138,3.0,4.0,0.5607,-2.4517,0.0192,0.0352,-0.4063,0.0156,2.1816,-0.7224,0.3347,0.3296,0.7492,0.0,108.7136
0.5601,-16.8546,0.1559,0.2709,0.0,0.4367,0.0256,183582.6,0.7995,3.0597,12.1204,1.0,0.0,0.4478,-13.4747,0.0205,0.1559,-0.5286,0.0681,2.9406,-5.5086,0.3212,0.2943,0.7995,0.0,99.5151
0.5392,-2.6168,0.1577,0.2889,0.2734,0.3036,0.6951,184979.5,0.5149,3.083,12.128,1.0,4.0,0.2776,-1.3473,0.3579,0.4312,-0.226,0.0479,1.7763,-0.8488,0.3961,0.1897,0.6951,0.1577,91.6609
0.6799,-1.357,0.1426,0.4258,0.0,0.0539,0.3369,127422.67,0.6435,2.1237,11.7553,0.0,4.0,0.4375,-0.8732,0.2168,0.1426,-0.2176,0.0077,1.5076,-0.639,0.3261,0.2739,0.6799,0.0,80.4641
0.6744,-1.4345,0.0235,0.3637,0.1179,0.0824,0.4199,179416.3,0.2882,2.9903,12.0975,0.0,4.0,0.1944,-0.4134,0.121,0.1414,0.0755,0.0019,0.7902,-0.4797,0.2814,0.2285,0.6744,0.0235,122.0156
0.7935,-11.0538,0.1549,0.4249,0.0969,0.3379,0.5576,251284.3,0.0555,4.1881,12.4343,2.0,1.0,0.044,-0.6131,0.0309,0.2517,0.3694,0.0523,0.1302,-2.6394,0.3459,0.269,0.7935,0.0555,166.2282
0.8423,-10.8849,0.1185,0.1568,0.1428,0.3776,0.3799,174429.84,0.2823,2.9072,12.0693,0.0,1.0,0.2378,-3.0725,0.1072,0.2613,-0.1255,0.0448,1.7892,-3.7442,0.3286,0.2514,0.8423,0.1185,137.2497
0.639,-8.2644,0.1038,0.5727,0.0131,0.1499,0.5424,246614.4,0.0709,4.1102,12.4156,2.0,2.0,0.0453,-0.5857,0.0384,0.1169,0.5018,0.0156,0.1235,-2.0107,0.2988,0.272,0.639,0.0131,145.5241
0.5923,-9.4927,0.053,0.0906,0.2916,0.1409,0.3356,283545.5,0.2354,4.7258,12.5551,3.0,2.0,0.1394,-2.2346,0.079,0.3447,-0.1448,0.0075,2.5689,-2.0087,0.2485,0.1837,0.5923,0.053,94.4658
0.6536,-5.7393,0.0323,0.1275,0.0498,0.053,0.0256,157968.97,0.7148,2.6328,11.9702,0.0,3.0,0.4672,-4.1024,0.0183,0.0821,-0.5873,0.0017,5.5616,-2.1799,0.2367,0.308,0.7148,0.0256,143.973
0.8583,-1.6958,0.0872,0.3188,0.0972,0.0243,0.9323,205540.28,0.3913,3.4257,12.2334,1.0,4.0,0.3358,-0.6635,0.3648,0.1845,-0.0725,0.0021,1.2236,-0.495,0.387,0.3718,0.9323,0.0243,126.3808
0.8492,-7.6372,0.0914,0.02,0.116,0.0243,0.4628,271731.97,0.7551,4.5289,12.5126,3.0,2.0,0.6412,-5.7666,0.3495,0.2074,-0.7351,0.0022,35.9743,-1.6863,0.3313,0.3559,0.8492,0.02,125.2608
0.8093,-3.6975,0.037,0.0,0.0,0.269,0.6187,171033.08,0.6635,2.8506,12.0496,0.0,4.0,0.537,-2.4534,0.4106,0.037,-0.6635,0.01,659.9958,-1.2971,0.3425,0.349,0.8093,0.0,109.0423
0.7385,-8.8905,0.0917,0.4724,0.0,0.3676,0.528,254680.89,0.0683,4.2447,12.4478,2.0,2.0,0.0505,-0.6075,0.0361,0.0917,0.4041,0.0337,0.1443,-2.0945,0.3238,0.2774,0.7385,0.0,113.6988
0.4984,-12.8164,0.1645,0.0,0.2978,0.0243,0.5581,310469.6,0.5869,5.1745,12.6458,4.0,0.0,0.2925,-7.5224,0.3275,0.4623,-0.5869,0.004,583.8042,-2.4768,0.3043,0.2492,0.5869,0.0,93.0816
0.3539,-4.2569,0.1439,0.0,0.0,0.4565,0.7604,321597.4,0.2894,5.36,12.6811,4.0,3.0,0.1024,-1.232,0.2201,0.1439,-0.2894,0.0657,287.8571,-0.7942,0.2863,0.2716,0.7604,0.0,138.8995
0.3595,-8.6412,0.0856,0.1728,0.2419,0.2035,0.6344,261460.94,0.4749,4.3577,12.474,3.0,2.0,0.1707,-4.1034,0.3012,0.3275,-0.302,0.0174,2.7318,-1.983,0.3104,0.1915,0.6344,0.0856,155.2887
0.6332,-5.7498,0.0568,0.1424,0.3548,0.182,0.2869,263612.53,0.5858,4.3935,12.4822,3.0,3.0,0.3709,-3.3683,0.1681,0.4116,-0.4434,0.0103,4.0845,-1.3087,0.3203,0.2202,0.6332,0.0568,108.7998
0.5095,-16.6367,0.1105,0.485,0.0369,0.336,0.939,202774.08,0.3276,3.3796,12.2199,1.0,0.0,0.1669,-5.4502,0.3076,0.1475,0.1574,0.0371,0.674,-4.9227,0.3921,0.2984,0.939,0.0369,98.1677
0.6539,-7.75,0.0235,0.2233,0.2069,0.0584,0.4129,184496.52,0.3104,3.0749,12.1254,1.0,2.0,0.203,-2.4056,0.1282,0.2304,-0.0871,0.0014,1.3838,-2.5204,0.2699,0.2165,0.6539,0.0235,95.78
0.6798,-1.357,0.0235,0.3818,0.0,0.0748,0.7164,368516.97,0.3265,6.1419,12.8172,4.0,4.0,0.2219,-0.443,0.2339,0.0235,0.0553,0.0018,0.8528,-0.2209,0.3147,0.3002,0.7164,0.0,93.9278
0.5677,-13.5468,0.0872,0.995,0.0,0.3045,0.4936,275760.47,0.2827,4.596,12.5273,3.0,0.0,0.1605,-3.8301,0.1396,0.0872,0.7123,0.0265,0.2839,-2.9475,0.3901,0.3344,0.995,0.0,114.5128
0.699,-1.357,0.0655,0.4499,0.0062,0.138,0.6383,281584.94,0.0837,4.6931,12.5482,3.0,4.0,0.0585,-0.1136,0.0534,0.0717,0.3662,0.009,0.1857,-0.2891,0.2972,0.2916,0.699,0.0062,161.2724
0.7768,-11.0288,0.0235,0.4712,0.0079,0.1435,0.7781,215852.62,0.0185,3.5975,12.2824,1.0,1.0,0.0143,-0.2037,0.0144,0.0314,0.4527,0.0034,0.0391,-3.0656,0.3171,0.3533,0.7781,0.0079,118.4234
0.5664,-1.357,0.1117,0.3925,0.1376,0.3822,0.2705,156920.83,0.5085,2.6153,11.9635,0.0,4.0,0.288,-0.6901,0.1376,0.2493,-0.116,0.0427,1.2922,-0.5189,0.3385,0.1742,0.5664,0.1117,94.5262
0.4622,-7.073,0.069,0.2139,0.1179,0.2424,0.7352,163386.2,0.9463,2.7231,12.0039,0.0,2.0,0.4373,-6.6929,0.6957,0.1869,-0.7323,0.0167,4.4027,-2.5974,0.3981,0.3325,0.9463,0.069,160.471
0.4488,-8.6925,0.1206,0.3667,0.0581,0.22,0.668,272381.62,0.0843,4.5397,12.515,3.0,2.0,0.0378,-0.7325,0.0563,0.1788,0.2825,0.0265,0.2291,-1.9148,0.281,0.2248,0.668,0.0581,94.0482
0.498,-17.6768,0.1889,0.4769,0.4287,0.0243,0.5981,242723.69,0.4118,4.0454,12.3997,2.0,0.0,0.2051,-7.2793,0.2463,0.6176,0.0651,0.0046,0.8616,-4.3696,0.3752,0.1988,0.5981,0.0243,72.7522
0.5898,-9.7546,0.0235,0.3879,0.0037,0.0816,0.643,211470.36,0.5827,3.5245,12.2618,1.0,1.0,0.3437,-5.6837,0.3747,0.0272,-0.1948,0.0019,1.4984,-2.7677,0.3303,0.2872,0.643,0.0037,137.165
0.5722,-7.0016,0.0792,0.3688,0.0,0.1193,0.7692,278946.44,0.2494,4.6491,12.5388,3.0,2.0,0.1427,-1.7462,0.1918,0.0792,0.1194,0.0094,0.6745,-1.506,0.3083,0.2806,0.7692,0.0,73.1621
0.5697,-5.8563,0.0235,0.0,0.0949,0.0488,0.6648,180698.53,0.9243,3.0116,12.1046,0.0,3.0,0.5265,-5.4128,0.6144,0.1184,-0.9243,0.0011,919.339,-1.9446,0.3323,0.3786,0.9243,0.0,90.8332
0.6335,-7.3169,0.0797,0.2812,0.0,0.2968,0.3777,305522.84,0.3545,5.092,12.6298,4.0,2.0,0.2246,-2.5941,0.1339,0.0797,-0.0734,0.0236,1.2565,-1.4369,0.289,0.2075,0.6335,0.0,162.7547
0.8247,-7.9716,0.0235,0.7383,0.0493,0.2946,0.4034,255500.44,0.1775,4.2583,12.451,2.0,2.0,0.1464,-1.4147,0.0716,0.0728,0.5609,0.0069,0.24,-1.872,0.3588,0.3184,0.8247,0.0235,97.015
0.2766,-3.5944,0.1423,0.0853,0.3086,0.2249,0.0256,276657.47,0.8852,4.611,12.5305,3.0,4.0,0.2449,-3.1818,0.0227,0.451,-0.7999,0.032,10.26,-0.7795,0.2784,0.2863,0.8852,0.0256,121.8006
0.975,-12.3481,0.0329,0.2886,0.0776,0.2479,0.6835,205909.34,0.0487,3.4318,12.2352,1.0,1.0,0.0475,-0.6018,0.0333,0.1105,0.2398,0.0081,0.1683,-3.5981,0.3363,0.3606,0.975,0.0329,84.6198
0.6168,-9.6489,0.0762,0.3538,0.0,0.0243,0.8137,241031.55,0.6629,4.0172,12.3927,2.0,1.0,0.4089,-6.3959,0.5394,0.0762,-0.309,0.0019,1.8681,-2.4019,0.364,0.3382,0.8137,0.0,133.3793
0.8562,-10.0766,0.0235,0.0662,0.004,0.2359,0.3901,259528.81,0.3059,4.3255,12.4666,3.0,1.0,0.2619,-3.0828,0.1194,0.0275,-0.2397,0.0055,4.553,-2.3296,0.2688,0.2982,0.8562,0.004,147.5025
0.5023,-9.8915,0.102,0.1206,0.0,0.1036,0.7171,287984.8,0.1355,4.7997,12.5707,3.0,1.0,0.068,-1.34,0.0971,0.102,-0.0149,0.0106,1.1142,-2.0608,0.2401,0.2636,0.7171,0.0,77.4258
0.7328,-7.9332,0.1198,0.3875,0.1848,0.2978,0.7329,259838.27,0.0444,4.3306,12.4678,3.0,2.0,0.0325,-0.3522,0.0325,0.3045,0.3431,0.0357,0.1143,-1.8319,0.3571,0.2801,0.7329,0.0444,131.0806
0.7173,-10.083,0.1348,0.0,0.0,0.2866,0.3698,243771.34,0.7391,4.0629,12.404,2.0,1.0,0.5302,-7.4527,0.2733,0.1348,-0.7391,0.0386,735.1927,-2.4818,0.3211,0.3099,0.7391,0.0,96.8632
0.3815,-10.6049,0.0959,0.5836,0.0039,0.2489,0.6699,256481.53,0.0034,4.2747,12.4548,2.0,1.0,0.0013,-0.0361,0.0023,0.0998,0.5802,0.0239,0.0058,-2.4809,0.2839,0.2714,0.6699,0.0034,75.5952
0.737,-15.0946,0.1065,0.5186,0.0897,0.0535,0.978,360013.78,0.1912,6.0002,12.7939,4.0,0.0,0.1409,-2.8861,0.187,0.1962,0.3274,0.0057,0.3679,-2.5157,0.3821,0.3664,0.978,0.0535,109.4504
0.6047,-1.7556,0.0235,0.5432,0.0158,0.2657,0.3126,156830.83,0.7494,2.6138,11.9629,0.0,4.0,0.4532,-1.3156,0.2342,0.0393,-0.2062,0.0062,1.3771,-0.6716,0.3593,0.2852,0.7494,0.0158,143.0158
0.8241,-19.5896,0.0701,0.3645,0.0,0.2815,0.7156,272279.66,0.0774,4.538,12.5146,3.0,0.0,0.0638,-1.5162,0.0554,0.0701,0.2871,0.0197,0.2118,-4.3168,0.3333,0.3257,0.8241,0.0,130.5796
0.6735,-2.5715,0.0235,0.1466,0.0976,0.4101,0.5914,290715.1,0.6613,4.8453,12.5801,3.0,4.0,0.4454,-1.7004,0.3911,0.1211,-0.5146,0.0096,4.4791,-0.5307,0.372,0.2804,0.6735,0.0235,115.0986
0.89,-1.357,0.0644,0.0,0.0,0.1923,0.7266,251806.31,0.4511,4.1968,12.4364,2.0,4.0,0.4015,-0.6121,0.3278,0.0644,-0.4511,0.0124,448.6618,-0.3233,0.3321,0.3635,0.89,0.0,174.4116
0.3387,-5.5271,0.0235,0.0,0.0,0.0762,0.0256,277811.12,0.5825,4.6302,12.5347,3.0,3.0,0.1973,-3.2193,0.0149,0.0235,-0.5825,0.0018,579.3612,-1.1937,0.1495,0.2253,0.5825,0.0,136.591
0.7927,-8.0999,0.2268,0.0,0.3638,0.0243,0.6244,285938.22,0.3913,4.7656,12.5635,3.0,2.0,0.3102,-3.1698,0.2443,0.5906,-0.3913,0.0055,389.247,-1.6996,0.3462,0.2935,0.7927,0.0,156.0744
0.524,-9.783,0.0235,0.0234,0.0221,0.1919,0.3559,321902.9,0.8363,5.365,12.682,4.0,1.0,0.4382,-8.1818,0.2976,0.0456,-0.813,0.0045,34.3318,-1.8235,0.2824,0.3111,0.8363,0.0221,80.0693
0.7241,-9.9967,0.1008,0.3535,0.0,0.2149,0.9438,295761.53,0.1379,4.9294,12.5973,4.0,1.0,0.0998,-1.3782,0.1301,0.1008,0.2156,0.0217,0.3889,-2.028,0.3536,0.3513,0.9438,0.0,114.4038
0.567,-16.8179,0.0667,0.0801,0.249,0.3671,0.7867,225011.92,0.7163,3.7502,12.3239,1.0,0.0,0.4062,-12.0472,0.5635,0.3157,-0.6362,0.0245,8.8288,-4.4845,0.4047,0.2929,0.7867,0.0667,77.3854
0.6117,-1.357,0.1333,0.4244,0.0,0.1318,0.8236,253645.84,0.4029,4.2274,12.4437,2.0,4.0,0.2465,-0.5467,0.3318,0.1333,0.0215,0.0176,0.947,-0.321,0.3611,0.2936,0.8236,0.0,132.6231
0.975,-5.3617,0.1017,0.0924,0.0795,0.0243,0.4101,338903.72,0.7647,5.6484,12.7335,4.0,3.0,0.7456,-4.1,0.3136,0.1813,-0.6722,0.0025,8.1839,-0.9493,0.3497,0.3815,0.975,0.0243,114.6306
0.7666,-3.5389,0.0657,0.4646,0.3596,0.3714,0.4799,221458.8,0.2831,3.691,12.308,1.0,4.0,0.2171,-1.002,0.1359,0.4252,0.1814,0.0244,0.6081,-0.9588,0.3987,0.2133,0.7666,0.0657,117.927
0.5164,-1.357,0.0235,0.1224,0.3746,0.2259,0.6079,297815.03,0.4959,4.9636,12.6042,4.0,4.0,0.2561,-0.6729,0.3014,0.3981,-0.3735,0.0053,4.0183,-0.2734,0.3381,0.2194,0.6079,0.0235,93.973
0.4961,-7.8361,0.0355,0.5149,0.0697,0.2185,0.0256,321850.3,0.4826,5.3642,12.6818,4.0,2.0,0.2394,-3.7817,0.0124,0.1052,0.0323,0.0078,0.9355,-1.4608,0.2633,0.2286,0.5149,0.0256,102.0123
0.7056,-4.2409,0.0986,0.4418,0.3909,0.0243,0.6186,337501.0,0.4748,5.625,12.7293,4.0,3.0,0.335,-2.0136,0.2937,0.4895,-0.033,0.0024,1.0723,-0.7539,0.3935,0.2518,0.7056,0.0243,167.4355
0.6461,-11.0955,0.0939,0.3869,0.1208,0.0463,0.0256,149866.38,0.9791,2.4978,11.9175,0.0,1.0,0.6326,-10.8639,0.0251,0.2148,-0.5923,0.0044,2.5243,-4.4421,0.3284,0.3645,0.9791,0.0256,106.7982
0.975,-10.6196,0.1331,0.5665,0.0178,0.056,0.6801,211520.47,0.3461,3.5253,12.2621,1.0,1.0,0.3374,-3.6751,0.2354,0.1508,0.2205,0.0075,0.6098,-3.0124,0.3964,0.3595,0.975,0.0178,132.7108
0.6362,-7.1566,0.0235,0.0,0.1144,0.047,0.6438,266955.56,0.9081,4.4493,12.4948,3.0,2.0,0.5777,-6.4991,0.5847,0.1379,-0.9081,0.0011,903.2917,-1.6085,0.339,0.3776,0.9081,0.0,167.5877
0.6813,-8.5649,0.1498,0.0781,0.2909,0.0243,0.7857,232991.23,0.7125,3.8832,12.3588,2.0,2.0,0.4854,-6.1022,0.5598,0.4407,-0.6344,0.0036,9.0058,-2.2056,0.3889,0.3276,0.7857,0.0243,55.1821
0.7111,-4.0496,0.1066,0.0994,0.3816,0.2917,0.5105,239715.16,0.6895,3.9953,12.3872,2.0,3.0,0.4904,-2.7924,0.352,0.4882,-0.5901,0.0311,6.8676,-1.0136,0.3986,0.2521,0.7111,0.0994,93.0648
0.7691,-10.9066,0.0235,0.3339,0.0,0.1225,0.9761,176043.98,0.3313,2.9341,12.0785,0.0,1.0,0.2548,-3.6137,0.3234,0.0235,0.0026,0.0029,0.9893,-3.7172,0.3652,0.3758,0.9761,0.0,106.1853
0.6771,-12.9174,0.1085,0.2323,0.1245,0.3025,0.9192,172409.81,0.1772,2.8735,12.0576,0.0,0.0,0.12,-2.289,0.1629,0.2331,0.0551,0.0328,0.7596,-4.4953,0.363,0.3122,0.9192,0.1085,85.4667
0.7179,-8.1706,0.1235,0.0828,0.1148,0.1346,0.3789,231326.84,0.9763,3.8554,12.3516,2.0,2.0,0.7009,-7.9773,0.3699,0.2383,-0.8935,0.0166,11.6458,-2.1192,0.3613,0.354,0.9763,0.0828,145.8876
0.7978,-4.0556,0.0235,0.369,0.3099,0.2767,0.9474,276656.7,0.3399,4.6109,12.5305,3.0,3.0,0.2711,-1.3784,0.322,0.3334,0.0292,0.0065,0.9185,-0.8796,0.4377,0.3208,0.9474,0.0235,114.2635
0.6979,-12.172,0.0235,0.4313,0.0,0.1314,0.6517,153683.75,0.0808,2.5614,11.9427,0.0,1.0,0.0564,-0.9835,0.0527,0.0235,0.3505,0.0031,0.1869,-4.7521,0.2881,0.3003,0.6979,0.0,90.8352
0.4523,-12.2037,0.0235,0.6392,0.0,0.1034,0.685,271311.56,0.1526,4.5219,12.511,3.0,1.0,0.069,-1.8623,0.1045,0.0235,0.4866,0.0024,0.2384,-2.6988,0.2937,0.2924,0.685,0.0,99.9434
0.7737,-11.8782,0.1416,0.0,0.1624,0.138,0.0256,290863.4,0.7589,4.8477,12.5806,3.0,1.0,0.5871,-9.014,0.0194,0.304,-0.7589,0.0195,754.8208,-2.4503,0.2857,0.3339,0.7737,0.0,127.2353
0.7227,-15.9958,0.1167,0.3566,0.1679,0.2056,0.7268,246968.66,0.0915,4.1161,12.417,2.0,0.0,0.0661,-1.4631,0.0665,0.2846,0.2652,0.024,0.2558,-3.8861,0.3411,0.2756,0.7268,0.0915,126.6478
0.7735,-23.7848,0.0411,0.0662,0.0817,0.1426,0.3838,371077.62,0.4654,6.1846,12.8242,4.0,0.0,0.36,-11.0694,0.1786,0.1228,-0.3992,0.0059,6.9286,-3.8458,0.2792,0.2738,0.7735,0.0411,97.1332
0.9384,-10.7836,0.1199,0.5967,0.2835,0.2134,0.5058,181880.31,0.0889,3.0313,12.1111,0.0,1.0,0.0834,-0.9583,0.0449,0.4034,0.5078,0.0256,0.1487,-3.5574,0.3924,0.3063,0.9384,0.0889,139.1373
0.4209,-13.9673,0.0771,0.464,0.0744,0.1068,0.0256,326959.34,0.9453,5.4493,12.6976,4.0,0.0,0.3978,-13.2028,0.0242,0.1515,-0.4812,0.0082,2.0327,-2.5631,0.302,0.3344,0.9453,0.0256,113.9071
0.6687,-14.1518,0.1204,0.5945,0.0365,0.2233,0.6342,301535.94,0.0916,5.0256,12.6166,4.0,0.0,0.0613,-1.2963,0.0581,0.1569,0.5029,0.0269,0.1538,-2.8159,0.3385,0.2814,0.6687,0.0365,152.6167
0.7875,-18.7174,0.1524,0.3539,0.1479,0.0243,0.4169,270153.44,0.2652,4.5026,12.5067,3.0,0.0,0.2089,-4.9638,0.1106,0.3003,0.0887,0.0037,0.7473,-4.1571,0.3069,0.2504,0.7875,0.0243,136.9039
0.3925,-6.9045,0.1556,0.0,0.2736,0.0243,0.7381,224029.64,0.7721,3.7338,12.3195,1.0,3.0,0.303,-5.3307,0.5699,0.4293,-0.7721,0.0038,767.9504,-1.8492,0.3366,0.3166,0.7721,0.0,110.0832
0.8146,-9.0813,0.0876,0.8145,0.0,0.4514,0.3437,292819.06,0.098,4.8803,12.5873,4.0,2.0,0.0798,-0.89,0.0337,0.0876,0.7165,0.0395,0.1202,-1.8608,0.3728,0.3399,0.8146,0.0,174.8373
0.3659,-13.3538,0.0926,0.0,0.1345,0.0855,0.7491,332820.53,0.6878,5.547,12.7154,4.0,0.0,0.2517,-9.1847,0.5152,0.227,-0.6878,0.0079,684.133,-2.4074,0.3022,0.3063,0.7491,0.0,129.73
0.5969,-14.5691,0.0235,0.2424,0.2618,0.0738,0.7499,242543.56,0.7447,4.0424,12.3989,2.0,0.0,0.4445,-10.8491,0.5584,0.2853,-0.5023,0.0017,3.0593,-3.6041,0.3847,0.3083,0.7499,0.0235,157.4079
0.4916,-2.8801,0.0235,0.324,0.0,0.0961,0.75,167033.81,0.742,2.7839,12.026,0.0,4.0,0.3648,-2.137,0.5565,0.0235,-0.418,0.0023,2.2832,-1.0346,0.3467,0.3235,0.75,0.0,165.0808
0.5069,-11.8396,0.1807,0.0,0.0,0.0243,0.7949,231203.64,0.9043,3.8534,12.3511,2.0,1.0,0.4584,-10.7069,0.7188,0.1807,-0.9043,0.0044,899.512,-3.0725,0.3445,0.3893,0.9043,0.0,83.1807
0.6889,-11.9073,0.1909,0.1646,0.4036,0.0243,0.5895,255927.45,0.5274,4.2655,12.4527,2.0,1.0,0.3633,-6.2799,0.3109,0.5945,-0.3628,0.0046,3.1852,-2.7916,0.3699,0.2482,0.6889,0.0243,111.625
0.6677,-8.1264,0.0235,0.995,0.0,0.078,0.1878,275319.2,0.6944,4.5887,12.5257,3.0,2.0,0.4637,-5.643,0.1304,0.0235,0.3006,0.0018,0.6972,-1.771,0.3781,0.3999,0.995,0.0,137.5524
0.8049,-5.129,0.0999,0.0,0.0801,0.4477,0.6665,329918.8,0.1454,5.4986,12.7066,4.0,3.0,0.117,-0.7458,0.0969,0.18,-0.1454,0.0447,144.6248,-0.9328,0.3206,0.3189,0.8049,0.0,172.5848
0.3617,-8.2559,0.0464,0.2588,0.0147,0.3501,0.7864,246699.36,0.0675,4.1117,12.4159,2.0,2.0,0.0244,-0.557,0.0531,0.0611,0.1913,0.0162,0.2597,-2.0079,0.2694,0.2701,0.7864,0.0147,133.6142
0.5884,-3.9617,0.0758,0.1706,0.0699,0.2514,0.978,241415.69,0.4464,4.0236,12.3943,2.0,3.0,0.2627,-1.7685,0.4366,0.1457,-0.2758,0.0191,2.6017,-0.9846,0.3686,0.3301,0.978,0.0699,156.0747
0.7283,-17.1212,0.1818,0.5067,0.0,0.3028,0.6217,309622.34,0.0111,5.1604,12.6431,4.0,0.0,0.0081,-0.1906,0.0069,0.1818,0.4956,0.055,0.0219,-3.3178,0.3361,0.291,0.7283,0.0,108.8371
0.975,-9.8392,0.0235,0.369,0.1061,0.2967,0.7434,155845.14,0.0963,2.5974,11.9566,0.0,1.0,0.0939,-0.9478,0.0716,0.1296,0.2726,0.007,0.2604,-3.7881,0.3729,0.3595,0.975,0.0235,122.275
0.5025,-9.1758,0.0235,0.1769,0.4106,0.3546,0.3535,227949.0,0.3794,3.7992,12.3369,1.0,2.0,0.1906,-3.4813,0.1341,0.4341,-0.2025,0.0083,2.1324,-2.4152,0.3144,0.161,0.5025,0.0235,120.6535
0.6979,-12.7976,0.0519,0.3671,0.0,0.2602,0.2909,292460.22,0.0874,4.8743,12.5861,4.0,0.0,0.061,-1.1185,0.0254,0.0519,0.2797,0.0135,0.2374,-2.6255,0.2508,0.2395,0.6979,0.0,129.5803
0.4899,-3.8889,0.0235,0.3148,0.0993,0.2712,0.3398,263953.44,0.9363,4.3992,12.4835,3.0,4.0,0.4587,-3.641,0.3181,0.1228,-0.6214,0.0064,2.9643,-0.884,0.3535,0.3001,0.9363,0.0235,114.7241
0.5817,-4.5398,0.0701,0.1356,0.0211,0.2656,0.4796,151753.78,0.4829,2.5292,11.93,0.0,3.0,0.2809,-2.1924,0.2316,0.0912,-0.3474,0.0186,3.5363,-1.7949,0.2909,0.2249,0.5817,0.0211,123.9342
0.5577,-7.9342,0.0758,0.0,0.13,0.3421,0.4135,272754.97,0.8983,4.5459,12.5163,3.0,2.0,0.501,-7.1276,0.3714,0.2059,-0.8983,0.0259,893.5439,-1.7454,0.3454,0.3146,0.8983,0.0,143.3508
0.3944,-7.528,0.0601,0.269,0.015,0.1268,0.0256,236076.98,0.8717,3.9346,12.3719,2.0,2.0,0.3438,-6.5624,0.0223,0.0751,-0.6028,0.0076,3.2291,-1.9133,0.2518,0.3068,0.8717,0.015,120.2809
0.9081,-1.357,0.1079,0.8575,0.0,0.0243,0.2465,222597.81,0.5095,3.71,12.3131,1.0,4.0,0.4627,-0.6914,0.1256,0.1079,0.3479,0.0026,0.5935,-0.3658,0.3791,0.3844,0.9081,0.0,107.0081
0.844,-5.9976,0.0769,0.3834,0.1806,0.2837,0.3901,271703.78,0.5484,4.5284,12.5125,3.0,3.0,0.4629,-3.2891,0.2139,0.2575,-0.165,0.0218,1.4267,-1.3244,0.3867,0.2531,0.844,0.0769,130.1987
0.6388,-7.8189,0.0599,0.2875,0.3907,0.3423,0.6381,256497.1,0.1511,4.275,12.4549,2.0,2.0,0.0965,-1.1817,0.0964,0.4506,0.1364,0.0205,0.5238,-1.829,0.3584,0.2218,0.6388,0.0599,159.1384
0.7822,-2.8625,0.1314,0.6361,0.1679,0.2599,0.5889,165810.19,0.2589,2.7635,12.0186,0.0,4.0,0.2025,-0.7412,0.1525,0.2993,0.3772,0.0342,0.4064,-1.0358,0.4036,0.2592,0.7822,0.1314,88.2659
0.574,-1.8378,0.1177,0.172,0.2598,0.0549,0.0256,361368.4,0.9448,6.0228,12.7977,4.0,4.0,0.5423,-1.7364,0.0242,0.3776,-0.7728,0.0065,5.4602,-0.3051,0.307,0.3359,0.9448,0.0256,126.8031
0.7159,-13.1728,0.099,0.5616,0.099,0.3136,0.6649,291903.34,0.0687,4.8651,12.5842,4.0,0.0,0.0492,-0.9045,0.0457,0.1979,0.4929,0.031,0.1221,-2.7076,0.3604,0.2839,0.7159,0.0687,111.2716
0.6835,-8.855,0.0393,0.1733,0.0497,0.287,0.7767,280180.97,0.1737,4.6697,12.5432,3.0,2.0,0.1187,-1.5378,0.1349,0.0889,-0.0003,0.0113,0.9961,-1.8963,0.3119,0.2989,0.7767,0.0393,91.7482
0.5647,-8.5564,0.086,0.3879,0.1209,0.3539,0.7665,312430.47,0.1169,5.2072,12.6521,4.0,2.0,0.066,-1.0,0.0896,0.2069,0.271,0.0304,0.3005,-1.6432,0.3424,0.2573,0.7665,0.086,179.231
0.6868,-6.3365,0.0235,0.3425,0.0148,0.1336,0.4429,208043.2,0.1515,3.4674,12.2455,1.0,3.0,0.1041,-0.9602,0.0671,0.0383,0.191,0.0031,0.4411,-1.8275,0.2565,0.247,0.6868,0.0148,131.2183
0.975,-2.0661,0.1224,0.2714,0.0,0.2327,0.8359,270454.06,0.9323,4.5076,12.5079,3.0,4.0,0.909,-1.9263,0.7793,0.1224,-0.6609,0.0285,3.4223,-0.4584,0.4814,0.4162,0.975,0.0,92.2255
0.5422,-1.7285,0.1163,0.0,0.096,0.2329,0.3869,251841.45,0.919,4.1974,12.4366,2.0,4.0,0.4983,-1.5885,0.3556,0.2124,-0.919,0.0271,914.1004,-0.4118,0.3276,0.3199,0.919,0.0,110.2072
0.975,-10.5849,0.1565,0.2705,0.3834,0.3244,0.2611,132681.1,0.2917,2.2114,11.7957,0.0,1.0,0.2844,-3.088,0.0762,0.54,-0.0212,0.0508,1.0744,-4.7866,0.3804,0.2711,0.975,0.1565,116.3801
0.8906,-12.8809,0.1273,0.5927,0.0,0.099,0.7057,361892.75,0.1162,6.0315,12.7991,4.0,0.0,0.1035,-1.4968,0.082,0.1273,0.4765,0.0126,0.1957,-2.1356,0.3616,0.3574,0.8906,0.0,137.8362
0.6341,-14.0298,0.0744,0.1068,0.3036,0.2035,0.7419,157924.86,0.2614,2.6321,11.9699,0.0,0.0,0.1658,-3.6674,0.1939,0.378,-0.1546,0.0151,2.4249,-5.3303,0.3322,0.2578,0.7419,0.0744,140.3894
0.8458,-1.357,0.0235,0.3726,0.0,0.4326,0.5944,166561.94,0.0755,2.776,12.0231,0.0,4.0,0.0638,-0.1024,0.0449,0.0235,0.2971,0.0102,0.202,-0.4888,0.3349,0.3203,0.8458,0.0,149.9396
0.6611,-14.9557,0.0235,0.6648,0.2069,0.079,0.3946,277585.75,0.0499,4.6264,12.5339,3.0,0.0,0.033,-0.7458,0.0197,0.2304,0.6149,0.0019,0.0749,-3.2327,0.2971,0.2795,0.6648,0.0235,139.4927
0.7576,-5.6306,0.0235,0.4908,0.2344,0.1334,0.0256,306043.6,0.4591,5.1007,12.6315,4.0,3.0,0.3478,-2.5848,0.0118,0.2579,0.0317,0.0031,0.9334,-1.1039,0.3035,0.2753,0.7576,0.0235,143.0482
0.461,-6.4359,0.1503,0.2413,0.2706,0.0243,0.5194,251215.19,0.9836,4.1869,12.4341,2.0,3.0,0.4535,-6.3303,0.5109,0.421,-0.7423,0.0037,4.0601,-1.5371,0.3787,0.3164,0.9836,0.0243,117.4678
0.8123,-8.7394,0.0881,0.317,0.2545,0.4109,0.978,279543.44,0.0349,4.6591,12.5409,3.0,2.0,0.0283,-0.3047,0.0341,0.3426,0.2821,0.0362,0.1097,-1.8758,0.4137,0.3563,0.978,0.0349,99.799
0.5299,-13.3304,0.1089,0.0,0.0727,0.3741,0.6523,217592.67,0.9353,3.6265,12.2904,1.0,0.0,0.4956,-12.4675,0.6101,0.1817,-0.9353,0.0408,930.2803,-3.6758,0.3819,0.3458,0.9353,0.0,100.9246
0.6478,-8.1117,0.0235,0.5365,0.1776,0.3799,0.6713,185854.6,0.0054,3.0976,12.1327,1.0,2.0,0.0035,-0.0438,0.0036,0.2011,0.5311,0.0089,0.01,-2.6187,0.3488,0.2836,0.6713,0.0054,57.7254
0.3588,-8.8764,0.0638,0.0,0.1161,0.0614,0.4828,161119.97,0.8845,2.6853,11.9899,0.0,2.0,0.3174,-7.8509,0.427,0.1799,-0.8845,0.0039,879.7512,-3.3055,0.2811,0.3195,0.8845,0.0,117.5594
0.975,-10.4437,0.0235,0.0818,0.1456,0.1839,0.7801,182600.4,0.4445,3.0433,12.1151,0.0,1.0,0.4334,-4.6419,0.3468,0.1691,-0.3626,0.0043,5.3654,-3.4317,0.3764,0.3714,0.975,0.0235,141.6974
0.5663,-9.348,0.0708,0.315,0.1902,0.1875,0.8656,242463.69,0.1713,4.0411,12.3986,2.0,2.0,0.097,-1.601,0.1482,0.261,0.1437,0.0133,0.542,-2.3133,0.3381,0.2813,0.8656,0.0708,85.8715
0.8462,-4.946,0.0774,0.0825,0.0671,0.0645,0.2989,216864.97,0.4255,3.6144,12.287,1.0,3.0,0.36,-2.1044,0.1272,0.1445,-0.3429,0.005,5.0937,-1.3684,0.266,0.2923,0.8462,0.0645,85.2477
0.6404,-2.4876,0.0321,0.448,0.0,0.2717,0.5028,237718.89,0.3029,3.962,12.3788,2.0,4.0,0.194,-0.7536,0.1523,0.0321,0.145,0.0087,0.6748,-0.6279,0.314,0.2381,0.6404,0.0,141.5633
0.6539,-6.755,0.1292,0.0,0.0597,0.0791,0.0256,121163.07,0.9988,2.0194,11.7049,0.0,3.0,0.6532,-6.7469,0.0256,0.1889,-0.9988,0.0102,993.475,-3.3451,0.278,0.3897,0.9988,0.0,143.1466
0.6479,-8.193,0.1728,0.0617,0.0,0.2833,0.4728,252062.2,0.4129,4.201,12.4374,2.0,2.0,0.2675,-3.3826,0.1952,0.1728,-0.3512,0.049,6.5849,-1.9502,0.2931,0.2333,0.6479,0.0,89.5509
0.6464,-9.8376,0.1093,0.3134,0.0,0.2594,0.6093,142882.16,0.0967,2.3814,11.8698,0.0,1.0,0.0625,-0.9516,0.0589,0.1093,0.2166,0.0283,0.3077,-4.1311,0.2907,0.2532,0.6464,0.0,124.5566
0.6331,-12.9665,0.0235,0.2771,0.4929,0.2965,0.6117,335022.03,0.0513,5.5837,12.722,4.0,0.0,0.0325,-0.6647,0.0314,0.5164,0.2258,0.007,0.1844,-2.3222,0.3409,0.2492,0.6331,0.0235,111.2716
0.7177,-10.1576,0.0235,0.6852,0.3868,0.4211,0.585,224530.3,0.0335,3.7422,12.3218,1.0,1.0,0.024,-0.3399,0.0196,0.4103,0.6517,0.0099,0.0488,-2.7144,0.4075,0.2866,0.7177,0.0235,112.3197
0.5326,-6.7354,0.0978,0.1367,0.0,0.3625,0.6779,270432.2,0.8657,4.5072,12.5078,3.0,3.0,0.4611,-5.8306,0.5869,0.0978,-0.729,0.0355,6.287,-1.4944,0.3819,0.3244,0.8657,0.0,105.3661
0.859,-5.3817,0.0235,0.8185,0.0,0.2971,0.8289,297065.25,0.3767,4.9511,12.6017,4.0,3.0,0.3235,-2.0271,0.3122,0.0235,0.4418,0.007,0.4596,-1.087,0.4577,0.3785,0.859,0.0,124.4914
0.975,-8.9968,0.0789,0.4908,0.3899,0.2371,0.7385,218948.42,0.0715,3.6491,12.2966,1.0,2.0,0.0697,-0.6436,0.0528,0.4687,0.4193,0.0187,0.1455,-2.4655,0.426,0.3382,0.975,0.0715,115.8544
0.673,-8.6241,0.1587,0.4517,0.0,0.0243,0.6377,270180.06,0.4904,4.503,12.5068,3.0,2.0,0.33,-4.2292,0.3127,0.1587,-0.0387,0.0039,1.0832,-1.9152,0.348,0.2835,0.673,0.0,127.7466
0.5768,-16.1099,0.0448,0.2434,0.0942,0.1712,0.4501,296825.28,0.816,4.9471,12.6009,4.0,0.0,0.4707,-13.1457,0.3673,0.139,-0.5726,0.0077,3.3384,-3.2564,0.3424,0.2829,0.816,0.0448,100.4966
0.4327,-6.0898,0.0235,0.1458,0.0938,0.1639,0.7548,158900.19,0.9499,2.6483,11.976,0.0,3.0,0.411,-5.7845,0.7169,0.1173,-0.8041,0.0039,6.4707,-2.2995,0.3663,0.3599,0.9499,0.0235,130.0616
0.6724,-7.0775,0.0496,0.2937,0.0,0.2289,0.6539,241040.03,0.6244,4.0173,12.3927,2.0,2.0,0.4198,-4.4192,0.4083,0.0496,-0.3307,0.0114,2.1188,-1.7617,0.3604,0.2891,0.6724,0.0,161.291
0.5486,-3.0377,0.0235,0.0,0.0,0.2819,0.7432,327540.88,0.3567,5.459,12.6994,4.0,4.0,0.1957,-1.0836,0.2651,0.0235,-0.3567,0.0066,354.8314,-0.5565,0.2791,0.293,0.7432,0.0,126.9241
0.6112,-7.1353,0.0235,0.0865,0.5271,0.3595,0.278,281879.84,0.9823,4.698,12.5492,3.0,2.0,0.6003,-7.0088,0.2731,0.5506,-0.8958,0.0084,11.2317,-1.5188,0.4097,0.3306,0.9823,0.0235,180.6256
0.6799,-20.5568,0.0235,0.0,0.0,0.3066,0.593,182946.75,0.4904,3.0491,12.117,1.0,0.0,0.3334,-10.0811,0.2908,0.0235,-0.4904,0.0072,487.7854,-6.7419,0.2991,0.2952,0.6799,0.0,143.7707
0.4109,-3.9431,0.0925,0.0,0.2564,0.0243,0.6879,243958.02,0.5815,4.066,12.4048,2.0,4.0,0.2389,-2.2928,0.4,0.3489,-0.5815,0.0022,578.3666,-0.9698,0.2934,0.2747,0.6879,0.0,146.7506
0.5831,-7.6756,0.0235,0.5965,0.0687,0.1835,0.4986,206867.98,0.0791,3.4478,12.2398,1.0,2.0,0.0461,-0.6074,0.0395,0.0922,0.5174,0.0043,0.1324,-2.2262,0.2904,0.2579,0.5965,0.0235,92.0765
0.3828,-6.7798,0.17,0.2766,0.0,0.1139,0.7201,151242.31,0.4285,2.5207,11.9266,0.0,3.0,0.1641,-2.9054,0.3086,0.17,-0.1519,0.0194,1.5436,-2.6897,0.2989,0.2387,0.7201,0.0,56.2157
0.6249,-14.1699,0.0235,0.0735,0.2417,0.191,0.378,226114.44,0.5475,3.7686,12.3288,1.0,0.0,0.3421,-7.7575,0.2069,0.2652,-0.4739,0.0045,7.3446,-3.76,0.2972,0.2294,0.6249,0.0235,97.221
0.7697,-15.9396,0.0235,0.5628,0.0415,0.1048,0.7669,182392.64,0.0689,3.0399,12.1139,0.0,0.0,0.053,-1.0977,0.0528,0.065,0.494,0.0025,0.1221,-5.2435,0.334,0.3499,0.7697,0.0235,128.3545
0.587,-12.2354,0.0235,0.2329,0.2328,0.3568,0.3279,326635.62,0.7309,5.4439,12.6966,4.0,1.0,0.429,-8.9425,0.2396,0.2563,-0.498,0.0084,3.1245,-2.2475,0.356,0.2365,0.7309,0.0235,116.5128
0.7331,-7.0736,0.1111,0.0,0.1429,0.1611,0.8341,172729.11,0.8793,2.8788,12.0595,0.0,2.0,0.6446,-6.22,0.7335,0.2539,-0.8793,0.0179,874.6453,-2.4571,0.4088,0.3863,0.8793,0.0,82.5414
0.7347,-6.7834,0.1697,0.0,0.1829,0.0243,0.3521,317950.03,0.7876,5.2992,12.6697,4.0,3.0,0.5787,-5.3426,0.2773,0.3526,-0.7876,0.0041,783.401,-1.2801,0.3216,0.3222,0.7876,0.0,126.2342
0.4727,-4.3857,0.0235,0.0,0.0301,0.1212,0.4727,235612.78,0.8493,3.9269,12.3699,2.0,3.0,0.4015,-3.725,0.4015,0.0536,-0.8493,0.0028,844.8052,-1.1169,0.2814,0.3241,0.8493,0.0,162.2252
0.6025,-8.8794,0.0918,0.2881,0.0513,0.0534,0.3424,240751.08,0.1669,4.0125,12.3915,2.0,2.0,0.1005,-1.4817,0.0571,0.1432,0.1212,0.0049,0.5773,-2.2129,0.228,0.2004,0.6025,0.0513,87.6605
0.3699,-10.1728,0.0235,0.3467,0.0585,0.1526,0.5909,322029.8,0.1614,5.3672,12.6824,4.0,1.0,0.0597,-1.6419,0.0954,0.082,0.1853,0.0036,0.4641,-1.8954,0.2434,0.2021,0.5909,0.0235,161.5278
0.6614,-8.2647,0.0917,0.0842,0.0,0.1114,0.3767,255417.23,0.5165,4.257,12.4507,2.0,2.0,0.3416,-4.2685,0.1946,0.0917,-0.4322,0.0102,6.0584,-1.9415,0.2631,0.2547,0.6614,0.0,60.7806
0.7227,-6.984,0.0992,0.0,0.015,0.0243,0.3314,226179.08,0.5514,3.7697,12.3291,1.0,2.0,0.3985,-3.851,0.1827,0.1142,-0.5514,0.0024,548.4602,-1.8527,0.2491,0.2922,0.7227,0.0,162.5646
0.5595,-1.357,0.0686,0.7153,0.0256,0.4588,0.698,103540.54,0.2544,1.7257,11.5477,0.0,4.0,0.1423,-0.3452,0.1776,0.0943,0.4609,0.0315,0.3552,-0.7864,0.3972,0.2852,0.7153,0.0256,84.5232
0.6392,-8.8164,0.0235,0.6359,0.0,0.2601,0.7518,171833.39,0.0927,2.8639,12.0543,0.0,2.0,0.0593,-0.8176,0.0697,0.0235,0.5431,0.0061,0.1456,-3.0785,0.3433,0.324,0.7518,0.0,99.265
0.466,-4.7262,0.0739,0.0,0.5086,0.1178,0.4564,187812.78,0.922,3.1302,12.1432,1.0,3.0,0.4296,-4.3576,0.4208,0.5825,-0.922,0.0087,917.0844,-1.5099,0.3635,0.3237,0.922,0.0,124.8102
0.4381,-6.9847,0.0235,0.3365,0.0491,0.4109,0.705,185846.84,0.6255,3.0974,12.1327,1.0,2.0,0.274,-4.3687,0.441,0.0726,-0.2889,0.0097,1.8531,-2.255,0.3698,0.2608,0.705,0.0235,119.1603
0.3775,-7.1923,0.0723,0.1849,0.0777,0.2359,0.487,264156.94,0.2555,4.4026,12.4843,3.0,2.0,0.0964,-1.8374,0.1244,0.15,-0.0706,0.0171,1.3744,-1.6336,0.2415,0.1515,0.487,0.0723,110.3953
0.5347,-13.8791,0.1238,0.0791,0.078,0.163,0.0256,210950.95,0.8984,3.5158,12.2594,1.0,0.0,0.4804,-12.469,0.023,0.2018,-0.8193,0.0202,11.2186,-3.9476,0.2718,0.3242,0.8984,0.0256,106.5549
0.5055,-9.6649,0.0235,0.3369,0.4055,0.2578,0.6824,266954.28,0.1904,4.4492,12.4948,3.0,1.0,0.0962,-1.8402,0.1299,0.429,0.1465,0.0061,0.5634,-2.1723,0.3432,0.2153,0.6824,0.0235,108.9186
0.6375,-10.4519,0.1725,0.6416,0.0878,0.4927,0.488,329526.4,0.0973,5.4921,12.7054,4.0,1.0,0.062,-1.0166,0.0475,0.2604,0.5443,0.085,0.1514,-1.9031,0.3739,0.2474,0.6416,0.0878,134.3353
0.3613,-3.9837,0.0346,0.0236,0.4086,0.0837,0.978,291317.75,0.9779,4.8553,12.5822,4.0,3.0,0.3533,-3.8955,0.9564,0.4432,-0.9543,0.0029,39.8033,-0.8205,0.4097,0.4172,0.978,0.0236,139.522
0.975,-10.9246,0.0235,0.1314,0.2364,0.2708,0.4747,165583.72,0.2661,2.7597,12.0172,0.0,1.0,0.2594,-2.9067,0.1263,0.2599,-0.1346,0.0064,2.0092,-3.9586,0.3397,0.3125,0.975,0.0235,117.5827
0.5401,-7.4876,0.0638,0.0,0.0387,0.2476,0.41,299136.88,0.9227,4.9856,12.6087,4.0,2.0,0.4983,-6.9086,0.3783,0.1025,-0.9227,0.0158,917.7476,-1.5018,0.3176,0.3347,0.9227,0.0,92.5756
0.5786,-3.9123,0.0235,0.1228,0.1736,0.2835,0.4159,227025.6,0.904,3.7838,12.3328,1.0,4.0,0.5231,-3.5367,0.3759,0.1971,-0.7812,0.0067,7.3014,-1.034,0.3574,0.3047,0.904,0.0235,156.4022
0.5719,-15.2959,0.1489,0.0961,0.488,0.0243,0.7242,212184.42,0.7223,3.5364,12.2652,1.0,0.0,0.4131,-11.0477,0.5231,0.6369,-0.6262,0.0036,7.4379,-4.3253,0.3965,0.3008,0.7242,0.0243,99.6956
0.858,-17.0407,0.0235,0.4055,0.0842,0.2741,0.7381,336864.4,0.1089,5.6144,12.7274,4.0,0.0,0.0935,-1.8563,0.0804,0.1077,0.2966,0.0064,0.268,-3.0352,0.3561,0.3298,0.858,0.0235,127.7824
0.4429,-1.357,0.0235,0.0715,0.0941,0.3499,0.6976,291157.75,0.5124,4.8526,12.5816,3.0,4.0,0.2269,-0.6953,0.3574,0.1176,-0.4409,0.0082,7.0632,-0.2796,0.3131,0.2569,0.6976,0.0235,143.2108
0.4909,-14.8897,0.0974,0.4096,0.0,0.0243,0.6336,248962.3,0.7942,4.1494,12.4251,2.0,0.0,0.3898,-11.8254,0.5032,0.0974,-0.3846,0.0024,1.9343,-3.5884,0.35,0.3145,0.7942,0.0,155.6555
0.8462,-1.357,0.1011,0.177,0.0686,0.2646,0.4589,202873.8,0.566,3.3812,12.2203,1.0,4.0,0.4789,-0.7681,0.2598,0.1697,-0.389,0.0267,3.1801,-0.4013,0.3546,0.2837,0.8462,0.0686,126.3375
0.6357,-7.5526,0.0235,0.3189,0.0,0.1345,0.3055,283935.34,0.4569,4.7323,12.5565,3.0,2.0,0.2904,-3.4505,0.1396,0.0235,-0.1379,0.0032,1.428,-1.596,0.2679,0.2325,0.6357,0.0,66.4555
0.6699,-4.8852,0.1389,0.0,0.4948,0.0243,0.5258,265045.6,0.8387,4.4174,12.4877,3.0,3.0,0.5619,-4.097,0.441,0.6338,-0.8387,0.0034,834.1954,-1.1059,0.3846,0.3311,0.8387,0.0,118.3348
0.5889,-6.9586,0.0235,0.0562,0.0044,0.3481,0.752,136443.08,0.5925,2.2741,11.8237,0.0,2.0,0.3489,-4.1227,0.4455,0.0279,-0.5362,0.0082,10.3507,-3.06,0.3379,0.3133,0.752,0.0044,136.3504
0.6404,-17.3687,0.0913,0.6746,0.0584,0.2575,0.5895,296960.22,0.0169,4.9493,12.6014,4.0,0.0,0.0108,-0.293,0.0099,0.1498,0.6577,0.0235,0.025,-3.5093,0.3327,0.2934,0.6746,0.0169,91.1393
0.4904,-15.8686,0.0865,0.449,0.3899,0.2964,0.978,144446.64,0.0221,2.4074,11.8807,0.0,0.0,0.0109,-0.3512,0.0216,0.4765,0.4268,0.0257,0.0492,-6.5915,0.3875,0.315,0.978,0.0221,124.1839
0.4588,-15.9294,0.0235,0.0764,0.0827,0.191,0.7087,309327.34,0.7155,5.1555,12.6422,4.0,0.0,0.3283,-11.397,0.5071,0.1062,-0.6391,0.0045,9.2433,-3.0898,0.3224,0.3019,0.7155,0.0235,118.7477
0.975,-12.3812,0.1409,0.2936,0.1623,0.0243,0.4425,276971.28,0.5068,4.6162,12.5317,3.0,0.0,0.4941,-6.2748,0.2243,0.3032,-0.2132,0.0034,1.7202,-2.6821,0.3636,0.319,0.975,0.0243,138.069
0.5533,-5.5564,0.0235,0.0,0.1013,0.1159,0.7199,170829.22,0.5393,2.8472,12.0484,0.0,3.0,0.2984,-2.9964,0.3882,0.1248,-0.5393,0.0027,536.3916,-1.9516,0.2933,0.2992,0.7199,0.0,92.0701
0.6159,-5.4876,0.0235,0.4109,0.3501,0.0351,0.3747,291233.6,0.9534,4.8539,12.5819,4.0,3.0,0.5872,-5.2319,0.3573,0.3736,-0.5425,0.0008,2.3144,-1.1306,0.3948,0.3243,0.9534,0.0235,118.061
0.7037,-7.8431,0.0297,0.1739,0.0,0.0983,0.6035,213917.28,0.4049,3.5653,12.2734,1.0,2.0,0.2849,-3.1754,0.2443,0.0297,-0.2309,0.0029,2.3144,-2.1999,0.2877,0.2842,0.7037,0.0,86.6725
0.5474,-1.357,0.0235,0.354,0.37,0.1627,0.8358,310880.06,0.4567,5.1813,12.6472,4.0,4.0,0.25,-0.6198,0.3818,0.3935,-0.1028,0.0038,1.2867,-0.2619,0.3929,0.2632,0.8358,0.0235,123.3934
0.6192,-6.8559,0.1223,0.0,0.0545,0.4051,0.475,282594.16,0.5939,4.7099,12.5518,3.0,3.0,0.3677,-4.072,0.2821,0.1767,-0.5939,0.0495,590.7668,-1.4556,0.3243,0.2607,0.6192,0.0,151.5525
0.744,-11.6674,0.0838,0.2915,0.0,0.2319,0.4928,216801.77,0.3269,3.6134,12.2867,1.0,1.0,0.2432,-3.8145,0.1611,0.0838,-0.0354,0.0194,1.1178,-3.229,0.3101,0.2503,0.744,0.0,126.7413
0.6319,-4.4347,0.0779,0.3899,0.011,0.375,0.478,248910.8,0.2629,4.1485,12.4249,2.0,3.0,0.1661,-1.166,0.1257,0.0889,0.1269,0.0292,0.6727,-1.069,0.3181,0.2189,0.6319,0.011,121.3752
0.3775,-1.357,0.084,0.0117,0.1813,0.0783,0.4529,325731.6,0.5987,5.4289,12.6938,4.0,4.0,0.226,-0.8125,0.2712,0.2652,-0.587,0.0066,47.1176,-0.25,0.2549,0.2227,0.5987,0.0117,79.5345
0.4055,-8.4205,0.0747,0.5188,0.0,0.2629,0.6669,251931.6,0.094,4.1989,12.4369,2.0,2.0,0.0381,-0.7915,0.0627,0.0747,0.4248,0.0196,0.1808,-2.0054,0.289,0.2508,0.6669,0.0,142.6131
0.5393,-7.2855,0.0379,0.3491,0.09,0.2646,0.37,265610.66,0.9047,4.4268,12.4898,3.0,2.0,0.4879,-6.591,0.3347,0.128,-0.5556,0.01,2.5843,-1.6458,0.3651,0.2928,0.9047,0.0379,149.3668
0.5302,-19.9379,0.0235,0.18,0.5475,0.1365,0.3917,182780.1,0.1428,3.0463,12.116,0.0,0.0,0.0757,-2.8471,0.0559,0.571,0.0372,0.0032,0.789,-6.5449,0.2789,0.2089,0.5475,0.0235,133.66
0.6393,-4.908,0.0235,0.3639,0.0842,0.0695,0.4745,267557.9,0.1901,4.4593,12.4971,3.0,3.0,0.1216,-0.9332,0.0902,0.1077,0.1738,0.0016,0.521,-1.1006,0.2636,0.234,0.6393,0.0235,129.7323
0.975,-14.9598,0.0235,0.0858,0.1708,0.3924,0.5072,227922.2,0.2192,3.7987,12.3368,1.0,0.0,0.2137,-3.2792,0.1112,0.1943,-0.1334,0.0092,2.5246,-3.9381,0.3391,0.3271,0.975,0.0235,127.2038
0.6759,-10.9382,0.069,0.3183,0.2296,0.1637,0.4725,269916.97,0.0416,4.4986,12.5059,3.0,1.0,0.0281,-0.455,0.0197,0.2986,0.2767,0.0113,0.1303,-2.4315,0.2815,0.2283,0.6759,0.0416,157.799
0.6221,-9.1657,0.0235,0.4837,0.0672,0.3388,0.6933,208420.98,0.0868,3.4737,12.2473,1.0,2.0,0.054,-0.7956,0.0602,0.0907,0.3969,0.008,0.1791,-2.6386,0.3308,0.2778,0.6933,0.0235,106.7384
0.3912,-7.3149,0.1186,0.4629,0.0,0.0243,0.6416,129969.75,0.6139,2.1662,11.7751,0.0,2.0,0.2402,-4.4904,0.3938,0.1186,-0.151,0.0029,1.3234,-3.3769,0.3218,0.2725,0.6416,0.0,76.9076
0.6819,-7.7261,0.0849,0.1878,0.3364,0.2424,0.7535,287700.53,0.5548,4.795,12.5697,3.0,2.0,0.3783,-4.2865,0.418,0.4213,-0.367,0.0206,2.9389,-1.6113,0.406,0.2586,0.7535,0.0849,90.4527
0.5317,-1.357,0.0235,0.0,0.0916,0.1336,0.4717,180968.39,0.5824,3.0161,12.1061,0.0,4.0,0.3097,-0.7903,0.2747,0.1151,-0.5824,0.0031,579.295,-0.4499,0.2621,0.2551,0.5824,0.0,108.7863
0.4386,-17.0114,0.024,0.1511,0.1165,0.2614,0.3715,302903.62,0.8966,5.0484,12.6212,4.0,0.0,0.3933,-15.2524,0.3331,0.1406,-0.7455,0.0063,5.8953,-3.3697,0.3228,0.2916,0.8966,0.024,161.7442
0.5926,-15.1926,0.0991,0.0,0.1359,0.2365,0.2319,241235.33,0.854,4.0206,12.3935,2.0,0.0,0.5061,-12.9745,0.198,0.235,-0.854,0.0234,849.447,-3.7787,0.3072,0.305,0.854,0.0,103.0313
0.6539,-15.3835,0.1291,0.0662,0.0,0.2937,0.5961,255041.4,0.4369,4.2507,12.4492,2.0,0.0,0.2857,-6.7205,0.2604,0.1291,-0.3707,0.0379,6.5044,-3.619,0.3108,0.2597,0.6539,0.0,147.4792
0.5621,-1.357,0.029,0.0,0.0,0.3635,0.7444,248172.98,0.7191,4.1362,12.4219,2.0,4.0,0.4042,-0.9759,0.5353,0.029,-0.7191,0.0106,715.2993,-0.3281,0.3455,0.3378,0.7444,0.0,135.269
0.5994,-7.947,0.0468,0.5707,0.457,0.1609,0.0256,267399.7,0.6243,4.4567,12.4965,3.0,2.0,0.3742,-4.9616,0.016,0.5038,-0.0536,0.0075,1.092,-1.7832,0.355,0.2678,0.6243,0.0256,79.708
0.975,-11.0394,0.0235,0.0249,0.262,0.1279,0.4128,293773.7,0.9709,4.8962,12.5906,4.0,1.0,0.9466,-10.7178,0.4008,0.2855,-0.9459,0.003,37.4231,-2.2547,0.3996,0.4148,0.975,0.0235,119.6648
0.7676,-20.506,0.08,0.0,0.2331,0.2186,0.978,218530.72,0.2277,3.6422,12.2947,1.0,0.0,0.1748,-4.6699,0.2227,0.3131,-0.2277,0.0175,226.5192,-5.6302,0.3579,0.3673,0.978,0.0,138.5765
0.4419,-12.8968,0.0235,0.3115,0.2589,0.0645,0.5743,187421.39,0.3372,3.1237,12.1411,1.0,0.0,0.149,-4.3488,0.1937,0.2824,-0.0257,0.0015,1.079,-4.1287,0.2874,0.1955,0.5743,0.0235,143.2986
0.6738,-10.6501,0.0235,0.0,0.0389,0.2317,0.7358,270116.47,0.6349,4.5019,12.5066,3.0,1.0,0.4278,-6.7614,0.4671,0.0624,-0.6349,0.0054,631.482,-2.3657,0.3341,0.3349,0.7358,0.0,116.4136
0.4631,-1.357,0.0297,0.1233,0.0898,0.1233,0.6392,260634.14,0.5298,4.3439,12.4709,3.0,4.0,0.2454,-0.7189,0.3387,0.1195,-0.4065,0.0037,4.2618,-0.3124,0.2855,0.2492,0.6392,0.0297,104.4926
0.7227,-5.8797,0.0235,0.2276,0.0,0.0889,0.8366,179842.6,0.5204,2.9974,12.0998,0.0,3.0,0.3761,-3.0598,0.4354,0.0235,-0.2928,0.0021,2.2761,-1.9616,0.3457,0.3456,0.8366,0.0,83.2698
0.5736,-7.8477,0.0235,0.0,0.0,0.3031,0.6064,255875.1,0.6921,4.2646,12.4524,2.0,2.0,0.3969,-5.4311,0.4197,0.0235,-0.6921,0.0071,688.377,-1.8402,0.3141,0.3102,0.6921,0.0,129.5528
0.5601,-2.8079,0.103,0.4463,0.444,0.3322,0.6411,238090.31,0.7643,3.9682,12.3804,2.0,4.0,0.4281,-2.146,0.49,0.5471,-0.3179,0.0342,1.7085,-0.7076,0.4702,0.2156,0.7643,0.103,89.2609
0.7378,-8.8747,0.036,0.1608,0.0564,0.0243,0.6777,274985.97,0.4119,4.5831,12.5245,3.0,2.0,0.3039,-3.6552,0.2791,0.0924,-0.2511,0.0009,2.5456,-1.9364,0.3007,0.3086,0.7378,0.0243,90.6881
0.7329,-12.8953,0.0286,0.1779,0.3069,0.2969,0.4516,280858.6,0.082,4.681,12.5456,3.0,0.0,0.0601,-1.0574,0.037,0.3355,0.0959,0.0085,0.4583,-2.7548,0.2967,0.2403,0.7329,0.0286,115.8058
0.6866,-12.1644,0.1614,0.3311,0.0,0.2599,0.978,229471.75,0.2813,3.8245,12.3435,1.0,1.0,0.1931,-3.4214,0.2751,0.1614,0.0498,0.0419,0.8469,-3.1806,0.3855,0.3342,0.978,0.0,108.3216
0.4879,-13.5548,0.0235,0.0,0.2723,0.0999,0.7595,246886.81,0.9881,4.1148,12.4167,2.0,0.0,0.4821,-13.394,0.7505,0.2958,-0.9881,0.0023,982.8652,-3.2942,0.3759,0.3845,0.9881,0.0,128.7239
0.7118,-10.7125,0.113,0.1699,0.4539,0.2817,0.4549,222090.39,0.0239,3.7015,12.3108,1.0,1.0,0.017,-0.2557,0.0109,0.5669,0.146,0.0318,0.1397,-2.8941,0.3156,0.2395,0.7118,0.0239,92.4851
0.8732,-1.357,0.0235,0.1349,0.0422,0.1663,0.4909,281907.44,0.8363,4.6985,12.5493,3.0,4.0,0.7303,-1.1348,0.4105,0.0657,-0.7014,0.0039,6.1536,-0.2888,0.3668,0.3673,0.8732,0.0235,152.9048
0.7344,-5.247,0.0235,0.2217,0.2639,0.3194,0.5556,281094.72,0.3284,4.6849,12.5465,3.0,3.0,0.2412,-1.7231,0.1825,0.2874,-0.1067,0.0075,1.4749,-1.12,0.3496,0.2316,0.7344,0.0235,133.832
0.8412,-4.6117,0.153,0.3863,0.0534,0.0889,0.8653,177071.39,0.2118,2.9512,12.0843,0.0,3.0,0.1782,-0.9768,0.1833,0.2064,0.1745,0.0136,0.5468,-1.5627,0.3714,0.3462,0.8653,0.0534,115.8704
0.7598,-2.0939,0.1486,0.372,0.0,0.2579,0.978,223559.78,0.4279,3.726,12.3174,1.0,4.0,0.3251,-0.8959,0.4185,0.1486,-0.0559,0.0383,1.1472,-0.562,0.4206,0.3429,0.978,0.0,104.5872
0.3479,-14.2349,0.0235,0.0919,0.0,0.073,0.2449,329515.88,0.5574,5.4919,12.7054,4.0,0.0,0.1939,-7.9346,0.1365,0.0235,-0.4655,0.0017,6.0032,-2.592,0.1912,0.2041,0.5574,0.0,163.6826
0.5668,-11.5288,0.0895,0.0,0.216,0.3179,0.0256,291176.84,0.6334,4.8529,12.5817,3.0,1.0,0.359,-7.3023,0.0162,0.3055,-0.6334,0.0285,630.023,-2.3756,0.2642,0.2551,0.6334,0.0,152.4503
0.8161,-5.3691,0.1558,0.0011,0.0,0.0733,0.2875,226111.89,0.9929,3.7685,12.3288,1.0,3.0,0.8104,-5.3311,0.2855,0.1558,-0.9918,0.0114,470.3768,-1.4247,0.3324,0.4064,0.9929,0.0,123.0529
0.9072,-15.2459,0.0675,0.2058,0.1868,0.3105,0.4154,299998.94,0.1814,5.0,12.6115,4.0,0.0,0.1646,-2.7656,0.0754,0.2543,0.0244,0.0209,0.877,-3.0492,0.325,0.2792,0.9072,0.0675,97.4985
0.6446,-7.0868,0.1104,0.4867,0.2402,0.232,0.0256,268521.4,0.3959,4.4754,12.5007,3.0,2.0,0.2552,-2.8054,0.0101,0.3506,0.0908,0.0256,0.8117,-1.5835,0.305,0.2168,0.6446,0.0256,135.0025
0.5345,-10.8296,0.0235,0.1347,0.3738,0.438,0.4749,262932.9,0.6704,4.3822,12.4797,3.0,1.0,0.3583,-7.2602,0.3184,0.3973,-0.5357,0.0103,4.9387,-2.4713,0.3785,0.2265,0.6704,0.0235,107.1789
0.5066,-5.303,0.0235,0.2588,0.2581,0.2341,0.3527,144526.39,0.8683,2.4088,11.8812,0.0,3.0,0.4399,-4.6048,0.3063,0.2816,-0.6095,0.0055,3.3421,-2.2016,0.3574,0.2676,0.8683,0.0235,124.4207
0.6083,-1.357,0.0235,0.3796,0.2619,0.356,0.398,303301.25,0.6754,5.055,12.6225,4.0,4.0,0.4109,-0.9165,0.2688,0.2854,-0.2958,0.0084,1.7744,-0.2684,0.3861,0.2164,0.6754,0.0235,103.4214
0.4436,-10.9387,0.0235,0.3394,0.1038,0.2928,0.5413,226526.52,0.3599,3.7754,12.3306,1.0,1.0,0.1597,-3.9372,0.1948,0.1273,-0.0206,0.0069,1.0575,-2.8973,0.3006,0.1821,0.5413,0.0235,108.6476
0.6243,-13.8255,0.0235,0.7239,0.0147,0.3215,0.5644,180700.33,0.1115,3.0117,12.1046,0.0,0.0,0.0696,-1.5411,0.0629,0.0382,0.6125,0.0076,0.1538,-4.5906,0.3405,0.2992,0.7239,0.0147,86.894
0.818,-10.7712,0.0773,0.0937,0.276,0.0974,0.0256,227423.16,0.9855,3.7904,12.3346,1.0,1.0,0.8061,-10.6147,0.0252,0.3533,-0.8917,0.0075,10.4042,-2.8417,0.3391,0.3951,0.9855,0.0256,132.5952
0.5518,-8.5577,0.0795,0.0,0.0,0.1116,0.1513,261608.53,0.8267,4.3601,12.4746,3.0,2.0,0.4561,-7.0744,0.1251,0.0795,-0.8267,0.0089,822.2594,-1.9627,0.2458,0.3179,0.8267,0.0,116.3596
0.6642,-2.4912,0.1875,0.4946,0.0,0.0243,0.2757,352046.38,0.7708,5.8674,12.7715,4.0,4.0,0.512,-1.9202,0.2125,0.1875,-0.2762,0.0046,1.5554,-0.4246,0.3453,0.3047,0.7708,0.0,163.4456
0.7925,-1.357,0.113,0.417,0.0,0.0243,0.5637,331577.47,0.6628,5.5263,12.7116,4.0,4.0,0.5253,-0.8994,0.3736,0.113,-0.2458,0.0027,1.5858,-0.2456,0.3676,0.3231,0.7925,0.0,112.5447
0.5785,-5.1601,0.1847,0.267,0.2255,0.4565,0.4519,133798.69,0.8829,2.23,11.8041,0.0,3.0,0.5107,-4.5557,0.3989,0.4103,-0.6159,0.0843,3.2945,-2.314,0.4353,0.2438,0.8829,0.1847,84.8169
0.5557,-4.0906,0.0591,0.2649,0.0727,0.1267,0.5529,179519.8,0.9077,2.992,12.098,0.0,3.0,0.5045,-3.7132,0.5019,0.1317,-0.6428,0.0075,3.4137,-1.3672,0.3628,0.3194,0.9077,0.0591,139.6409
0.4523,-1.357,0.1107,0.6646,0.0,0.0243,0.5697,157250.67,0.6899,2.6208,11.9656,0.0,4.0,0.3121,-0.9362,0.393,0.1107,-0.0253,0.0027,1.0365,-0.5178,0.3588,0.3051,0.6899,0.0,90.1562
0.6539,-14.5396,0.0235,0.0434,0.0,0.2558,0.7571,216437.56,0.5298,3.6073,12.2851,1.0,0.0,0.3464,-7.7031,0.4011,0.0235,-0.4864,0.006,11.9259,-4.0306,0.3234,0.3208,0.7571,0.0,122.7512
0.8297,-18.7747,0.0936,0.3045,0.336,0.1518,0.0256,291221.4,0.6413,4.8537,12.5818,3.0,0.0,0.5321,-12.0408,0.0164,0.4296,-0.3368,0.0142,2.0991,-3.8681,0.3404,0.2963,0.8297,0.0256,104.3942
0.5595,-9.1092,0.0652,0.0,0.0637,0.205,0.5812,157779.28,0.7852,2.6297,11.969,0.0,2.0,0.4393,-7.1526,0.4564,0.1289,-0.7852,0.0134,781.0138,-3.464,0.3228,0.3131,0.7852,0.0,70.5727
0.7596,-2.5765,0.1456,0.2406,0.3713,0.137,0.3731,349770.78,0.1823,5.8295,12.765,4.0,4.0,0.1385,-0.4696,0.068,0.5169,0.0583,0.02,0.7544,-0.442,0.3156,0.219,0.7596,0.137,110.2103
0.7445,-1.357,0.0854,0.0,0.0391,0.0243,0.4356,272839.72,0.6168,4.5473,12.5166,3.0,4.0,0.4592,-0.837,0.2687,0.1244,-0.6168,0.0021,613.5116,-0.2984,0.2779,0.3144,0.7445,0.0,120.307
0.8859,-13.0374,0.0749,0.0,0.0,0.0243,0.3534,202886.52,0.6614,3.3814,12.2204,1.0,0.0,0.586,-8.6229,0.2338,0.0749,-0.6614,0.0018,657.8738,-3.8556,0.2857,0.361,0.8859,0.0,85.0028
0.565,-2.5678,0.0235,0.4427,0.0,0.2868,0.2818,237631.44,0.6444,3.9605,12.3785,2.0,4.0,0.3641,-1.6547,0.1816,0.0235,-0.2017,0.0067,1.4522,-0.6483,0.3206,0.2494,0.6444,0.0,162.7117
0.6498,-6.3517,0.12,0.0,0.3437,0.0243,0.4966,120588.266,0.7669,2.0098,11.7001,0.0,3.0,0.4983,-4.8709,0.3808,0.4637,-0.7669,0.0029,762.7782,-3.1604,0.343,0.3072,0.7669,0.0,125.4237
0.4675,-16.0427,0.1546,0.2626,0.0,0.1101,0.742,276967.28,0.3562,4.6161,12.5317,3.0,0.0,0.1665,-5.7144,0.2643,0.1546,-0.0936,0.017,1.3513,-3.4754,0.299,0.25,0.742,0.0,98.6633
0.6628,-14.6715,0.1205,0.251,0.0,0.4577,0.5867,334486.8,0.2823,5.5748,12.7204,4.0,0.0,0.1871,-4.1413,0.1656,0.1205,-0.0312,0.0552,1.1199,-2.6318,0.3373,0.2429,0.6628,0.0,104.3942
0.7058,-11.0927,0.1228,0.4308,0.0499,0.0243,0.3588,283043.66,0.4825,4.7174,12.5534,3.0,1.0,0.3405,-5.3518,0.1731,0.1727,-0.0516,0.003,1.1173,-2.3514,0.3107,0.2542,0.7058,0.0243,172.3628
0.6226,-12.1739,0.0235,0.0684,0.0,0.0886,0.7604,217431.1,0.6428,3.6239,12.2896,1.0,1.0,0.4002,-7.8254,0.4888,0.0235,-0.5744,0.0021,9.2598,-3.3594,0.3152,0.3408,0.7604,0.0,117.0456
0.6215,-10.9429,0.0523,0.2326,0.0166,0.0899,0.92,261892.7,0.0086,4.3649,12.4757,3.0,1.0,0.0053,-0.0941,0.0079,0.0689,0.224,0.0047,0.0368,-2.507,0.2774,0.3558,0.92,0.0086,115.232
0.6546,-6.053,0.101,0.0921,0.0433,0.2928,0.4579,337590.72,0.6679,5.6265,12.7296,4.0,3.0,0.4372,-4.0426,0.3058,0.1443,-0.5758,0.0296,7.1748,-1.0758,0.3299,0.2672,0.6679,0.0433,146.1794
0.4416,-12.298,0.0235,0.3636,0.2895,0.1759,0.6523,245062.33,0.0649,4.0844,12.4093,2.0,1.0,0.0286,-0.7977,0.0423,0.313,0.2987,0.0041,0.1779,-3.011,0.2873,0.2215,0.6523,0.0235,108.611
0.7968,-1.357,0.0235,0.234,0.0466,0.3348,0.4539,242328.83,0.1327,4.0388,12.3981,2.0,4.0,0.1057,-0.18,0.0602,0.0701,0.1013,0.0079,0.5646,-0.336,0.2889,0.272,0.7968,0.0235,103.7694
0.679,-17.5568,0.11,0.6369,0.0597,0.2459,0.4422,241366.73,0.0733,4.0228,12.3941,2.0,0.0,0.0497,-1.2863,0.0324,0.1697,0.5636,0.027,0.1149,-4.3643,0.321,0.2653,0.679,0.0597,118.6151
0.7411,-14.5575,0.0235,0.2559,0.0,0.1067,0.7497,212430.48,0.2766,3.5405,12.2664,1.0,0.0,0.205,-4.0266,0.2074,0.0235,-0.0207,0.0025,1.0766,-4.1117,0.3076,0.3169,0.7497,0.0,66.8236
0.975,-8.7163,0.0235,0.0134,0.2406,0.0684,0.3969,272311.28,0.7908,4.5385,12.5147,3.0,2.0,0.771,-6.8928,0.3139,0.2641,-0.7774,0.0016,54.8718,-1.9205,0.3584,0.3868,0.975,0.0134,149.2101
0.5896,-13.9728,0.0665,0.3771,0.0215,0.1401,0.6393,275342.8,0.2768,4.589,12.5258,3.0,0.0,0.1632,-3.8677,0.1769,0.088,0.1003,0.0093,0.7321,-3.0448,0.3016,0.246,0.6393,0.0215,118.1372
0.3863,-7.0378,0.0235,0.2745,0.1648,0.2516,0.6105,317950.56,0.5967,5.2992,12.6697,4.0,2.0,0.2305,-4.1997,0.3643,0.1883,-0.3222,0.0059,2.1661,-1.3281,0.3297,0.2173,0.6105,0.0235,163.6474
0.6822,-14.7915,0.0235,0.0,0.0785,0.1049,0.3664,325741.34,0.9234,5.429,12.6939,4.0,0.0,0.63,-13.6584,0.3384,0.102,-0.9234,0.0025,918.477,-2.7245,0.3113,0.3633,0.9234,0.0,114.892
0.923,-13.7498,0.1188,0.1067,0.1224,0.4106,0.0256,371570.94,0.8651,6.1928,12.8255,4.0,0.0,0.7985,-11.8954,0.0221,0.2412,-0.7584,0.0488,8.0331,-2.2203,0.3675,0.3797,0.923,0.0256,98.2433
0.5658,-7.191,0.0235,0.2479,0.183,0.0886,0.4574,237544.02,0.3738,3.9591,12.3781,2.0,2.0,0.2115,-2.688,0.171,0.2065,-0.1259,0.0021,1.5016,-1.8163,0.2771,0.1978,0.5658,0.0235,140.2914
0.5835,-5.7492,0.0235,0.2516,0.0,0.046,0.3815,241688.62,0.9082,4.0281,12.3954,2.0,3.0,0.53,-5.2214,0.3465,0.0235,-0.6566,0.0011,3.5952,-1.4273,0.3135,0.3389,0.9082,0.0,132.5325
0.8299,-10.5701,0.0235,0.1436,0.0649,0.1366,0.5968,210831.31,0.5309,3.5139,12.2588,1.0,1.0,0.4406,-5.6113,0.3168,0.0884,-0.3872,0.0032,3.6705,-3.0081,0.3323,0.3156,0.8299,0.0235,118.7353
0.8294,-12.242,0.0812,0.5692,0.0973,0.1048,0.3061,265400.4,0.0587,4.4233,12.489,3.0,1.0,0.0487,-0.7182,0.018,0.1785,0.5105,0.0085,0.1029,-2.7676,0.2924,0.2993,0.8294,0.0587,155.3379
0.6565,-7.7846,0.0235,0.0,0.4159,0.2676,0.485,107921.805,0.4911,1.7987,11.5892,0.0,2.0,0.3224,-3.8233,0.2382,0.4394,-0.4911,0.0063,488.5149,-4.3279,0.3342,0.2485,0.6565,0.0,97.3242
0.6375,-7.5606,0.0235,0.2779,0.0727,0.387,0.6549,204064.06,0.2429,3.4011,12.2262,1.0,2.0,0.1549,-1.8367,0.1591,0.0962,0.035,0.0091,0.8709,-2.223,0.3281,0.2496,0.6549,0.0235,143.733
0.5848,-11.885,0.1095,0.0874,0.0,0.0243,0.5925,161226.2,0.6927,2.6871,11.9906,0.0,1.0,0.4051,-8.2332,0.4105,0.1095,-0.6054,0.0027,7.8383,-4.423,0.2988,0.3078,0.6927,0.0,121.4312
0.588,-13.7736,0.1802,0.2656,0.0815,0.1035,0.6365,267434.03,0.0865,4.4572,12.4966,3.0,0.0,0.0509,-1.1919,0.0551,0.2617,0.179,0.0187,0.3246,-3.0902,0.2774,0.238,0.6365,0.0815,176.5286
0.4817,-1.357,0.0235,0.096,0.1329,0.0976,0.5734,242365.83,0.6643,4.0394,12.3982,2.0,4.0,0.32,-0.9014,0.3809,0.1564,-0.5683,0.0023,6.8511,-0.3359,0.2956,0.2669,0.6643,0.0235,157.1633
0.8244,-3.0379,0.0235,0.1343,0.3325,0.1089,0.5344,221237.86,0.7713,3.6873,12.307,1.0,4.0,0.6358,-2.343,0.4122,0.356,-0.637,0.0026,5.7008,-0.8239,0.3899,0.3258,0.8244,0.0235,64.504
0.7692,-8.1417,0.0235,0.4335,0.1213,0.1148,0.4134,279514.84,0.1599,4.6586,12.5408,3.0,2.0,0.123,-1.3016,0.0661,0.1448,0.2736,0.0027,0.368,-1.7477,0.2908,0.2622,0.7692,0.0235,124.7328
0.7175,-11.2323,0.0745,0.271,0.3726,0.1449,0.3323,338914.3,0.28,5.6486,12.7335,4.0,1.0,0.2009,-3.145,0.0931,0.4471,-0.009,0.0108,1.0293,-1.9885,0.3133,0.2064,0.7175,0.0745,71.7322
0.6768,-16.8359,0.0719,0.7389,0.0,0.222,0.5917,253374.0,0.1842,4.2229,12.4426,2.0,0.0,0.1247,-3.1012,0.109,0.0719,0.5547,0.016,0.249,-3.9868,0.3551,0.3055,0.7389,0.0,116.7642
0.5474,-11.367,0.0645,0.3748,0.1495,0.3559,0.9392,292725.34,0.1135,4.8788,12.587,4.0,1.0,0.0621,-1.2905,0.1066,0.214,0.2612,0.023,0.3021,-2.3299,0.3635,0.3063,0.9392,0.0645,146.1548
0.8181,-6.9271,0.0548,0.0,0.0215,0.1645,0.0256,296770.78,0.8393,4.9462,12.6007,4.0,3.0,0.6867,-5.8141,0.0215,0.0763,-0.8393,0.009,834.8585,-1.4005,0.2748,0.3821,0.8393,0.0,80.4366
0.7248,-1.357,0.0235,0.5342,0.065,0.2319,0.2905,244083.16,0.3635,4.0681,12.4053,2.0,4.0,0.2635,-0.4933,0.1056,0.0885,0.1707,0.0054,0.6792,-0.3336,0.3191,0.2494,0.7248,0.0235,129.1666
0.5414,-9.6455,0.0235,0.2221,0.108,0.1835,0.3613,266908.72,0.5995,4.4485,12.4947,3.0,1.0,0.3246,-5.7822,0.2166,0.1315,-0.3774,0.0043,2.687,-2.1683,0.2913,0.2176,0.5995,0.0235,96.8973
0.7916,-21.0589,0.0235,0.16,0.3191,0.2434,0.5672,282291.66,0.5879,4.7049,12.5507,3.0,0.0,0.4654,-12.3798,0.3334,0.3426,-0.4279,0.0057,3.6518,-4.476,0.3847,0.2725,0.7916,0.0235,105.6377
0.4056,-13.9676,0.0235,0.2199,0.0,0.0624,0.3238,267764.75,0.6804,4.4627,12.4979,3.0,0.0,0.276,-9.5036,0.2203,0.0235,-0.4605,0.0015,3.08,-3.1298,0.2451,0.2465,0.6804,0.0,126.4972
0.7099,-9.6343,0.056,0.6111,0.0,0.216,0.7668,223903.11,0.4149,3.7317,12.319,1.0,1.0,0.2945,-3.9969,0.3181,0.056,0.1963,0.0121,0.6777,-2.5817,0.3964,0.3129,0.7668,0.0,125.8877
0.4513,-17.5279,0.048,0.4187,0.4461,0.3136,0.7416,212515.1,0.0808,3.5419,12.2668,1.0,0.0,0.0365,-1.4163,0.0599,0.4941,0.3379,0.0151,0.1925,-4.9487,0.3572,0.2388,0.7416,0.048,111.4062
0.4023,-13.7498,0.0581,0.0,0.0,0.0243,0.5061,296439.8,0.9591,4.9407,12.5996,4.0,0.0,0.3858,-13.1879,0.4854,0.0581,-0.9591,0.0014,954.0198,-2.783,0.2785,0.3649,0.9591,0.0,139.4963
0.6949,-20.1838,0.0715,0.1596,0.0056,0.3212,0.5723,291524.9,0.1675,4.8587,12.5829,4.0,0.0,0.1164,-3.3815,0.0959,0.0771,-0.0079,0.023,1.043,-4.1541,0.2847,0.2598,0.6949,0.0056,93.457
0.678,-10.9486,0.1237,0.3737,0.0,0.4966,0.8321,256445.36,0.0158,4.2741,12.4547,2.0,1.0,0.0107,-0.173,0.0131,0.1237,0.3579,0.0614,0.0422,-2.5616,0.36,0.3283,0.8321,0.0,103.3357
0.9273,-16.6737,0.0235,0.0899,0.0991,0.053,0.2456,253729.89,0.5394,4.2288,12.444,2.0,0.0,0.5002,-8.9938,0.1325,0.1226,-0.4495,0.0012,5.9324,-3.9429,0.2826,0.3351,0.9273,0.0235,118.5318
0.7019,-4.9369,0.0829,0.2286,0.2148,0.0243,0.7648,224522.72,0.7596,3.742,12.3217,1.0,3.0,0.5331,-3.75,0.5809,0.2977,-0.531,0.002,3.308,-1.3193,0.3967,0.3314,0.7648,0.0243,145.9668
0.414,-13.5279,0.0235,0.5928,0.3595,0.2477,0.0256,224837.33,0.6705,3.7473,12.3231,1.0,0.0,0.2776,-9.07,0.0172,0.383,-0.0776,0.0058,1.129,-3.6101,0.3334,0.2537,0.6705,0.0235,163.4212
0.7529,-9.3613,0.0957,0.3549,0.0,0.3601,0.2437,129767.5,0.3516,2.1628,11.7735,0.0,2.0,0.2647,-3.2914,0.0857,0.0958,0.0033,0.0345,0.9879,-4.3284,0.3084,0.2411,0.7529,0.0,147.1448
0.8579,-14.2089,0.0453,0.723,0.0,0.3556,0.4977,204599.94,0.3298,3.41,12.2288,1.0,0.0,0.2829,-4.6861,0.1642,0.0453,0.3932,0.0161,0.4555,-4.1668,0.4013,0.3205,0.8579,0.0,148.5478
0.73,-1.357,0.1558,0.478,0.1849,0.3388,0.564,211880.05,0.5129,3.5313,12.2638,1.0,4.0,0.3744,-0.696,0.2893,0.3407,-0.0349,0.0528,1.0707,-0.3843,0.4235,0.2083,0.73,0.1558,95.5494
0.5417,-15.6652,0.0793,0.145,0.2426,0.3055,0.978,248686.16,0.3411,4.1448,12.424,2.0,0.0,0.1848,-5.3429,0.3336,0.3218,-0.1961,0.0242,2.336,-3.7795,0.3762,0.3042,0.978,0.0793,127.4699
0.548,-10.493,0.0972,0.095,0.0,0.0243,0.7776,287563.1,0.6095,4.7927,12.5692,3.0,1.0,0.334,-6.3952,0.4739,0.0972,-0.5145,0.0024,6.3501,-2.1894,0.3074,0.3251,0.7776,0.0,76.4754
0.6786,-2.5438,0.1313,0.4277,0.0,0.1788,0.7209,243337.14,0.4592,4.0556,12.4022,2.0,4.0,0.3116,-1.1681,0.331,0.1313,-0.0315,0.0235,1.0711,-0.6272,0.3709,0.2769,0.7209,0.0,127.0734
0.4785,-7.0818,0.0771,0.3751,0.235,0.0243,0.3336,177909.14,0.9227,2.9652,12.089,0.0,2.0,0.4415,-6.5342,0.3078,0.3121,-0.5476,0.0019,2.4535,-2.3884,0.3495,0.2998,0.9227,0.0243,84.115
0.7115,-8.8186,0.0235,0.3336,0.273,0.1618,0.3865,216844.95,0.2699,3.6141,12.2869,1.0,2.0,0.192,-2.3804,0.1043,0.2965,0.0636,0.0038,0.8068,-2.4401,0.3085,0.2139,0.7115,0.0235,136.5102
0.6344,-10.472,0.0894,0.4318,0.0,0.2459,0.4745,230512.77,0.0941,3.8419,12.3481,2.0,1.0,0.0597,-0.9858,0.0447,0.0894,0.3377,0.022,0.2175,-2.7258,0.2815,0.237,0.6344,0.0,88.358
0.593,-9.9384,0.0235,0.4488,0.2046,0.1288,0.6824,274478.03,0.1238,4.5746,12.5226,3.0,1.0,0.0734,-1.2304,0.0845,0.2281,0.325,0.003,0.2753,-2.1725,0.315,0.2577,0.6824,0.0235,85.3034
0.746,-13.9553,0.134,0.2908,0.0135,0.2349,0.6211,153743.62,0.0179,2.5624,11.943,0.0,0.0,0.0133,-0.2493,0.0111,0.1476,0.2729,0.0315,0.0612,-5.4462,0.294,0.2873,0.746,0.0135,141.6922
0.5428,-11.9371,0.0235,0.243,0.1736,0.3785,0.284,312620.53,0.4169,5.2103,12.6527,4.0,1.0,0.2263,-4.977,0.1184,0.1971,-0.174,0.0089,1.7089,-2.291,0.2946,0.1705,0.5428,0.0235,158.1192
0.7462,-1.357,0.1619,0.0,0.1626,0.2369,0.978,279978.03,0.5039,4.6663,12.5425,3.0,4.0,0.376,-0.6837,0.4928,0.3245,-0.5039,0.0384,501.1804,-0.2908,0.3985,0.3569,0.978,0.0,136.6256
0.7328,-9.3374,0.0873,0.4467,0.0011,0.0243,0.4936,264563.75,0.5878,4.4094,12.4858,3.0,2.0,0.4308,-5.4885,0.2901,0.0885,-0.1411,0.0021,1.313,-2.1176,0.3391,0.2969,0.7328,0.0011,110.493
0.582,-8.2077,0.1016,0.5558,0.0729,0.1849,0.4831,225729.08,0.0729,3.7622,12.3271,1.0,2.0,0.0424,-0.5981,0.0352,0.1745,0.483,0.0188,0.1309,-2.1817,0.2933,0.2359,0.582,0.0729,130.3549
0.6069,-3.1675,0.1011,0.0015,0.3875,0.1345,0.8194,291168.1,0.4461,4.8528,12.5817,3.0,4.0,0.2707,-1.4129,0.3655,0.4887,-0.4446,0.0136,179.9676,-0.6527,0.3567,0.2962,0.8194,0.0015,160.3612
0.7175,-13.4539,0.0341,0.0878,0.0895,0.0844,0.203,382709.62,0.9919,6.3785,12.855,4.0,0.0,0.7117,-13.3445,0.2014,0.1236,-0.904,0.0029,11.166,-2.1093,0.3155,0.3802,0.9919,0.0341,66.8314
0.5539,-3.942,0.076,0.3667,0.0,0.0243,0.7165,293888.28,0.4334,4.8981,12.591,4.0,4.0,0.24,-1.7085,0.3105,0.076,-0.0667,0.0018,1.1785,-0.8048,0.3101,0.2815,0.7165,0.0,162.931
0.5863,-12.0764,0.0531,0.3823,0.1416,0.1341,0.7172,276793.12,0.0348,4.6132,12.531,3.0,1.0,0.0204,-0.4203,0.025,0.1947,0.3475,0.0071,0.0908,-2.6178,0.2928,0.2727,0.7172,0.0348,99.5817
0.5341,-7.6759,0.1466,0.4846,0.1526,0.1289,0.4918,148074.31,0.2685,2.4679,11.9055,0.0,2.0,0.1434,-2.0607,0.132,0.2992,0.2161,0.0189,0.5529,-3.1103,0.3153,0.1824,0.5341,0.1289,102.2246
0.6425,-11.1625,0.0715,0.2929,0.1469,0.1206,0.5046,270967.75,0.0845,4.5161,12.5098,3.0,1.0,0.0543,-0.9436,0.0427,0.2184,0.2083,0.0086,0.2877,-2.4717,0.2662,0.2257,0.6425,0.0715,127.457
0.9442,-4.8386,0.0235,0.5086,0.0,0.1387,0.0256,325817.62,0.7463,5.4303,12.6941,4.0,3.0,0.7047,-3.6112,0.0191,0.0235,-0.2377,0.0033,1.4645,-0.891,0.341,0.3902,0.9442,0.0,160.2536
0.58,-11.9031,0.1011,0.2264,0.0677,0.163,0.2483,237067.8,0.4027,3.9511,12.3761,2.0,1.0,0.2336,-4.793,0.1,0.1688,-0.1762,0.0165,1.7704,-3.0126,0.2556,0.1805,0.58,0.0677,133.0889
0.7979,-12.5949,0.1187,0.0498,0.3486,0.3638,0.2786,261627.42,0.5721,4.3605,12.4747,3.0,0.0,0.4564,-7.2051,0.1594,0.4673,-0.5223,0.0432,11.2703,-2.8884,0.3614,0.2575,0.7979,0.0498,171.7505
0.5375,-3.9233,0.1538,0.2099,0.3945,0.0816,0.5815,166815.88,0.4384,2.7803,12.0247,0.0,4.0,0.2356,-1.72,0.2549,0.5483,-0.2285,0.0126,2.079,-1.4111,0.3425,0.1951,0.5815,0.0816,116.6128
0.3971,-9.9288,0.0235,0.0,0.1869,0.2705,0.286,261640.17,0.9418,4.3607,12.4747,3.0,1.0,0.3739,-9.3509,0.2693,0.2104,-0.9418,0.0064,936.7789,-2.2769,0.3008,0.3167,0.9418,0.0,99.5804
0.6049,-5.5969,0.0235,0.4535,0.3819,0.0436,0.8287,220743.73,0.937,3.6791,12.3048,1.0,3.0,0.5668,-5.2443,0.7765,0.4054,-0.4835,0.001,2.0617,-1.5213,0.4676,0.3545,0.937,0.0235,139.3011
0.736,-9.0588,0.0523,0.2026,0.0,0.3767,0.6185,228394.86,0.2139,3.8066,12.3388,1.0,2.0,0.1574,-1.9374,0.1323,0.0523,-0.0113,0.0197,1.0503,-2.3798,0.3143,0.2782,0.736,0.0,125.0386
0.3769,-6.9471,0.1359,0.4441,0.0,0.0962,0.5815,325727.4,0.7243,5.4288,12.6938,4.0,2.0,0.273,-5.032,0.4212,0.1359,-0.2803,0.0131,1.6275,-1.2797,0.337,0.2692,0.7243,0.0,155.4615
0.6289,-10.2761,0.0648,0.1606,0.0514,0.0602,0.5127,157904.7,0.7191,2.6317,11.9698,0.0,1.0,0.4523,-7.3899,0.3687,0.1162,-0.5585,0.0039,4.4494,-3.9047,0.314,0.2949,0.7191,0.0514,146.3006
0.7999,-12.3567,0.1001,0.0993,0.0426,0.1428,0.3696,255822.88,0.2514,4.2637,12.4522,2.0,0.0,0.2011,-3.1065,0.0929,0.1428,-0.1521,0.0143,2.5068,-2.8981,0.258,0.2633,0.7999,0.0426,134.0126
0.4524,-6.5827,0.0235,0.4089,0.0,0.2871,0.3958,187745.64,0.2979,3.1291,12.1428,1.0,3.0,0.1348,-1.9612,0.1179,0.0235,0.1109,0.0067,0.7269,-2.1037,0.2665,0.184,0.4524,0.0,129.7371
0.5422,-4.9619,0.1185,0.1313,0.0728,0.2299,0.7048,270855.6,0.2738,4.5143,12.5093,3.0,3.0,0.1485,-1.3586,0.193,0.1913,-0.1425,0.0272,2.0688,-1.0992,0.2962,0.2384,0.7048,0.0728,114.7899
0.5545,-10.758,0.0482,0.0641,0.0,0.0243,0.7866,225014.5,0.5649,3.7502,12.3239,1.0,1.0,0.3132,-6.0768,0.4443,0.0482,-0.5007,0.0012,8.6728,-2.8686,0.2918,0.3307,0.7866,0.0,106.857
0.9069,-4.9062,0.08,0.2749,0.0,0.0279,0.8132,337577.84,0.8657,5.6263,12.7296,4.0,3.0,0.7851,-4.2471,0.704,0.08,-0.5908,0.0022,3.1377,-0.872,0.4241,0.4197,0.9069,0.0,101.899
0.6372,-11.0378,0.0235,0.5379,0.2679,0.164,0.6813,207929.72,0.0783,3.4655,12.245,1.0,1.0,0.0499,-0.8639,0.0533,0.2914,0.4597,0.0039,0.1452,-3.185,0.3414,0.2735,0.6813,0.0235,112.528
0.975,-4.1913,0.0235,0.0,0.0,0.128,0.5617,257966.19,0.5347,4.2994,12.4606,2.0,3.0,0.5213,-2.2409,0.3003,0.0235,-0.5347,0.003,531.8162,-0.9748,0.3175,0.3793,0.975,0.0,126.1134
0.7442,-15.1811,0.1107,0.0,0.0,0.0243,0.4577,316425.84,0.5578,5.2738,12.6648,4.0,0.0,0.4151,-8.468,0.2553,0.1107,-0.5578,0.0027,554.8261,-2.8786,0.2707,0.3094,0.7442,0.0,47.5209
0.7344,-7.9132,0.1867,0.4925,0.0,0.3029,0.2689,250933.7,0.2704,4.1822,12.4329,2.0,2.0,0.1986,-2.1397,0.0727,0.1867,0.2221,0.0566,0.5479,-1.8921,0.3223,0.2335,0.7344,0.0,127.232
0.6165,-7.9779,0.2079,0.1709,0.439,0.3012,0.3421,255594.02,0.1437,4.2599,12.4513,2.0,2.0,0.0886,-1.1467,0.0492,0.6469,0.0271,0.0626,0.8362,-1.8728,0.3173,0.1677,0.6165,0.1437,131.4958
0.867,-7.1245,0.1546,0.2861,0.0,0.2716,0.54,337878.78,0.4085,5.6313,12.7304,4.0,2.0,0.3541,-2.9101,0.2206,0.1546,-0.1224,0.042,1.4228,-1.2652,0.3611,0.2819,0.867,0.0,94.8027
0.8229,-12.6189,0.0235,0.2618,0.4908,0.0633,0.4049,235959.1,0.6795,3.9327,12.3714,2.0,0.0,0.5591,-8.5741,0.2751,0.5143,-0.4177,0.0015,2.5856,-3.2088,0.3924,0.2997,0.8229,0.0235,92.9431
0.5153,-4.612,0.0235,0.1867,0.0,0.2215,0.1415,240116.92,0.9143,4.0019,12.3889,2.0,3.0,0.4711,-4.2166,0.1294,0.0235,-0.7275,0.0052,4.87,-1.1524,0.2861,0.3248,0.9143,0.0,109.9432
0.975,-6.0676,0.0776,0.2659,0.1549,0.1801,0.5617,223371.5,0.2564,3.7229,12.3166,1.0,3.0,0.25,-1.5557,0.144,0.2325,0.0095,0.014,0.9606,-1.6298,0.3531,0.3142,0.975,0.0776,128.079
0.6865,-1.357,0.0793,0.065,0.0714,0.1667,0.8658,207035.72,0.3165,3.4506,12.2407,1.0,4.0,0.2172,-0.4294,0.274,0.1507,-0.2515,0.0132,4.797,-0.3933,0.3216,0.3267,0.8658,0.065,104.729
0.7248,-14.2058,0.0235,0.344,0.0,0.1067,0.6738,172369.48,0.0727,2.8728,12.0574,0.0,0.0,0.0527,-1.0323,0.049,0.0235,0.2714,0.0025,0.2106,-4.9449,0.2779,0.3093,0.7248,0.0,92.2255
0.5671,-8.6331,0.187,0.3654,0.0,0.0243,0.4824,227920.75,0.5585,3.7987,12.3368,1.0,2.0,0.3167,-4.8213,0.2694,0.187,-0.193,0.0045,1.5241,-2.2727,0.3121,0.2427,0.5671,0.0,192.6838
0.7715,-10.769,0.1539,0.0,0.2896,0.0243,0.234,178922.03,0.7969,2.982,12.0947,0.0,1.0,0.6148,-8.5815,0.1865,0.4435,-0.7969,0.0037,792.6182,-3.6113,0.3243,0.3309,0.7969,0.0,132.0658
0.765,-10.4502,0.1226,0.0,0.0,0.1245,0.3669,280550.88,0.5994,4.6758,12.5445,3.0,1.0,0.4585,-6.2638,0.2199,0.1226,-0.5994,0.0153,596.2044,-2.2349,0.2826,0.3029,0.765,0.0,163.4456
0.4475,-11.6966,0.1499,0.0,0.0701,0.2886,0.2931,273895.53,0.2989,4.5649,12.5205,3.0,1.0,0.1337,-3.4957,0.0876,0.22,-0.2989,0.0433,297.2733,-2.5623,0.2212,0.1548,0.4475,0.0,123.8162
0.4526,-1.357,0.0235,0.0594,0.1813,0.2712,0.5714,302761.28,0.6704,5.046,12.6207,4.0,4.0,0.3034,-0.9097,0.3831,0.2048,-0.611,0.0064,11.0971,-0.2689,0.3185,0.252,0.6704,0.0235,127.502
0.3616,-1.357,0.0781,0.2512,0.2448,0.0243,0.3869,287559.28,0.5874,4.7927,12.5692,3.0,4.0,0.2124,-0.7971,0.2273,0.3229,-0.3362,0.0019,2.3294,-0.2831,0.2763,0.1918,0.5874,0.0243,128.3326
0.8433,-10.94,0.0985,0.2884,0.0129,0.2049,0.8573,227501.48,0.1548,3.7917,12.3349,1.0,1.0,0.1305,-1.6935,0.1327,0.1115,0.1336,0.0202,0.5348,-2.8853,0.3515,0.3513,0.8573,0.0129,73.0857
0.6392,-4.1845,0.0767,0.4595,0.0066,0.2309,0.8537,329535.22,0.2946,5.4923,12.7054,4.0,3.0,0.1883,-1.2328,0.2515,0.0833,0.1649,0.0177,0.6398,-0.7619,0.3659,0.3048,0.8537,0.0066,117.8153
0.5912,-9.4906,0.091,0.5833,0.0,0.1366,0.5825,241615.39,0.0653,4.0269,12.3951,2.0,2.0,0.0386,-0.6201,0.0381,0.091,0.518,0.0124,0.1118,-2.3568,0.2929,0.2769,0.5912,0.0,129.1925
0.6556,-11.9032,0.0975,0.6118,0.0979,0.1034,0.8762,313988.78,0.0092,5.2331,12.6571,4.0,1.0,0.006,-0.1095,0.0081,0.1954,0.6026,0.0101,0.015,-2.2746,0.3502,0.3519,0.8762,0.0092,109.9264
0.5101,-7.7934,0.1931,0.5397,0.1575,0.1771,0.0256,235569.0,0.7774,3.9262,12.3698,2.0,2.0,0.3965,-6.0586,0.0199,0.3506,-0.2377,0.0342,1.4379,-1.985,0.3401,0.2709,0.7774,0.0256,205.5317
0.5548,-7.9191,0.0235,0.2666,0.1614,0.1437,0.6391,104620.36,0.8783,1.7437,11.5581,0.0,2.0,0.4873,-6.9551,0.5613,0.1849,-0.6117,0.0034,3.282,-4.5416,0.3811,0.3135,0.8783,0.0235,121.5323
0.6869,-13.8784,0.0807,0.3549,0.0,0.2056,0.9146,220977.45,0.1384,3.683,12.3058,1.0,0.0,0.0951,-1.9208,0.1266,0.0807,0.2165,0.0166,0.3889,-3.7683,0.3402,0.3397,0.9146,0.0,110.4482
0.762,-15.2448,0.1859,0.45,0.1425,0.3816,0.3478,236549.02,0.1144,3.9425,12.3739,2.0,0.0,0.0872,-1.744,0.0398,0.3285,0.3356,0.0709,0.2537,-3.8668,0.3406,0.2257,0.762,0.1144,107.2779
0.7607,-5.7512,0.052,0.0,0.0896,0.3679,0.8037,227813.33,0.3229,3.7969,12.3363,1.0,3.0,0.2456,-1.8569,0.2595,0.1415,-0.3229,0.0191,321.1453,-1.5147,0.3424,0.3302,0.8037,0.0,124.9013
0.7079,-19.1026,0.0235,0.0728,0.0398,0.3859,0.5977,187780.0,0.3145,3.1297,12.143,1.0,0.0,0.2226,-6.0071,0.188,0.0633,-0.2417,0.0091,4.2602,-6.1037,0.306,0.2763,0.7079,0.0235,149.2648
0.4598,-3.3338,0.0842,0.2317,0.1149,0.1587,0.5088,283371.16,0.2854,4.7229,12.5545,3.0,4.0,0.1312,-0.9515,0.1452,0.1991,-0.0537,0.0134,1.2266,-0.7059,0.2633,0.166,0.5088,0.0842,109.1157
0.6331,-12.1221,0.1237,0.637,0.2275,0.2756,0.8699,205410.05,0.0059,3.4235,12.2328,1.0,1.0,0.0038,-0.0719,0.0052,0.3512,0.631,0.0341,0.0093,-3.5408,0.3961,0.3183,0.8699,0.0059,122.966
0.4517,-10.0812,0.0794,0.2858,0.0565,0.3488,0.9179,363798.03,0.2158,6.0633,12.8044,4.0,1.0,0.0975,-2.1755,0.1981,0.1358,0.07,0.0277,0.7525,-1.6627,0.3365,0.2924,0.9179,0.0565,119.5124
0.5668,-4.8722,0.0981,0.0,0.2628,0.1019,0.5626,175864.1,0.3936,2.9311,12.0775,0.0,3.0,0.2231,-1.9177,0.2215,0.3609,-0.3936,0.01,391.5016,-1.6622,0.2837,0.2304,0.5668,0.0,146.0924
0.7156,-7.9742,0.1448,0.0909,0.0,0.0243,0.6322,182326.9,0.5169,3.0388,12.1136,0.0,2.0,0.3699,-4.1216,0.3268,0.1448,-0.426,0.0035,5.6242,-2.6241,0.3035,0.3065,0.7156,0.0,125.6667
0.5788,-4.759,0.1412,0.106,0.0,0.1813,0.3631,171626.52,0.928,2.8604,12.0531,0.0,3.0,0.5371,-4.4163,0.3369,0.1413,-0.822,0.0256,8.6689,-1.6637,0.3283,0.3259,0.928,0.0,99.0037
0.7376,-8.639,0.1213,0.4881,0.1117,0.1735,0.4385,252941.12,0.2972,4.2157,12.4409,2.0,2.0,0.2192,-2.5675,0.1303,0.233,0.1909,0.0211,0.6077,-2.0493,0.3383,0.2306,0.7376,0.1117,126.3912
0.48,-10.6707,0.2077,0.5022,0.0,0.0946,0.3411,221989.06,0.5379,3.6998,12.3104,1.0,1.0,0.2582,-5.7394,0.1834,0.2077,-0.0356,0.0197,1.0688,-2.8841,0.3091,0.2128,0.5379,0.0,180.955
0.5024,-19.8451,0.0594,0.0131,0.3595,0.3371,0.7349,156528.84,0.5479,2.6088,11.961,0.0,0.0,0.2753,-10.8725,0.4026,0.4189,-0.5348,0.02,38.9706,-7.607,0.3649,0.2605,0.7349,0.0131,95.904
0.6479,-1.357,0.0235,0.7385,0.0066,0.3889,0.6039,258042.88,0.3147,4.3007,12.4609,2.0,4.0,0.2039,-0.4271,0.1901,0.0301,0.4238,0.0091,0.4256,-0.3155,0.3892,0.2946,0.7385,0.0066,153.9887
0.7536,-1.357,0.0235,0.0,0.0,0.0558,0.4559,151697.52,0.7795,2.5283,11.9296,0.0,4.0,0.5874,-1.0577,0.3554,0.0235,-0.7795,0.0013,775.311,-0.5367,0.2955,0.3596,0.7795,0.0,135.9527
0.7715,-6.7515,0.0772,0.315,0.2109,0.2465,0.5392,240937.6,0.0759,4.0156,12.3923,2.0,3.0,0.0585,-0.5122,0.0409,0.2881,0.2391,0.019,0.2401,-1.6813,0.3194,0.2542,0.7715,0.0759,107.6365
0.5676,-11.0831,0.1447,0.3475,0.0,0.2108,0.978,203515.64,0.0289,3.3919,12.2235,1.0,1.0,0.0164,-0.3199,0.0282,0.1447,0.3187,0.0305,0.0828,-3.2675,0.3254,0.3475,0.978,0.0,113.223
0.8267,-9.6665,0.1122,0.8793,0.0,0.0409,0.5721,248276.17,0.5894,4.1379,12.4223,2.0,1.0,0.4872,-5.6974,0.3372,0.1122,0.2899,0.0046,0.6695,-2.3361,0.4315,0.3746,0.8793,0.0,106.9772
0.975,-8.73,0.0235,0.1278,0.335,0.1288,0.3715,337070.9,0.8177,5.6178,12.7281,4.0,2.0,0.7972,-7.1382,0.3037,0.3585,-0.6899,0.003,6.3499,-1.554,0.397,0.365,0.975,0.0235,166.9175
0.7888,-10.3517,0.0967,0.0111,0.0,0.1908,0.0256,240530.58,0.7398,4.0088,12.3906,2.0,1.0,0.5836,-7.6582,0.0189,0.0967,-0.7287,0.0184,61.193,-2.5822,0.2647,0.3478,0.7888,0.0,110.4876
0.6238,-11.0777,0.1268,0.4923,0.0422,0.3195,0.535,267047.03,0.0354,4.4508,12.4952,3.0,1.0,0.0221,-0.3921,0.0189,0.169,0.4569,0.0405,0.0718,-2.4889,0.3107,0.246,0.6238,0.0354,52.0736
0.4655,-11.9424,0.0581,0.0,0.0,0.2664,0.0256,387911.0,0.976,6.4652,12.8685,4.0,1.0,0.4544,-11.6558,0.025,0.0581,-0.976,0.0155,970.7965,-1.8472,0.2559,0.3619,0.976,0.0,111.6432
0.908,-16.6381,0.0235,0.0,0.2115,0.1933,0.5811,277071.12,0.9373,4.6179,12.532,3.0,0.0,0.8511,-15.5955,0.5447,0.235,-0.9373,0.0045,932.336,-3.603,0.4078,0.3998,0.9373,0.0,120.0608
0.5158,-9.5156,0.0917,0.5678,0.4416,0.0243,0.4135,280033.34,0.917,4.6672,12.5427,3.0,2.0,0.473,-8.7258,0.3792,0.5332,-0.3492,0.0022,1.6123,-2.0388,0.4245,0.3008,0.917,0.0243,96.3185
0.6926,-1.357,0.0235,0.0,0.2406,0.2402,0.5271,341638.06,0.724,5.694,12.7415,4.0,4.0,0.5014,-0.9825,0.3816,0.2641,-0.724,0.0056,720.1401,-0.2383,0.3497,0.3005,0.724,0.0,109.888
0.3585,-1.79,0.033,0.283,0.0949,0.3076,0.3721,277548.38,0.4552,4.6258,12.5338,3.0,4.0,0.1632,-0.8148,0.1694,0.128,-0.1722,0.0102,1.603,-0.387,0.272,0.1532,0.4552,0.033,109.8585
0.6332,-3.7692,0.0545,0.0953,0.0641,0.0243,0.3058,244764.56,0.4179,4.0794,12.4081,2.0,4.0,0.2646,-1.575,0.1278,0.1186,-0.3225,0.0013,4.337,-0.924,0.2279,0.2318,0.6332,0.0243,105.3298
0.5432,-5.7175,0.0235,0.5648,0.0795,0.0779,0.9192,331311.03,0.3269,5.5219,12.7108,4.0,3.0,0.1775,-1.8688,0.3005,0.103,0.2379,0.0018,0.5777,-1.0354,0.3621,0.3318,0.9192,0.0235,147.8489
0.51,-4.8599,0.0235,0.0956,0.0195,0.0865,0.2655,151584.69,0.837,2.5264,11.9289,0.0,3.0,0.4269,-4.0677,0.2222,0.043,-0.7414,0.002,8.6649,-1.9236,0.2625,0.3072,0.837,0.0195,109.0752
0.6779,-1.357,0.0816,0.4906,0.1569,0.3449,0.39,305699.8,0.4074,5.095,12.6304,4.0,4.0,0.2762,-0.5528,0.1589,0.2385,0.0832,0.0282,0.8287,-0.2663,0.3642,0.2001,0.6779,0.0816,124.1177
0.33,-7.3158,0.0476,0.0,0.3315,0.0243,0.7834,223403.72,0.5348,3.7234,12.3167,1.0,2.0,0.1765,-3.9125,0.419,0.3792,-0.5348,0.0012,531.9488,-1.9648,0.2931,0.2944,0.7834,0.0,105.4337
0.8732,-10.5265,0.1861,0.369,0.0,0.0905,0.7716,214159.9,0.0018,3.5693,12.2745,1.0,1.0,0.0016,-0.0189,0.0014,0.1861,0.3672,0.0168,0.0049,-2.9492,0.3275,0.362,0.8732,0.0,127.7824
0.6024,-4.9658,0.1301,0.3813,0.2419,0.14,0.4775,248115.3,0.6749,4.1353,12.4217,2.0,3.0,0.4066,-3.3516,0.3223,0.3721,-0.2937,0.0182,1.7656,-1.2008,0.3783,0.218,0.6749,0.1301,102.5497
0.4971,-18.4071,0.0694,0.4099,0.0,0.1667,0.8163,159869.05,0.1594,2.6645,11.9821,0.0,0.0,0.0792,-2.9341,0.1301,0.0694,0.2505,0.0116,0.388,-6.9083,0.3027,0.2881,0.8163,0.0,118.3454
0.8323,-8.233,0.0648,0.0556,0.1624,0.2328,0.5296,261367.25,0.3132,4.3561,12.4737,3.0,2.0,0.2607,-2.5786,0.1659,0.2272,-0.2576,0.0151,5.5303,-1.89,0.313,0.281,0.8323,0.0556,106.639
0.6889,-7.9889,0.1373,0.0,0.234,0.0243,0.4528,287099.9,0.722,4.785,12.5676,3.0,2.0,0.4974,-5.768,0.3269,0.3714,-0.722,0.0033,718.1507,-1.6696,0.3228,0.3016,0.722,0.0,158.9098
0.6034,-7.4855,0.0235,0.1046,0.3597,0.2858,0.6405,246621.12,0.5321,4.1104,12.4156,2.0,2.0,0.3211,-3.9833,0.3408,0.3832,-0.4276,0.0067,5.0413,-1.8211,0.3642,0.242,0.6405,0.0235,94.7126
0.3289,-3.1804,0.1115,0.2518,0.0356,0.0243,0.279,280827.6,0.9384,4.6805,12.5455,3.0,4.0,0.3087,-2.9845,0.2618,0.1471,-0.6866,0.0027,3.712,-0.6795,0.2814,0.3136,0.9384,0.0243,114.4917
0.9338,-3.9356,0.0617,0.3021,0.0,0.0349,0.556,241467.39,0.967,4.0245,12.3945,2.0,4.0,0.9029,-3.8057,0.5376,0.0617,-0.6649,0.0022,3.1907,-0.9779,0.4079,0.4179,0.967,0.0,98.5737
0.5539,-5.8954,0.0235,0.2149,0.0,0.3059,0.6713,183373.33,0.7159,3.0562,12.1193,1.0,3.0,0.3965,-4.2203,0.4806,0.0235,-0.501,0.0072,3.3156,-1.929,0.3551,0.2966,0.7159,0.0,116.8449
0.7049,-2.6348,0.064,0.412,0.0,0.3799,0.277,241290.78,0.2117,4.0215,12.3938,2.0,4.0,0.1493,-0.5579,0.0587,0.064,0.2003,0.0243,0.5126,-0.6552,0.2928,0.2368,0.7049,0.0,97.142
0.5577,-13.6815,0.1301,0.2045,0.2229,0.1679,0.9555,269801.16,0.0991,4.4967,12.5054,3.0,0.0,0.0553,-1.3563,0.0947,0.353,0.1054,0.0218,0.4823,-3.0426,0.334,0.3135,0.9555,0.0991,118.7546
0.5663,-7.6279,0.0235,0.1897,0.377,0.0621,0.3489,227852.78,0.8716,3.7975,12.3365,1.0,2.0,0.4936,-6.6484,0.3041,0.4005,-0.6819,0.0015,4.5694,-2.0086,0.3485,0.2985,0.8716,0.0235,131.2668
0.769,-8.8668,0.1284,0.478,0.0914,0.294,0.7789,312422.1,0.049,5.207,12.6521,4.0,2.0,0.0377,-0.4345,0.0382,0.2199,0.429,0.0378,0.1023,-1.7029,0.3698,0.3117,0.7789,0.049,83.428
0.7936,-4.1738,0.0491,0.3489,0.0,0.0243,0.9131,275512.84,0.4128,4.5919,12.5264,3.0,3.0,0.3276,-1.7229,0.3769,0.0491,-0.0639,0.0012,1.1798,-0.9089,0.3631,0.3732,0.9131,0.0,144.4781
0.8988,-8.2833,0.0235,0.2756,0.3227,0.2765,0.8281,262351.25,0.1641,4.3725,12.4774,3.0,2.0,0.1475,-1.359,0.1359,0.3462,0.1116,0.0065,0.5931,-1.8944,0.3985,0.3332,0.8988,0.0235,64.0829
0.6048,-5.3389,0.043,0.2702,0.2538,0.3348,0.285,272662.3,0.3285,4.5444,12.516,3.0,3.0,0.1987,-1.7536,0.0936,0.2968,-0.0583,0.0144,1.2112,-1.1748,0.3029,0.1654,0.6048,0.043,146.642
0.5907,-10.7667,0.06,0.3938,0.0,0.0243,0.5287,239967.55,0.2958,3.9995,12.3883,2.0,1.0,0.1747,-3.1848,0.1564,0.06,0.098,0.0015,0.7492,-2.692,0.2705,0.246,0.5907,0.0,122.9491
0.5674,-13.0879,0.0235,0.0568,0.0671,0.315,0.2868,255548.5,0.4305,4.2591,12.4512,2.0,0.0,0.2442,-5.6339,0.1235,0.0906,-0.3737,0.0074,7.4517,-3.0729,0.2496,0.2085,0.5674,0.0235,112.7866
0.6375,-16.242,0.1596,0.0,0.0628,0.3481,0.7433,254629.5,0.4532,4.2438,12.4476,2.0,0.0,0.2889,-7.3609,0.3368,0.2224,-0.4532,0.0556,450.7838,-3.8272,0.3435,0.2854,0.7433,0.0,169.2962
0.8352,-1.357,0.0235,0.1328,0.0,0.4969,0.5393,261892.77,0.5185,4.3649,12.4757,3.0,4.0,0.433,-0.7036,0.2796,0.0235,-0.3857,0.0117,3.8755,-0.3109,0.3637,0.3152,0.8352,0.0,163.7154
0.4851,-5.5987,0.0235,0.3744,0.0764,0.0404,0.7641,288080.72,0.8743,4.8013,12.571,3.0,3.0,0.4241,-4.8948,0.668,0.0999,-0.4998,0.0009,2.3288,-1.1661,0.3769,0.3506,0.8743,0.0235,84.0869
0.7355,-19.591,0.082,0.0663,0.217,0.2598,0.4629,296044.66,0.5794,4.9341,12.5983,4.0,0.0,0.4261,-11.351,0.2682,0.2989,-0.5131,0.0213,8.6145,-3.9705,0.3433,0.2555,0.7355,0.0663,120.3364
0.561,-4.6899,0.1586,0.525,0.1536,0.1498,0.4968,229694.2,0.7954,3.8282,12.3445,1.0,3.0,0.4463,-3.7303,0.3952,0.3123,-0.2704,0.0238,1.5123,-1.2251,0.4058,0.2545,0.7954,0.1498,101.0162
0.9337,-10.8365,0.0503,0.0388,0.0628,0.1875,0.5478,175768.17,0.6838,2.9295,12.0769,0.0,1.0,0.6385,-7.41,0.3746,0.1131,-0.645,0.0094,17.1947,-3.6991,0.3578,0.362,0.9337,0.0388,140.4172
0.6748,-1.357,0.0235,0.0,0.0,0.2832,0.4541,223193.17,0.9587,3.7199,12.3158,1.0,4.0,0.6469,-1.3009,0.4353,0.0235,-0.9587,0.0067,953.5556,-0.3648,0.342,0.3747,0.9587,0.0,112.1626
0.4516,-7.6298,0.1237,0.0648,0.0,0.373,0.978,171253.62,0.2824,2.8542,12.0509,0.0,2.0,0.1275,-2.1547,0.2762,0.1237,-0.2176,0.0461,4.2902,-2.6732,0.3248,0.3318,0.978,0.0,82.4391
0.9333,-5.1615,0.0472,0.0,0.1647,0.1038,0.8695,237789.28,0.9763,3.9632,12.3791,2.0,3.0,0.9112,-5.0393,0.8489,0.2119,-0.9763,0.0049,971.1281,-1.3024,0.4421,0.4568,0.9763,0.0,80.0649
0.5311,-16.5812,0.0981,0.2428,0.1499,0.2748,0.0256,176420.48,0.9847,2.9403,12.0806,0.0,0.0,0.523,-16.327,0.0252,0.248,-0.7419,0.027,4.0392,-5.6392,0.3296,0.3313,0.9847,0.0256,117.8712
0.7513,-1.357,0.0987,0.0,0.0864,0.2522,0.2319,381881.1,0.9291,6.3647,12.8529,4.0,4.0,0.698,-1.2608,0.2155,0.1851,-0.9291,0.0249,924.1797,-0.2132,0.3357,0.3591,0.9291,0.0,120.3003
0.867,-8.8669,0.0964,0.2711,0.0687,0.2954,0.5249,241260.8,0.0987,4.021,12.3936,2.0,2.0,0.0855,-0.8749,0.0518,0.1651,0.1724,0.0285,0.3626,-2.2051,0.3174,0.2905,0.867,0.0687,150.9105
0.6914,-4.4957,0.1134,0.0,0.0943,0.0243,0.4769,304781.4,0.7424,5.0797,12.6274,4.0,3.0,0.5133,-3.3376,0.3541,0.2077,-0.7424,0.0028,738.442,-0.885,0.3061,0.3223,0.7424,0.0,151.854
0.9743,-10.823,0.1021,0.1747,0.039,0.1515,0.7899,248454.61,0.1591,4.1409,12.423,2.0,1.0,0.155,-1.7216,0.1256,0.1411,0.0156,0.0155,0.9055,-2.6137,0.3415,0.3758,0.9743,0.039,158.7057
0.4737,-20.5286,0.0235,0.0,0.0,0.0428,0.6799,306654.1,0.6517,5.1109,12.6335,4.0,0.0,0.3087,-13.3778,0.443,0.0235,-0.6517,0.001,648.1924,-4.0166,0.2674,0.3197,0.6799,0.0,157.619
0.5274,-8.7239,0.1308,0.3158,0.2322,0.2297,0.4968,227851.14,0.4069,3.7975,12.3365,1.0,2.0,0.2146,-3.5495,0.2021,0.363,-0.0911,0.03,1.2842,-2.2973,0.3342,0.1484,0.5274,0.1308,127.2687
0.7192,-10.1605,0.0557,0.1719,0.0785,0.0243,0.6501,242348.44,0.5705,4.0391,12.3981,2.0,1.0,0.4103,-5.7962,0.3709,0.1342,-0.3985,0.0014,3.2987,-2.5155,0.3243,0.3078,0.7192,0.0243,153.3339
0.453,-8.5764,0.0235,0.273,0.2946,0.0876,0.7241,387688.1,0.4968,6.4615,12.868,4.0,2.0,0.225,-4.2607,0.3597,0.3181,-0.2238,0.0021,1.8129,-1.3273,0.3361,0.2433,0.7241,0.0235,108.7198
0.6958,-11.174,0.0235,0.0,0.0,0.4021,0.604,231637.98,0.5862,3.8606,12.3529,2.0,1.0,0.4079,-6.5502,0.3541,0.0235,-0.5862,0.0094,583.0747,-2.8944,0.3302,0.314,0.6958,0.0,100.2988
0.5736,-16.9796,0.0446,0.0,0.1131,0.047,0.3839,281202.16,0.8981,4.6867,12.5468,3.0,0.0,0.5152,-15.2499,0.3448,0.1576,-0.8981,0.0021,893.345,-3.6229,0.2943,0.34,0.8981,0.0,120.1649
0.7171,-14.5812,0.0817,0.514,0.3601,0.0243,0.3068,291488.12,0.5285,4.8581,12.5828,4.0,0.0,0.379,-7.7057,0.1621,0.4418,-0.0145,0.002,1.0262,-3.0014,0.3618,0.2492,0.7171,0.0243,118.8924
0.5048,-4.9172,0.0935,0.0377,0.0,0.0243,0.5277,230128.75,0.9651,3.8355,12.3464,1.0,3.0,0.4872,-4.7457,0.5093,0.0935,-0.9275,0.0023,24.9566,-1.282,0.3076,0.3682,0.9651,0.0,163.8257
0.9134,-10.5848,0.0937,0.0659,0.4106,0.1336,0.978,218971.7,0.4865,3.6495,12.2967,1.0,1.0,0.4444,-5.1499,0.4758,0.5044,-0.4206,0.0125,7.2736,-2.9003,0.4403,0.3809,0.978,0.0659,103.0266
0.4023,-16.1451,0.0595,0.111,0.0,0.2961,0.8821,282376.5,0.3189,4.7063,12.551,3.0,0.0,0.1283,-5.1481,0.2813,0.0595,-0.2078,0.0176,2.8465,-3.4305,0.2957,0.2981,0.8821,0.0,86.6358
0.8581,-5.8095,0.1689,0.4565,0.0523,0.3231,0.4736,273418.7,0.2899,4.557,12.5188,3.0,3.0,0.2487,-1.684,0.1373,0.2211,0.1666,0.0546,0.6336,-1.2749,0.3746,0.2602,0.8581,0.0523,74.8783
0.6308,-15.269,0.0536,0.3287,0.0,0.2387,0.96,232493.84,0.0305,3.8749,12.3566,2.0,0.0,0.0192,-0.4652,0.0292,0.0536,0.2983,0.0128,0.0924,-3.9405,0.3203,0.3583,0.96,0.0,91.7978
0.7417,-16.9285,0.112,0.0696,0.0,0.1526,0.4023,165845.53,0.3395,2.7641,12.0188,0.0,0.0,0.2518,-5.7478,0.1366,0.112,-0.2699,0.0171,4.8077,-6.1244,0.2597,0.2569,0.7417,0.0,135.3664
0.7459,-5.2646,0.0766,0.7174,0.0,0.114,0.9479,321784.72,0.4075,5.3631,12.6816,4.0,3.0,0.3039,-2.1451,0.3862,0.0766,0.31,0.0087,0.5671,-0.9816,0.4299,0.3788,0.9479,0.0,128.3364
0.4238,-5.6209,0.1176,0.1705,0.0,0.2158,0.6513,296023.7,0.5595,4.9337,12.5982,4.0,3.0,0.2371,-3.1447,0.3644,0.1176,-0.389,0.0254,3.2627,-1.1393,0.3055,0.2426,0.6513,0.0,112.1207
0.8036,-6.0691,0.1385,0.338,0.0,0.0933,0.6378,236523.92,0.1724,3.9421,12.3738,2.0,3.0,0.1385,-1.0463,0.11,0.1385,0.1656,0.0129,0.5086,-1.5396,0.3119,0.3009,0.8036,0.0,70.1411
0.5347,-4.8658,0.1749,0.1334,0.5035,0.0606,0.5278,275319.84,0.4838,4.5887,12.5257,3.0,3.0,0.2587,-2.3541,0.2553,0.6784,-0.3504,0.0106,3.5987,-1.0604,0.3455,0.2115,0.5347,0.0606,125.4601
0.7392,-12.7902,0.0562,0.3838,0.056,0.2434,0.7492,284970.72,0.0145,4.7495,12.5601,3.0,0.0,0.0107,-0.185,0.0108,0.1122,0.3693,0.0137,0.0376,-2.6929,0.3203,0.3169,0.7492,0.0145,98.9958
0.6154,-4.2767,0.0544,0.0113,0.0,0.1833,0.3745,217103.05,0.6623,3.6184,12.2881,1.0,3.0,0.4076,-2.8326,0.2481,0.0544,-0.6511,0.01,53.9798,-1.1819,0.2716,0.2822,0.6623,0.0,141.3479
0.5436,-5.8595,0.0777,0.36,0.0,0.0243,0.5927,233673.1,0.2685,3.8946,12.3617,2.0,3.0,0.1459,-1.5731,0.1591,0.0777,0.0916,0.0019,0.7436,-1.5045,0.2667,0.244,0.5927,0.0,119.7185
0.8431,-4.9884,0.1013,0.2578,0.1328,0.2905,0.8732,203571.94,0.4189,3.3929,12.2238,1.0,3.0,0.3532,-2.0895,0.3658,0.2341,-0.1611,0.0294,1.6187,-1.4703,0.4168,0.3192,0.8732,0.1013,54.9336
0.6539,-1.357,0.125,0.525,0.2368,0.129,0.2501,249982.9,0.4875,4.1664,12.4292,2.0,4.0,0.3188,-0.6615,0.1219,0.3618,0.0375,0.0161,0.9268,-0.3257,0.3439,0.2097,0.6539,0.125,105.1556
0.7093,-12.1458,0.0966,0.096,0.0,0.345,0.6713,224095.25,0.539,3.7349,12.3198,1.0,1.0,0.3823,-6.5466,0.3618,0.0966,-0.443,0.0333,5.557,-3.252,0.351,0.2942,0.7093,0.0,100.5496
0.6907,-3.1146,0.0568,0.2409,0.3201,0.0243,0.268,246869.4,0.2105,4.1145,12.4166,2.0,4.0,0.1454,-0.6555,0.0564,0.3769,0.0304,0.0014,0.8702,-0.757,0.2587,0.2194,0.6907,0.0243,111.299
0.6985,-5.8488,0.0519,0.2869,0.3295,0.0243,0.6248,343312.88,0.6064,5.7219,12.7464,4.0,3.0,0.4236,-3.5467,0.3789,0.3814,-0.3195,0.0013,2.106,-1.0222,0.3746,0.2762,0.6985,0.0243,115.3245
0.7175,-6.948,0.0235,0.0975,0.099,0.2258,0.4589,321881.1,0.7018,5.3647,12.6819,4.0,2.0,0.5035,-4.8761,0.322,0.1225,-0.6043,0.0053,7.122,-1.2951,0.332,0.2936,0.7175,0.0235,118.1936
0.656,-8.7233,0.0623,0.0,0.0,0.1191,0.661,221531.16,0.6875,3.6922,12.3083,1.0,2.0,0.4511,-5.9976,0.4545,0.0623,-0.6875,0.0074,683.8678,-2.3626,0.3123,0.3355,0.6875,0.0,126.5286
0.7109,-6.3836,0.1237,0.1347,0.0318,0.0973,0.2898,220843.75,0.5195,3.6807,12.3052,1.0,3.0,0.3693,-3.3161,0.1505,0.1556,-0.3847,0.012,3.827,-1.7343,0.2725,0.2527,0.7109,0.0318,122.3567
0.8175,-11.9063,0.0235,0.0,0.1035,0.2031,0.2443,132998.3,0.6113,2.2166,11.7981,0.0,1.0,0.4998,-7.2787,0.1494,0.127,-0.6113,0.0048,608.074,-5.3713,0.2862,0.3112,0.8175,0.0,105.0999
0.6985,-11.3947,0.0235,0.3301,0.1526,0.1834,0.6023,357655.72,0.2054,5.9609,12.7873,4.0,1.0,0.1435,-2.3405,0.1237,0.1761,0.1247,0.0043,0.6204,-1.9116,0.3137,0.2485,0.6985,0.0235,69.552
0.6809,-9.6562,0.0235,0.3356,0.0534,0.2358,0.7896,180583.75,0.0235,3.0097,12.104,0.0,1.0,0.016,-0.2266,0.0185,0.0769,0.3121,0.0055,0.0697,-3.2083,0.306,0.3172,0.7896,0.0235,128.9745
0.59,-4.8744,0.1303,0.2028,0.0058,0.1456,0.5927,266801.94,0.7383,4.4467,12.4943,3.0,3.0,0.4356,-3.5986,0.4376,0.1361,-0.5355,0.019,3.6229,-1.0962,0.3436,0.2879,0.7383,0.0058,122.2883
0.6221,-3.5691,0.0235,0.1539,0.013,0.1928,0.0256,229080.95,0.4645,3.818,12.3418,1.0,4.0,0.289,-1.6577,0.0119,0.0365,-0.3106,0.0045,2.9994,-0.9348,0.2136,0.24,0.6221,0.013,102.7701
0.7501,-7.8955,0.1326,0.3929,0.0728,0.27,0.3615,293677.53,0.2525,4.8946,12.5902,4.0,2.0,0.1894,-1.9933,0.0913,0.2054,0.1404,0.0358,0.6409,-1.6131,0.3189,0.2218,0.7501,0.0728,123.7091
0.5432,-5.453,0.0235,0.3931,0.0687,0.3833,0.7765,331216.97,0.5471,5.5203,12.7105,4.0,3.0,0.2971,-2.9832,0.4248,0.0922,-0.154,0.009,1.3883,-0.9878,0.3908,0.2693,0.7765,0.0235,83.7323
0.7638,-2.6713,0.0235,0.0,0.0,0.0953,0.667,285425.03,0.9771,4.7571,12.5617,3.0,4.0,0.7463,-2.6103,0.6517,0.0235,-0.9771,0.0022,971.9238,-0.5615,0.361,0.4244,0.9771,0.0,174.8034
0.554,-10.9465,0.0792,0.0446,0.0019,0.0942,0.4169,232671.77,0.9343,3.8779,12.3574,2.0,1.0,0.5176,-10.2277,0.3895,0.0811,-0.8898,0.0075,20.5067,-2.8228,0.3036,0.3478,0.9343,0.0019,47.5209
0.878,-8.4777,0.0829,0.3524,0.0525,0.3004,0.47,300598.34,0.3279,5.01,12.6135,4.0,2.0,0.2879,-2.7796,0.1541,0.1354,0.0245,0.0249,0.9278,-1.6922,0.352,0.2757,0.878,0.0525,116.1249
0.5159,-11.1566,0.0385,0.2933,0.2929,0.0243,0.7186,233215.19,0.3312,3.8869,12.3597,2.0,1.0,0.1709,-3.6951,0.238,0.3314,-0.0379,0.0009,1.1252,-2.8703,0.3164,0.2468,0.7186,0.0243,85.9722
0.4831,-11.6826,0.0987,0.0696,0.0,0.3768,0.7716,243844.12,0.7377,4.0641,12.4043,2.0,1.0,0.3564,-8.6179,0.5692,0.0987,-0.6681,0.0372,10.4465,-2.8746,0.3625,0.3188,0.7716,0.0,123.8312
0.5644,-6.4515,0.0792,0.2409,0.0126,0.0243,0.6112,300594.34,0.7726,5.0099,12.6135,4.0,3.0,0.436,-4.9844,0.4722,0.0918,-0.5317,0.0019,3.1935,-1.2877,0.3293,0.3149,0.7726,0.0126,96.5775
0.6513,-16.0798,0.0762,0.0717,0.0895,0.3486,0.5325,245724.64,0.7894,4.0954,12.412,2.0,0.0,0.5142,-12.6934,0.4204,0.1657,-0.7177,0.0266,10.8553,-3.9263,0.3656,0.2988,0.7894,0.0717,146.8636
0.5969,-1.357,0.0908,0.6117,0.0,0.0954,0.0256,294975.7,0.5979,4.9163,12.5947,4.0,4.0,0.3569,-0.8113,0.0153,0.0908,0.0138,0.0087,0.9758,-0.276,0.2883,0.2955,0.6117,0.0,174.1137
0.6813,-11.3854,0.1575,0.5095,0.0106,0.188,0.7713,182791.58,0.1362,3.0465,12.1161,0.0,1.0,0.0928,-1.5507,0.105,0.1681,0.3733,0.0296,0.2668,-3.7372,0.3506,0.2991,0.7713,0.0106,146.4824
0.6389,-14.8676,0.0235,0.995,0.2369,0.187,0.4476,290950.9,0.1038,4.8492,12.5809,3.0,0.0,0.0663,-1.5433,0.0465,0.2604,0.8912,0.0044,0.1042,-3.066,0.3761,0.3442,0.995,0.0235,95.4592
0.8113,-6.9671,0.1186,0.6645,0.2255,0.0243,0.5344,352396.03,0.9063,5.8733,12.7725,4.0,2.0,0.7354,-6.3145,0.4843,0.3441,-0.2419,0.0029,1.3619,-1.1862,0.4693,0.349,0.9063,0.0243,77.8252
0.8443,-10.6827,0.1116,0.5698,0.0596,0.0901,0.978,215870.28,0.2924,3.5978,12.2824,1.0,1.0,0.2469,-3.1236,0.286,0.1712,0.2774,0.0101,0.5123,-2.9692,0.4208,0.3795,0.978,0.0596,128.2454
0.6668,-13.5945,0.0235,0.3071,0.0,0.0962,0.8728,173098.89,0.1575,2.885,12.0616,0.0,0.0,0.105,-2.1407,0.1374,0.0235,0.1496,0.0023,0.5112,-4.7122,0.3034,0.3393,0.8728,0.0,70.7058
0.9364,-11.6936,0.0466,0.1179,0.0,0.0243,0.293,255600.17,0.7518,4.26,12.4514,2.0,1.0,0.704,-8.7913,0.2203,0.0466,-0.6339,0.0011,6.3223,-2.745,0.31,0.3812,0.9364,0.0,93.5591
0.7535,-7.9285,0.1628,0.2595,0.0,0.1544,0.7907,284070.9,0.2837,4.7345,12.557,3.0,2.0,0.2138,-2.249,0.2243,0.1628,-0.0241,0.0251,1.0888,-1.6746,0.3435,0.3069,0.7907,0.0,114.6281
0.363,-7.6979,0.0836,0.4468,0.0,0.053,0.3918,332088.1,0.2797,5.5348,12.7132,4.0,2.0,0.1016,-2.1534,0.1096,0.0836,0.167,0.0044,0.6247,-1.3908,0.2311,0.1821,0.4468,0.0,143.667
0.6836,-14.5279,0.0328,0.0842,0.0,0.337,0.6224,230455.39,0.3695,3.8409,12.3478,2.0,0.0,0.2526,-5.3676,0.2299,0.0328,-0.2853,0.0111,4.3372,-3.7824,0.3042,0.2784,0.6836,0.0,151.1259
0.3297,-6.5368,0.0916,0.5365,0.098,0.0243,0.405,226243.78,0.845,3.7707,12.3294,1.0,3.0,0.2786,-5.5236,0.3423,0.1895,-0.3085,0.0022,1.5721,-1.7336,0.3329,0.2937,0.845,0.0243,156.3836
0.975,-2.8231,0.1244,0.276,0.0,0.0948,0.5727,249817.03,0.9671,4.1636,12.4285,2.0,4.0,0.943,-2.7303,0.5539,0.1244,-0.6912,0.0118,3.4919,-0.678,0.43,0.4124,0.975,0.0,109.9134
0.688,-7.5578,0.106,0.3818,0.1111,0.0243,0.5662,297786.47,0.3385,4.9631,12.6041,4.0,2.0,0.2329,-2.5581,0.1916,0.2171,0.0434,0.0026,0.8841,-1.5228,0.3165,0.2507,0.688,0.0243,128.2359
0.5086,-9.598,0.1489,0.7379,0.0798,0.0243,0.6039,240531.81,0.6565,4.0089,12.3906,2.0,1.0,0.3339,-6.3008,0.3964,0.2287,0.0815,0.0036,0.8884,-2.3942,0.3943,0.3,0.7379,0.0243,58.4992
0.5343,-1.357,0.1477,0.2801,0.1388,0.2089,0.4051,226782.8,0.4945,3.7797,12.3318,1.0,4.0,0.2642,-0.671,0.2003,0.2866,-0.2144,0.0309,1.7591,-0.359,0.3156,0.1632,0.5343,0.1388,180.8543
0.6965,-8.1925,0.069,0.2498,0.2709,0.2789,0.3745,359919.8,0.0989,5.9987,12.7936,4.0,2.0,0.0689,-0.81,0.037,0.3399,0.151,0.0193,0.3941,-1.3657,0.2912,0.2081,0.6965,0.069,91.9263
0.813,-3.3502,0.1029,0.2775,0.0,0.4518,0.8126,121232.164,0.837,2.0205,11.7055,0.0,4.0,0.6805,-2.8041,0.6801,0.1029,-0.5595,0.0465,3.0052,-1.6581,0.4707,0.3565,0.837,0.0,115.9551
0.4379,-13.0648,0.0235,0.0,0.0,0.1599,0.5671,357981.1,0.9244,5.9664,12.7882,4.0,0.0,0.4048,-12.0771,0.5243,0.0235,-0.9244,0.0038,919.4716,-2.1898,0.3018,0.355,0.9244,0.0,88.6916
0.6849,-17.781,0.0889,0.7342,0.0,0.0243,0.8376,182331.58,0.8227,3.0389,12.1136,0.0,0.0,0.5634,-14.6279,0.6891,0.0889,-0.0884,0.0022,1.1189,-5.8512,0.4561,0.3956,0.8376,0.0,152.7465
0.5095,-16.151,0.0235,0.0,0.1823,0.1736,0.0256,166438.77,0.8271,2.774,12.0224,0.0,0.0,0.4215,-13.3591,0.0212,0.2058,-0.8271,0.0041,822.7235,-5.8223,0.2488,0.3096,0.8271,0.0,137.9833
0.5396,-13.8134,0.0585,0.2448,0.0896,0.1695,0.978,242058.9,0.2595,4.0343,12.3969,2.0,0.0,0.14,-3.5841,0.2538,0.148,-0.0146,0.0099,1.0554,-3.424,0.3342,0.3249,0.978,0.0585,162.6939
0.8447,-14.5529,0.0671,0.6397,0.184,0.0243,0.2481,332268.88,0.6027,5.5378,12.7137,4.0,0.0,0.5091,-8.7706,0.1495,0.251,0.037,0.0016,0.9406,-2.6279,0.3729,0.3196,0.8447,0.0243,91.1528
0.4881,-12.4849,0.0567,0.1316,0.0581,0.2448,0.6244,239715.0,0.3444,3.9952,12.3872,2.0,0.0,0.1681,-4.2998,0.215,0.1148,-0.2128,0.0139,2.5976,-3.1249,0.2783,0.2192,0.6244,0.0567,107.5102
0.5844,-13.866,0.2049,0.1917,0.0229,0.1496,0.4575,173731.48,0.3879,2.8955,12.0653,0.0,0.0,0.2267,-5.3781,0.1775,0.2278,-0.1962,0.0306,2.013,-4.7888,0.2856,0.1967,0.5844,0.0229,83.8602
0.3786,-18.342,0.0235,0.3323,0.0,0.1801,0.7347,300523.3,0.5347,5.0087,12.6133,4.0,0.0,0.2024,-9.8069,0.3928,0.0235,-0.2024,0.0042,1.6043,-3.662,0.312,0.268,0.7347,0.0,78.9938
0.8395,-14.9679,0.0564,0.7167,0.0595,0.4977,0.7447,284970.8,0.0758,4.7495,12.5601,3.0,0.0,0.0636,-1.1346,0.0564,0.1159,0.6409,0.0281,0.1056,-3.1514,0.4272,0.3549,0.8395,0.0564,83.199
0.4538,-10.4786,0.055,0.3056,0.0,0.0243,0.2778,240756.64,0.9701,4.0126,12.3915,2.0,1.0,0.4402,-10.165,0.2695,0.055,-0.6644,0.0013,3.1636,-2.6114,0.2981,0.3414,0.9701,0.0,68.4476
0.6645,-21.2414,0.0375,0.5397,0.195,0.1428,0.2954,226023.25,0.7161,3.7671,12.3284,1.0,0.0,0.4759,-15.2117,0.2116,0.2325,-0.1765,0.0054,1.3246,-5.6387,0.3701,0.2688,0.7161,0.0375,112.4827
0.3907,-14.729,0.0235,0.0,0.1549,0.3981,0.5348,301829.84,0.8227,5.0305,12.6176,4.0,0.0,0.3214,-12.117,0.4399,0.1784,-0.8227,0.0094,818.2807,-2.9279,0.3321,0.2962,0.8227,0.0,121.1196
0.6644,-7.1721,0.0294,0.2631,0.0067,0.2149,0.7524,63973.0,0.3465,1.0662,11.0662,0.0,2.0,0.2302,-2.4849,0.2607,0.036,-0.0834,0.0063,1.3119,-6.7267,0.3253,0.2895,0.7524,0.0067,124.955
0.4898,-3.8765,0.0949,0.3907,0.0,0.0243,0.5559,252318.28,0.5689,4.2053,12.4385,2.0,4.0,0.2786,-2.2052,0.3162,0.0949,-0.1781,0.0023,1.4522,-0.9218,0.3035,0.255,0.5689,0.0,128.6074
0.6375,-8.8186,0.0235,0.5271,0.2341,0.1371,0.5271,218540.8,0.1419,3.6423,12.2947,1.0,2.0,0.0904,-1.2511,0.0748,0.2576,0.3852,0.0032,0.2686,-2.4211,0.3183,0.2405,0.6375,0.0235,175.8244
0.4611,-10.2341,0.0235,0.2935,0.0,0.2425,0.5619,252467.73,0.2662,4.2078,12.439,2.0,1.0,0.1227,-2.7243,0.1496,0.0235,0.0273,0.0057,0.904,-2.4322,0.2641,0.2067,0.5619,0.0,145.5925
0.8238,-10.0387,0.0235,0.0,0.0,0.1394,0.3979,227939.1,0.7865,3.799,12.3368,1.0,1.0,0.6479,-7.8958,0.313,0.0235,-0.7865,0.0033,782.34,-2.6425,0.3102,0.3656,0.8238,0.0,101.899
0.5273,-8.2413,0.0235,0.5549,0.0,0.2437,0.7431,166899.92,0.0371,2.7817,12.0252,0.0,2.0,0.0196,-0.306,0.0276,0.0235,0.5178,0.0057,0.0668,-2.9627,0.3042,0.3032,0.7431,0.0,97.7333
0.5028,-11.1849,0.0235,0.5395,0.0898,0.2546,0.0256,336940.8,0.9725,5.6157,12.7277,4.0,1.0,0.489,-10.877,0.0249,0.1133,-0.433,0.006,1.7992,-1.9917,0.344,0.35,0.9725,0.0235,141.0222
0.6778,-15.3988,0.0413,0.1637,0.1013,0.0243,0.4526,278947.0,0.6018,4.6491,12.5388,3.0,0.0,0.4079,-9.267,0.2724,0.1427,-0.4381,0.001,3.6546,-3.3122,0.2947,0.2762,0.6778,0.0243,86.6802
0.623,-1.357,0.1908,0.4889,0.2947,0.0243,0.2459,281247.84,0.78,4.6875,12.547,3.0,4.0,0.4859,-1.0585,0.1918,0.4855,-0.2911,0.0046,1.5921,-0.2895,0.3782,0.2641,0.78,0.0243,119.2545
0.7556,-5.0672,0.1374,0.0449,0.0957,0.2171,0.5765,302838.44,0.5875,5.0473,12.621,4.0,3.0,0.4439,-2.9768,0.3387,0.2331,-0.5426,0.0298,12.8088,-1.0039,0.3449,0.2866,0.7556,0.0449,125.0992
0.3375,-6.6276,0.0235,0.0974,0.1116,0.1648,0.4041,264259.84,0.6518,4.4043,12.4847,3.0,3.0,0.22,-4.3198,0.2634,0.1351,-0.5544,0.0039,6.6255,-1.5048,0.2558,0.2212,0.6518,0.0235,129.7323
0.7692,-13.9732,0.054,0.0633,0.0,0.0578,0.4378,325023.22,0.9241,5.4171,12.6917,4.0,0.0,0.7108,-12.9131,0.4046,0.054,-0.8608,0.0031,14.3685,-2.5795,0.3295,0.3846,0.9241,0.0,125.2564
0.8287,-5.8172,0.1581,0.1396,0.0,0.1619,0.5712,220422.61,0.8363,3.6737,12.3033,1.0,3.0,0.693,-4.8647,0.4777,0.1581,-0.6966,0.0256,5.9461,-1.5835,0.3851,0.3523,0.8363,0.0,119.0242
0.5689,-16.1276,0.0842,0.1887,0.1529,0.2347,0.6246,293828.3,0.2909,4.8971,12.5908,4.0,0.0,0.1655,-4.691,0.1817,0.2371,-0.1022,0.0198,1.5335,-3.2933,0.3064,0.2091,0.6246,0.0842,81.843
0.8459,-7.1319,0.0789,0.0,0.0,0.0908,0.3496,237576.86,0.7737,3.9596,12.3783,2.0,2.0,0.6544,-5.5177,0.2705,0.0789,-0.7737,0.0072,769.542,-1.8012,0.3056,0.3645,0.8459,0.0,92.2927
0.6833,-17.9075,0.0235,0.995,0.0853,0.0871,0.5738,167921.28,0.0683,2.7987,12.0313,0.0,0.0,0.0467,-1.2237,0.0392,0.1088,0.9267,0.002,0.0686,-6.3985,0.3595,0.3877,0.995,0.0235,142.8948
0.4615,-8.8024,0.0638,0.3931,0.1413,0.0243,0.7176,352625.7,0.9081,5.8771,12.7732,4.0,2.0,0.4191,-7.9938,0.6517,0.2051,-0.5151,0.0016,2.3045,-1.4977,0.3871,0.3374,0.9081,0.0243,91.0543
0.4839,-11.0378,0.1539,0.2723,0.0,0.0243,0.8362,277589.4,0.7185,4.6265,12.5339,3.0,1.0,0.3477,-7.9303,0.6008,0.1539,-0.4461,0.0037,2.6284,-2.3858,0.3556,0.3324,0.8362,0.0,144.1175
0.8579,-14.3712,0.0779,0.3886,0.0,0.0243,0.7721,310866.8,0.5119,5.1811,12.6471,4.0,0.0,0.4391,-7.3562,0.3952,0.0779,-0.1232,0.0019,1.3137,-2.7738,0.3761,0.3563,0.8579,0.0,136.493
0.6363,-13.8268,0.0235,0.2449,0.1809,0.3138,0.857,142322.95,0.0709,2.372,11.8659,0.0,0.0,0.0451,-0.9799,0.0607,0.2044,0.174,0.0074,0.2882,-5.8291,0.3325,0.3061,0.857,0.0235,102.8886
0.7344,-5.7728,0.0661,0.4246,0.4475,0.0745,0.786,172365.33,0.5159,2.8728,12.0574,0.0,3.0,0.3789,-2.978,0.4055,0.5136,-0.0913,0.0049,1.2121,-2.0095,0.4356,0.2845,0.786,0.0661,94.881
0.6765,-3.9033,0.0542,0.1811,0.0,0.0243,0.8382,216437.86,0.3172,3.6073,12.2851,1.0,4.0,0.2146,-1.2381,0.2659,0.0542,-0.1361,0.0013,1.7419,-1.0821,0.2988,0.3347,0.8382,0.0,121.9985
0.8431,-17.0426,0.0876,0.0,0.077,0.2817,0.589,170700.3,0.3897,2.845,12.0477,0.0,0.0,0.3286,-6.6421,0.2295,0.1646,-0.3897,0.0247,387.6555,-5.9904,0.324,0.3076,0.8431,0.0,140.0949
0.6382,-1.357,0.0235,0.1902,0.1526,0.1614,0.3945,205547.3,0.3668,3.4258,12.2334,1.0,4.0,0.2341,-0.4977,0.1447,0.1761,-0.1766,0.0038,1.9186,-0.3961,0.2753,0.2053,0.6382,0.0235,122.4869
0.8905,-5.8572,0.0615,0.3814,0.0,0.0243,0.3624,266484.7,0.6419,4.4414,12.4931,3.0,3.0,0.5716,-3.7596,0.2326,0.0615,-0.2605,0.0015,1.6785,-1.3188,0.3374,0.3389,0.8905,0.0,99.7246
0.4884,-19.6877,0.0235,0.3059,0.1445,0.1327,0.4539,302615.8,0.1879,5.0436,12.6202,4.0,0.0,0.0918,-3.7,0.0853,0.168,0.118,0.0031,0.6123,-3.9035,0.2481,0.174,0.4884,0.0235,149.8682
0.8786,-5.581,0.0235,0.1816,0.1266,0.0947,0.4466,230122.22,0.5168,3.8354,12.3464,1.0,3.0,0.454,-2.8842,0.2308,0.1501,-0.3352,0.0022,2.8307,-1.4551,0.324,0.306,0.8786,0.0235,110.5934
0.6528,-15.5307,0.0795,0.3589,0.294,0.1119,0.5547,125746.88,0.0151,2.0958,11.742,0.0,0.0,0.0098,-0.234,0.0084,0.3735,0.3438,0.0089,0.0419,-7.4104,0.2953,0.2442,0.6528,0.0151,125.6128
0.5539,-17.6579,0.0865,0.1135,0.0,0.2741,0.6074,235595.83,0.2988,3.9266,12.3699,2.0,0.0,0.1655,-5.2762,0.1815,0.0865,-0.1853,0.0237,2.6088,-4.497,0.2763,0.2331,0.6074,0.0,148.8899
0.5393,-2.9575,0.0235,0.995,0.2579,0.203,0.0256,325829.88,0.3354,5.4305,12.6941,4.0,4.0,0.1809,-0.9919,0.0086,0.2814,0.6596,0.0048,0.3367,-0.5446,0.34,0.3399,0.995,0.0235,175.998
0.8167,-4.7264,0.0871,0.2459,0.2814,0.0243,0.5868,245048.47,0.7539,4.0841,12.4092,2.0,3.0,0.6157,-3.563,0.4424,0.3685,-0.508,0.0021,3.0532,-1.1572,0.3994,0.319,0.8167,0.0243,76.4131
0.3595,-7.8572,0.127,0.2537,0.2345,0.26,0.6419,183573.8,0.2789,3.0596,12.1204,1.0,2.0,0.1003,-2.1911,0.179,0.3615,-0.0251,0.033,1.0948,-2.5681,0.3079,0.1625,0.6419,0.127,103.1545
0.7435,-6.019,0.0235,0.474,0.2909,0.1601,0.5839,222623.92,0.632,3.7104,12.3132,1.0,3.0,0.4699,-3.804,0.369,0.3144,-0.158,0.0038,1.3306,-1.6222,0.4154,0.2648,0.7435,0.0235,177.7946
0.4936,-10.7128,0.1539,0.0,0.0,0.0243,0.6513,252441.3,0.9928,4.2074,12.4389,2.0,1.0,0.4901,-10.6357,0.6466,0.1539,-0.9928,0.0037,987.507,-2.5462,0.3308,0.3898,0.9928,0.0,172.7071
0.5344,-1.357,0.0235,0.3045,0.0914,0.2359,0.7694,211876.56,0.6762,3.5313,12.2638,1.0,4.0,0.3614,-0.9176,0.5203,0.1149,-0.3717,0.0055,2.2132,-0.3843,0.3765,0.2887,0.7694,0.0235,126.5929
0.6377,-9.0814,0.0701,0.6867,0.0,0.2975,0.5559,218948.38,0.0514,3.6491,12.2966,1.0,2.0,0.0328,-0.4668,0.0286,0.0701,0.6353,0.0208,0.0747,-2.4886,0.3285,0.2967,0.6867,0.0,129.5721
0.8411,-5.0297,0.0235,0.1824,0.1779,0.0583,0.4026,157989.69,0.7267,2.6332,11.9703,0.0,3.0,0.6112,-3.6549,0.2926,0.2014,-0.5443,0.0014,3.962,-1.9101,0.3446,0.3253,0.8411,0.0235,110.7746
0.6969,-1.357,0.0831,0.4875,0.2227,0.273,0.5355,336879.44,0.6338,5.6147,12.7275,4.0,4.0,0.4417,-0.8601,0.3394,0.3058,-0.1463,0.0227,1.2973,-0.2417,0.4189,0.2289,0.6969,0.0831,162.0378
0.7127,-7.0066,0.0976,0.316,0.016,0.4846,0.2377,273034.1,0.2692,4.5506,12.5174,3.0,2.0,0.1919,-1.8862,0.064,0.1136,0.0468,0.0473,0.8491,-1.5397,0.3049,0.2349,0.7127,0.016,129.0969
0.9134,-8.0738,0.084,0.5154,0.0135,0.0243,0.4418,331819.0,0.2558,5.5303,12.7123,4.0,2.0,0.2337,-2.0653,0.113,0.0975,0.2596,0.002,0.4953,-1.4599,0.3212,0.3282,0.9134,0.0135,79.1977
0.8876,-1.357,0.0838,0.1498,0.0915,0.337,0.5968,268910.78,0.5037,4.4818,12.5021,3.0,4.0,0.447,-0.6835,0.3006,0.1753,-0.3538,0.0282,3.3391,-0.3028,0.3786,0.3016,0.8876,0.0838,135.0339
0.5676,-4.665,0.0771,0.1949,0.077,0.1917,0.5677,336874.2,0.3637,5.6146,12.7275,4.0,3.0,0.2065,-1.6968,0.2065,0.1541,-0.1689,0.0148,1.8571,-0.8309,0.2914,0.2117,0.5677,0.077,147.6128
0.6464,-13.7221,0.1466,0.0658,0.2929,0.2827,0.978,166596.31,0.4825,2.7766,12.0233,0.0,0.0,0.3119,-6.6205,0.4719,0.4395,-0.4167,0.0414,7.2245,-4.9421,0.4135,0.3166,0.978,0.0658,64.2072
0.4967,-7.0014,0.125,0.0,0.0,0.1913,0.5517,225719.75,0.6209,3.762,12.3271,1.0,2.0,0.3084,-4.3474,0.3426,0.125,-0.6209,0.0239,617.6228,-1.8611,0.2837,0.2663,0.6209,0.0,99.4265
0.7671,-15.6202,0.0495,0.3858,0.039,0.2971,0.6101,244041.95,0.0658,4.0674,12.4051,2.0,0.0,0.0505,-1.0278,0.0401,0.0885,0.32,0.0147,0.1701,-3.8404,0.3163,0.2903,0.7671,0.039,96.0261
0.6643,-1.357,0.0681,0.2526,0.1433,0.1467,0.0256,137786.67,0.4195,2.2964,11.8335,0.0,4.0,0.2786,-0.5692,0.0107,0.2114,-0.1669,0.01,1.6542,-0.5909,0.2457,0.2257,0.6643,0.0256,129.656
0.4386,-5.2713,0.0535,0.0014,0.2106,0.0243,0.396,225110.4,0.9079,3.7518,12.3244,1.0,3.0,0.3983,-4.786,0.3595,0.2641,-0.9066,0.0013,382.8372,-1.405,0.2903,0.3244,0.9079,0.0014,134.5279
0.5471,-15.6769,0.1456,0.0,0.0,0.1833,0.3139,246042.98,0.7163,4.1007,12.4133,2.0,0.0,0.3919,-11.2299,0.2249,0.1456,-0.7163,0.0267,712.5143,-3.823,0.2723,0.2729,0.7163,0.0,137.4523
0.7206,-4.9264,0.0647,0.145,0.0,0.247,0.0256,316424.66,0.8498,5.2737,12.6648,4.0,3.0,0.6124,-4.1864,0.0218,0.0647,-0.7048,0.016,5.8211,-0.9341,0.2933,0.3479,0.8498,0.0,101.3379
0.7227,-8.9083,0.0725,0.0995,0.2369,0.1538,0.3416,217836.56,0.4847,3.6306,12.2915,1.0,2.0,0.3503,-4.3182,0.1656,0.3095,-0.3852,0.0112,4.821,-2.4537,0.3017,0.2351,0.7227,0.0725,128.5967
0.7376,-1.357,0.0235,0.3626,0.0,0.0394,0.4148,165831.84,0.4245,2.7639,12.0187,0.0,4.0,0.3131,-0.576,0.1761,0.0235,-0.0618,0.0009,1.1673,-0.491,0.2861,0.276,0.7376,0.0,137.2036
0.6976,-11.8499,0.0868,0.2451,0.161,0.2883,0.0256,265775.38,0.6321,4.4296,12.4904,3.0,1.0,0.441,-7.4907,0.0162,0.2477,-0.387,0.025,2.5686,-2.6752,0.3052,0.2619,0.6976,0.0256,134.9838
0.508,-16.374,0.1253,0.0,0.0,0.1923,0.0256,272297.4,0.9583,4.5383,12.5147,3.0,0.0,0.4869,-15.6917,0.0245,0.1253,-0.9583,0.0241,953.2241,-3.608,0.2585,0.3564,0.9583,0.0,187.6828
0.7556,-10.1839,0.0996,0.0,0.2959,0.0945,0.6899,283589.7,0.7148,4.7265,12.5553,3.0,1.0,0.5401,-7.2795,0.4931,0.3955,-0.7148,0.0094,710.989,-2.1546,0.3786,0.3319,0.7556,0.0,91.8711
0.5823,-6.2622,0.0235,0.2906,0.3765,0.3823,0.7547,263326.62,0.2976,4.3888,12.4812,3.0,3.0,0.1733,-1.8636,0.2246,0.4,-0.007,0.009,1.0207,-1.4269,0.3868,0.232,0.7547,0.0235,133.4051
0.6902,-10.4425,0.1881,0.5673,0.0,0.0243,0.8345,179768.72,0.8743,2.9961,12.0994,0.0,1.0,0.6034,-9.1296,0.7295,0.1881,-0.307,0.0046,1.5384,-3.4853,0.4541,0.3767,0.8743,0.0,98.1593
0.826,-4.7737,0.0235,0.2678,0.4667,0.173,0.638,185832.3,0.4105,3.0972,12.1326,1.0,3.0,0.3391,-1.9594,0.2619,0.4902,-0.1426,0.0041,1.5268,-1.5413,0.4008,0.2749,0.826,0.0235,87.7026
0.6048,-1.4626,0.064,0.1859,0.0,0.3179,0.2395,232896.28,0.2549,3.8816,12.3584,2.0,4.0,0.1541,-0.3728,0.061,0.064,-0.069,0.0203,1.3637,-0.3768,0.2381,0.1962,0.6048,0.0,135.5463
0.7056,-1.357,0.1431,0.1739,0.0984,0.069,0.5677,207908.14,0.764,3.4651,12.2449,1.0,4.0,0.5391,-1.0367,0.4337,0.2415,-0.5901,0.0099,4.3672,-0.3916,0.3602,0.3056,0.764,0.069,122.1209
0.7392,-8.665,0.0235,0.4169,0.4024,0.2457,0.3316,321667.2,0.8948,5.3611,12.6813,4.0,2.0,0.6614,-7.7534,0.2967,0.4259,-0.4779,0.0058,2.1413,-1.6163,0.4363,0.2947,0.8948,0.0235,131.0522
0.4875,-15.7828,0.125,0.7232,0.1809,0.1285,0.3375,174887.62,0.5032,2.9148,12.0719,0.0,0.0,0.2453,-7.9419,0.1698,0.3059,0.22,0.0161,0.6948,-5.4147,0.3551,0.2273,0.7232,0.125,79.1996
0.786,-6.4579,0.07,0.0446,0.1339,0.1313,0.5199,224355.86,0.2988,3.7393,12.321,1.0,3.0,0.2349,-1.9296,0.1554,0.2039,-0.2542,0.0092,6.558,-1.727,0.2835,0.2759,0.786,0.0446,112.0405
0.8037,-10.5607,0.1043,0.0759,0.1895,0.0243,0.5331,121370.83,0.8471,2.0228,11.7066,0.0,1.0,0.6809,-8.9463,0.4516,0.2939,-0.7713,0.0025,11.0199,-5.2207,0.3683,0.3539,0.8471,0.0243,73.6296
0.7869,-9.4539,0.0781,0.1887,0.0415,0.238,0.764,227469.7,0.2023,3.7912,12.3348,1.0,2.0,0.1592,-1.9128,0.1546,0.1196,-0.0136,0.0186,1.0663,-2.4937,0.3285,0.3132,0.7869,0.0415,175.9322
0.4816,-6.0915,0.0235,0.329,0.004,0.4116,0.6464,272030.8,0.0733,4.5338,12.5137,3.0,3.0,0.0353,-0.4463,0.0474,0.0275,0.2557,0.0097,0.222,-1.3436,0.2813,0.2514,0.6464,0.004,118.4364
0.3937,-1.357,0.0235,0.1728,0.1934,0.1715,0.7492,282839.75,0.5779,4.714,12.5526,3.0,4.0,0.2275,-0.7842,0.4329,0.2169,-0.405,0.004,3.3246,-0.2879,0.326,0.2593,0.7492,0.0235,105.2642
0.9082,-6.264,0.0235,0.6239,0.0749,0.2537,0.8289,340890.38,0.4185,5.6815,12.7393,4.0,3.0,0.3801,-2.6213,0.3469,0.0984,0.2055,0.006,0.6696,-1.1025,0.4474,0.3526,0.9082,0.0235,124.6103
0.6679,-1.357,0.1048,0.4205,0.1304,0.0559,0.2964,220423.17,0.5479,3.6737,12.3033,1.0,4.0,0.3659,-0.7435,0.1624,0.2352,-0.1273,0.0059,1.2997,-0.3694,0.3177,0.2365,0.6679,0.0559,65.0111
0.975,-6.9583,0.0235,0.3312,0.0424,0.1045,0.544,210470.4,0.3494,3.5078,12.2571,1.0,2.0,0.3407,-2.4312,0.1901,0.0659,-0.0182,0.0025,1.0519,-1.9836,0.3386,0.3389,0.975,0.0235,145.6034
0.5299,-10.7566,0.0768,0.4801,0.0662,0.1649,0.0256,249941.56,0.8783,4.1657,12.429,2.0,1.0,0.4654,-9.4472,0.0225,0.143,-0.3982,0.0127,1.8255,-2.5822,0.3174,0.3203,0.8783,0.0256,107.5889
0.4905,-1.357,0.1711,0.2212,0.1728,0.1597,0.7432,120619.81,0.7134,2.0103,11.7004,0.0,4.0,0.3499,-0.9681,0.5302,0.3438,-0.4922,0.0273,3.2102,-0.675,0.3817,0.2632,0.7432,0.1597,79.766
0.7358,-3.6645,0.1187,0.0688,0.0,0.0945,0.2754,248570.7,0.6115,4.1428,12.4235,2.0,4.0,0.4499,-2.2407,0.1684,0.1187,-0.5427,0.0112,8.764,-0.8845,0.2721,0.2889,0.7358,0.0,84.295
0.4819,-11.8262,0.1599,0.4451,0.0491,0.1415,0.8244,160745.36,0.0295,2.6791,11.9876,0.0,1.0,0.0142,-0.3485,0.0243,0.2089,0.4156,0.0226,0.0661,-4.4143,0.3045,0.2915,0.8244,0.0295,106.2505
0.6651,-3.0518,0.1633,0.0,0.155,0.0243,0.0581,283424.47,0.9964,4.7237,12.5547,3.0,4.0,0.6627,-3.0408,0.0579,0.3184,-0.9964,0.004,991.0878,-0.6461,0.2946,0.3835,0.9964,0.0,117.0701
0.562,-1.357,0.0749,0.0,0.0497,0.1688,0.6925,170982.33,0.4401,2.8497,12.0493,0.0,4.0,0.2474,-0.5973,0.3048,0.1247,-0.4401,0.0126,437.7868,-0.4762,0.284,0.2772,0.6925,0.0,118.1541
0.5316,-4.8901,0.0235,0.7191,0.4029,0.1045,0.6796,351732.12,0.2364,5.8622,12.7706,4.0,3.0,0.1257,-1.156,0.1607,0.4264,0.4827,0.0025,0.3283,-0.8342,0.3854,0.2744,0.7191,0.0235,156.0747
0.5835,-1.357,0.1229,0.3971,0.0889,0.1888,0.4105,223965.88,0.976,3.7328,12.3193,1.0,4.0,0.5695,-1.3244,0.4007,0.2118,-0.5789,0.0232,2.4518,-0.3635,0.3954,0.3119,0.976,0.0889,132.2621
0.591,-1.357,0.056,0.528,0.3396,0.0243,0.7548,263955.84,0.4899,4.3993,12.4835,3.0,4.0,0.2895,-0.6648,0.3698,0.3956,0.038,0.0014,0.9262,-0.3085,0.3977,0.2738,0.7548,0.0243,99.09
0.4928,-5.3913,0.0351,0.1846,0.1409,0.2789,0.978,351102.8,0.5169,5.8517,12.7688,4.0,3.0,0.2547,-2.7866,0.5055,0.176,-0.3322,0.0098,2.7843,-0.9213,0.3753,0.3197,0.978,0.0351,149.9614
0.4714,-10.6116,0.1293,0.0729,0.3358,0.2481,0.6056,234490.7,0.8763,3.9082,12.3652,2.0,1.0,0.4131,-9.2993,0.5307,0.4651,-0.8034,0.0321,11.8569,-2.7152,0.3914,0.2832,0.8763,0.0729,109.1875
0.6362,-1.357,0.0235,0.1613,0.0582,0.0582,0.271,291804.12,0.7079,4.8634,12.5838,4.0,4.0,0.4504,-0.9607,0.1918,0.0817,-0.5466,0.0014,4.3609,-0.279,0.2738,0.2852,0.7079,0.0235,103.0444
0.5693,-5.947,0.1636,0.2237,0.2571,0.0243,0.75,231416.3,0.4891,3.8569,12.352,2.0,3.0,0.2785,-2.9085,0.3668,0.4207,-0.2654,0.004,2.1767,-1.5419,0.3539,0.2559,0.75,0.0243,105.73
0.6228,-10.088,0.0235,0.2901,0.1112,0.2183,0.6624,212415.94,0.1351,3.5403,12.2663,1.0,1.0,0.0841,-1.3626,0.0895,0.1347,0.155,0.0051,0.464,-2.8495,0.2948,0.2521,0.6624,0.0235,129.5822
0.4767,-14.52,0.1367,0.0,0.0,0.0243,0.4638,251528.67,0.8341,4.1921,12.4353,2.0,0.0,0.3977,-12.1116,0.3868,0.1367,-0.8341,0.0033,829.6862,-3.4636,0.2765,0.322,0.8341,0.0,72.2216
0.3567,-7.8264,0.1092,0.0055,0.0,0.1556,0.5823,231174.34,0.4595,3.8529,12.3509,2.0,2.0,0.1639,-3.596,0.2676,0.1092,-0.4539,0.017,70.2346,-2.0313,0.2384,0.2294,0.5823,0.0,111.3674
0.6975,-3.0379,0.0235,0.0,0.1829,0.1536,0.5696,237329.44,0.5128,3.9555,12.3772,2.0,4.0,0.3577,-1.5578,0.2921,0.2064,-0.5128,0.0036,510.066,-0.768,0.3057,0.2821,0.6975,0.0,83.764
0.3599,-12.0906,0.075,0.2548,0.2338,0.0243,0.5739,337935.97,0.8231,5.6323,12.7306,4.0,1.0,0.2963,-9.9522,0.4724,0.3088,-0.5683,0.0018,3.2176,-2.1467,0.335,0.2819,0.8231,0.0243,133.0943
0.5419,-7.5306,0.1449,0.0,0.0,0.2619,0.5948,279527.1,0.4342,4.6588,12.5409,3.0,2.0,0.2353,-3.2698,0.2583,0.1449,-0.4342,0.038,431.8851,-1.6164,0.2825,0.2472,0.5948,0.0,103.7391
0.6765,-11.4347,0.0409,0.2909,0.0298,0.0243,0.5051,342485.72,0.7234,5.7081,12.744,4.0,1.0,0.4894,-8.2719,0.3654,0.0707,-0.4325,0.001,2.4782,-2.0032,0.3273,0.3093,0.7234,0.0243,160.9384
0.7125,-1.357,0.0546,0.0,0.0921,0.0948,0.3745,154883.38,0.5486,2.5814,11.9504,0.0,4.0,0.3909,-0.7445,0.2055,0.1467,-0.5486,0.0052,545.6752,-0.5257,0.2682,0.2787,0.7125,0.0,127.4134
0.5421,-3.7798,0.0235,0.0,0.0584,0.3546,0.5968,253973.4,0.6525,4.2329,12.445,2.0,4.0,0.3538,-2.4665,0.3894,0.0819,-0.6525,0.0083,649.0544,-0.893,0.3183,0.2877,0.6525,0.0,134.6916
0.4645,-9.6365,0.0235,0.5051,0.1834,0.3957,0.6642,181846.02,0.1541,3.0308,12.1109,0.0,1.0,0.0716,-1.4847,0.1023,0.2069,0.351,0.0093,0.3044,-3.1796,0.3415,0.2274,0.6642,0.0235,55.5675
0.5399,-4.8952,0.0776,0.239,0.0,0.0243,0.6344,252281.75,0.4175,4.2047,12.4383,2.0,3.0,0.2254,-2.0436,0.2648,0.0776,-0.1785,0.0019,1.7398,-1.1642,0.2761,0.2577,0.6344,0.0,98.9053
0.4083,-11.5697,0.0379,0.5088,0.0,0.4199,0.5207,270598.5,0.2042,4.51,12.5084,3.0,1.0,0.0834,-2.3625,0.1063,0.0379,0.3046,0.0159,0.4005,-2.5653,0.3,0.2185,0.5207,0.0,109.0505
0.6399,-15.1478,0.0235,0.0,0.2537,0.1227,0.7813,329523.5,0.7227,5.4921,12.7054,4.0,0.0,0.4624,-10.9468,0.5646,0.2772,-0.7227,0.0029,718.8138,-2.7581,0.3634,0.341,0.7813,0.0,131.2188
0.5835,-4.4914,0.085,0.0,0.1845,0.173,0.978,262479.44,0.4379,4.3747,12.4779,3.0,3.0,0.2555,-1.9666,0.4282,0.2695,-0.4379,0.0147,435.5322,-1.0267,0.3488,0.3435,0.978,0.0,124.235
0.5644,-14.8588,0.0235,0.3045,0.0782,0.1635,0.7691,210876.92,0.0827,3.5146,12.259,1.0,0.0,0.0467,-1.2283,0.0636,0.1017,0.2219,0.0038,0.2706,-4.2277,0.2837,0.2827,0.7691,0.0235,164.6512
0.3958,-2.079,0.1167,0.4423,0.0,0.0243,0.2749,236037.12,0.5393,3.934,12.3717,2.0,4.0,0.2135,-1.1212,0.1483,0.1167,-0.097,0.0028,1.2165,-0.5285,0.2562,0.2135,0.5393,0.0,170.7872
0.4424,-12.2768,0.0235,0.2695,0.0217,0.1316,0.6538,330546.25,0.1818,5.5091,12.7085,4.0,1.0,0.0804,-2.2319,0.1189,0.0452,0.0877,0.0031,0.672,-2.2285,0.2463,0.2318,0.6538,0.0217,95.1713
0.6512,-6.8355,0.0975,0.0,0.444,0.1667,0.6334,342052.7,0.9558,5.7009,12.7427,4.0,3.0,0.6224,-6.5334,0.6054,0.5416,-0.9558,0.0163,950.7042,-1.199,0.4212,0.3491,0.9558,0.0,83.9016
0.7476,-10.0527,0.0235,0.0,0.2227,0.0596,0.3513,184515.14,0.4794,3.0753,12.1255,1.0,1.0,0.3584,-4.8193,0.1684,0.2462,-0.4794,0.0014,476.8441,-3.2689,0.2692,0.2765,0.7476,0.0,99.6106
0.9336,-11.9934,0.1209,0.2568,0.2276,0.0243,0.3838,225087.97,0.5862,3.7515,12.3243,1.0,1.0,0.5472,-7.0305,0.225,0.3485,-0.3294,0.0029,2.2739,-3.197,0.3619,0.3106,0.9336,0.0243,133.6607
0.6395,-15.0984,0.0235,0.2236,0.0,0.3568,0.7056,289745.16,0.3182,4.8291,12.5768,3.0,0.0,0.2035,-4.8043,0.2245,0.0235,-0.0946,0.0084,1.4166,-3.1266,0.3239,0.2743,0.7056,0.0,100.5206
0.6986,-12.2328,0.1206,0.3949,0.3837,0.1325,0.7786,337949.03,0.1959,5.6325,12.7307,4.0,1.0,0.1368,-2.396,0.1525,0.5044,0.1991,0.016,0.4947,-2.1718,0.3864,0.2655,0.7786,0.1206,123.7663
0.5393,-4.5685,0.0235,0.0,0.0977,0.177,0.6048,216445.47,0.6368,3.6074,12.2851,1.0,3.0,0.3434,-2.9092,0.3851,0.1212,-0.6368,0.0042,633.405,-1.2664,0.297,0.2846,0.6368,0.0,106.6687
0.6346,-6.6434,0.1516,0.2969,0.0344,0.1416,0.7176,250850.48,0.2338,4.1808,12.4326,2.0,3.0,0.1484,-1.5532,0.1678,0.186,0.0631,0.0215,0.7848,-1.589,0.3158,0.2603,0.7176,0.0344,156.8235
0.5086,-11.9343,0.0235,0.0,0.1075,0.3889,0.8182,151760.89,0.4304,2.5293,11.9301,0.0,1.0,0.2189,-5.1365,0.3521,0.131,-0.4304,0.0091,428.1054,-4.7183,0.3253,0.2989,0.8182,0.0,109.1334
0.8599,-9.793,0.0964,0.237,0.0,0.1139,0.79,165563.75,0.2815,2.7594,12.0171,0.0,1.0,0.242,-2.7564,0.2223,0.0964,-0.0444,0.011,1.1824,-3.549,0.3398,0.3447,0.8599,0.0,100.3865
0.3907,-12.9368,0.0235,0.1625,0.0,0.2462,0.4906,213614.58,0.3934,3.5602,12.2719,1.0,0.0,0.1537,-5.0893,0.193,0.0235,-0.2309,0.0058,2.4066,-3.6337,0.2438,0.1913,0.4906,0.0,115.1642
0.6431,-7.5675,0.1607,0.3412,0.1346,0.2199,0.8793,312433.47,0.2934,5.2072,12.6522,4.0,2.0,0.1887,-2.2203,0.258,0.2953,0.0478,0.0353,0.8575,-1.4533,0.3817,0.2773,0.8793,0.1346,102.3719
0.484,-3.0379,0.0801,0.4623,0.0073,0.1718,0.5661,286987.7,0.9875,4.7831,12.5672,3.0,4.0,0.4779,-2.9998,0.559,0.0874,-0.5252,0.0138,2.1315,-0.6351,0.3942,0.3396,0.9875,0.0073,93.7945
0.5712,-7.8146,0.0606,0.5845,0.0,0.1409,0.775,177524.05,0.3849,2.9587,12.0869,0.0,2.0,0.2198,-3.0076,0.2983,0.0606,0.1996,0.0085,0.6573,-2.6412,0.3596,0.2986,0.775,0.0,88.0147
0.4769,-12.1214,0.0235,0.1459,0.0642,0.2414,0.3588,293567.28,0.7727,4.8928,12.5899,4.0,1.0,0.3685,-9.3666,0.2773,0.0877,-0.6269,0.0057,5.2614,-2.4774,0.2976,0.2638,0.7727,0.0235,78.286
0.5391,-3.0125,0.0235,0.2077,0.1208,0.2028,0.8658,218907.36,0.7195,3.6485,12.2964,1.0,4.0,0.3878,-2.1674,0.6229,0.1443,-0.5118,0.0048,3.4472,-0.8257,0.3827,0.3245,0.8658,0.0235,116.2394
0.975,-1.357,0.0235,0.3796,0.0785,0.1744,0.36,247081.94,0.2798,4.118,12.4175,2.0,4.0,0.2728,-0.3797,0.1007,0.102,0.0998,0.0041,0.7351,-0.3295,0.3244,0.317,0.975,0.0235,146.2066
0.7945,-10.7817,0.2045,0.3626,0.0436,0.1138,0.6695,354540.5,0.0863,5.909,12.7786,4.0,1.0,0.0686,-0.9308,0.0578,0.2481,0.2763,0.0233,0.2374,-1.8246,0.325,0.2988,0.7945,0.0436,151.3407
0.7536,-13.6799,0.0576,0.1736,0.0555,0.3909,0.978,250614.25,0.2688,4.1769,12.4317,2.0,0.0,0.2026,-3.6772,0.2629,0.1131,-0.0952,0.0225,1.5394,-3.2751,0.3826,0.3562,0.978,0.0555,138.9104
0.5906,-8.254,0.024,0.0,0.0299,0.371,0.4485,145057.89,0.5086,2.4176,11.8849,0.0,2.0,0.3004,-4.198,0.2281,0.0539,-0.5086,0.0089,505.8884,-3.4141,0.2818,0.2555,0.5906,0.0,99.0037
0.4967,-13.5519,0.0728,0.1428,0.0544,0.1336,0.5526,232917.06,0.7916,3.882,12.3584,2.0,0.0,0.3932,-10.7277,0.4375,0.1272,-0.6488,0.0097,5.5065,-3.491,0.3206,0.2903,0.7916,0.0544,136.181
0.5196,-6.2708,0.0235,0.3925,0.0,0.069,0.3657,216824.42,0.5965,3.6137,12.2868,1.0,3.0,0.3099,-3.7403,0.2181,0.0235,-0.204,0.0016,1.5158,-1.7353,0.281,0.2471,0.5965,0.0,137.9449
0.4824,-1.357,0.0235,0.314,0.0,0.0288,0.5668,231401.88,0.7829,3.8567,12.3519,2.0,4.0,0.3777,-1.0624,0.4437,0.0235,-0.4689,0.0007,2.4854,-0.3519,0.314,0.3099,0.7829,0.0,113.7018
0.8117,-3.4376,0.0568,0.4529,0.1827,0.2501,0.6533,300926.0,0.8451,5.0154,12.6146,4.0,4.0,0.686,-2.9052,0.5521,0.2395,-0.3923,0.0142,1.8621,-0.6854,0.4647,0.3143,0.8451,0.0568,94.566
0.4901,-8.2341,0.0465,0.2987,0.2098,0.1958,0.6675,208057.14,0.0923,3.4676,12.2456,1.0,2.0,0.0452,-0.7597,0.0616,0.2563,0.2065,0.0091,0.3078,-2.3746,0.2858,0.2222,0.6675,0.0465,120.0968
0.6397,-6.7191,0.0235,0.995,0.0697,0.325,0.5734,292311.84,0.1816,4.8719,12.5856,4.0,3.0,0.1162,-1.2202,0.1041,0.0932,0.8134,0.0076,0.1823,-1.3792,0.4011,0.3525,0.995,0.0235,105.2031
0.7388,-6.2358,0.0771,0.0,0.2421,0.3039,0.978,325812.2,0.5663,5.4302,12.6941,4.0,3.0,0.4183,-3.5311,0.5538,0.3192,-0.5663,0.0234,563.2477,-1.1484,0.4152,0.359,0.978,0.0,101.5447
0.8835,-11.5567,0.0235,0.4623,0.0,0.1526,0.556,161613.44,0.3351,2.6936,11.993,0.0,1.0,0.296,-3.8723,0.1863,0.0235,0.1272,0.0036,0.7232,-4.2905,0.3447,0.3183,0.8835,0.0,118.4312
0.7114,-10.9387,0.0235,0.0461,0.0,0.189,0.4166,270854.78,0.9678,4.5142,12.5093,3.0,1.0,0.6885,-10.5865,0.4032,0.0235,-0.9217,0.0044,20.5373,-2.4231,0.3363,0.3792,0.9678,0.0,81.9152
0.6124,-6.0729,0.0235,0.165,0.1887,0.0574,0.0256,223181.83,0.4929,3.7197,12.3157,1.0,3.0,0.3018,-2.9931,0.0126,0.2122,-0.3279,0.0013,2.9693,-1.6326,0.2236,0.2364,0.6124,0.0235,133.2288
0.5427,-4.7501,0.1556,0.0,0.2486,0.4188,0.7063,275407.28,0.6395,4.5901,12.526,3.0,3.0,0.3471,-3.0375,0.4517,0.4041,-0.6395,0.0651,636.0574,-1.0349,0.3873,0.2625,0.7063,0.0,112.4725
0.692,-8.8567,0.0851,0.0,0.4036,0.2319,0.5393,246068.5,0.2374,4.1011,12.4134,2.0,2.0,0.1643,-2.1026,0.128,0.4887,-0.2374,0.0197,236.1343,-2.1596,0.3128,0.2467,0.692,0.0,87.8245
0.7476,-3.8174,0.0793,0.1931,0.0128,0.0761,0.2358,147032.88,0.4913,2.4505,11.8984,0.0,4.0,0.3673,-1.8756,0.1159,0.0921,-0.2983,0.006,2.5317,-1.5578,0.2623,0.2658,0.7476,0.0128,111.2778
0.6288,-3.8587,0.0235,0.2524,0.0956,0.0952,0.2312,250538.02,0.4248,4.1756,12.4314,2.0,4.0,0.2671,-1.6392,0.0982,0.1191,-0.1724,0.0022,1.6765,-0.9241,0.2502,0.2135,0.6288,0.0235,93.7945
0.8265,-4.0202,0.0972,0.5514,0.2226,0.2366,0.0256,313971.28,0.7551,5.2329,12.6571,4.0,3.0,0.624,-3.0355,0.0193,0.3197,-0.2037,0.023,1.3669,-0.7683,0.3878,0.3214,0.8265,0.0256,129.136
0.4875,-7.2731,0.0235,0.0,0.1215,0.0949,0.5349,352573.66,0.4198,5.8762,12.773,4.0,2.0,0.2047,-3.0532,0.2245,0.145,-0.4198,0.0022,417.5618,-1.2377,0.2403,0.231,0.5349,0.0,108.2162
0.6927,-11.7835,0.0235,0.7191,0.3596,0.0977,0.6248,286044.97,0.0305,4.7674,12.5639,3.0,1.0,0.0211,-0.359,0.019,0.3831,0.6886,0.0023,0.0423,-2.4717,0.364,0.3163,0.7191,0.0235,142.4324
0.4825,-9.3516,0.0235,0.3201,0.0135,0.1655,0.4428,241632.81,0.6391,4.0272,12.3952,2.0,2.0,0.3084,-5.9769,0.283,0.037,-0.319,0.0039,1.9904,-2.3221,0.2982,0.24,0.6391,0.0135,77.3367
0.7319,-11.3911,0.0235,0.3516,0.0,0.2456,0.2827,368053.62,0.1885,6.1342,12.816,4.0,1.0,0.1379,-2.1469,0.0533,0.0235,0.1631,0.0058,0.5346,-1.857,0.2605,0.2451,0.7319,0.0,115.0612
0.5046,-6.2769,0.0235,0.5905,0.0,0.2709,0.7899,230455.14,0.4955,3.8409,12.3478,2.0,3.0,0.25,-3.11,0.3914,0.0235,0.0951,0.0064,0.8376,-1.6342,0.3821,0.2957,0.7899,0.0,113.6352
0.6245,-16.7726,0.125,0.4545,0.0,0.2319,0.4423,231294.28,0.2115,3.8549,12.3515,2.0,0.0,0.1321,-3.5468,0.0935,0.125,0.2431,0.029,0.4642,-4.351,0.2985,0.217,0.6245,0.0,90.4632
0.6642,-8.9088,0.0889,0.2616,0.022,0.1499,0.4698,302211.56,0.2344,5.0369,12.6189,4.0,2.0,0.1557,-2.0882,0.1101,0.1108,0.0272,0.0133,0.8926,-1.7687,0.2701,0.2256,0.6642,0.022,118.5442
0.5959,-11.9334,0.1299,0.4876,0.0106,0.3812,0.978,161716.02,0.0124,2.6953,11.9936,0.0,1.0,0.0074,-0.148,0.0121,0.1405,0.4752,0.0495,0.0254,-4.4275,0.3708,0.3534,0.978,0.0106,103.4214
0.5723,-1.357,0.0235,0.727,0.4588,0.145,0.7939,273075.8,0.2487,4.5513,12.5175,3.0,4.0,0.1423,-0.3375,0.1975,0.4823,0.4783,0.0034,0.3417,-0.2982,0.4242,0.2946,0.7939,0.0235,88.3481
0.6777,-6.9325,0.0395,0.185,0.1216,0.3201,0.978,329744.22,0.2054,5.4957,12.7061,4.0,2.0,0.1392,-1.4239,0.2009,0.1611,-0.0204,0.0126,1.1044,-1.2614,0.361,0.3412,0.978,0.0395,134.5011
0.5327,-6.3857,0.0806,0.2484,0.187,0.3187,0.0256,273951.38,0.7875,4.5659,12.5207,3.0,3.0,0.4195,-5.0286,0.0202,0.2675,-0.539,0.0257,3.1571,-1.3986,0.3115,0.2677,0.7875,0.0256,83.9048
0.4944,-7.9391,0.0251,0.0,0.0,0.2031,0.6905,122915.81,0.6738,2.0486,11.7193,0.0,2.0,0.3331,-5.3494,0.4653,0.0251,-0.6738,0.0051,670.2077,-3.8754,0.2981,0.3149,0.6905,0.0,118.7514
0.74,-7.2365,0.0967,0.2286,0.0,0.1906,0.8954,185564.44,0.5733,3.0927,12.1312,1.0,2.0,0.4242,-4.1484,0.5133,0.0967,-0.3446,0.0184,2.4964,-2.3398,0.3892,0.3453,0.8954,0.0,117.207
0.6446,-7.9471,0.0827,0.2312,0.0,0.2824,0.5019,259942.19,0.6701,4.3324,12.4682,3.0,2.0,0.4319,-5.3251,0.3363,0.0827,-0.4389,0.0234,2.8856,-1.8344,0.3447,0.2661,0.6701,0.0,171.0046
0.7999,-4.9985,0.0613,0.0792,0.0364,0.3768,0.476,240439.78,0.8498,4.0073,12.3902,2.0,3.0,0.6798,-4.2477,0.4045,0.0978,-0.7706,0.0231,10.599,-1.2473,0.3828,0.3455,0.8498,0.0364,132.3474
0.3886,-7.3269,0.0235,0.0959,0.1896,0.0517,0.6946,363383.97,0.7769,6.0564,12.8032,4.0,2.0,0.3019,-5.6925,0.5397,0.2131,-0.681,0.0012,8.0185,-1.2098,0.3173,0.3111,0.7769,0.0235,109.5183
0.4477,-7.9674,0.0235,0.5942,0.0747,0.1344,0.5395,166437.9,0.1712,2.774,12.0224,0.0,2.0,0.0767,-1.364,0.0924,0.0982,0.423,0.0032,0.2876,-2.8722,0.2836,0.2363,0.5942,0.0235,144.5741
0.5309,-6.6443,0.0492,0.106,0.0095,0.3041,0.639,203681.02,0.4374,3.3947,12.2243,1.0,3.0,0.2322,-2.9062,0.2795,0.0587,-0.3314,0.015,4.0863,-1.9573,0.2966,0.249,0.639,0.0095,154.5894
0.3438,-8.9142,0.1311,0.1919,0.3459,0.0846,0.8788,223829.22,0.8353,3.7305,12.3186,1.0,2.0,0.2872,-7.4463,0.7341,0.477,-0.6434,0.0111,4.3301,-2.3896,0.4016,0.3266,0.8788,0.0846,122.6355
0.4129,-13.1884,0.0823,0.064,0.1535,0.0243,0.8981,324525.5,0.6265,5.4088,12.6901,4.0,0.0,0.2587,-8.2621,0.5627,0.2358,-0.5624,0.002,9.634,-2.4383,0.3231,0.3351,0.8981,0.0243,108.4935
0.975,-7.0775,0.1107,0.1281,0.1335,0.0392,0.978,313960.06,0.5572,5.2327,12.657,4.0,2.0,0.5433,-3.9436,0.5449,0.2441,-0.4291,0.0043,4.3166,-1.3526,0.4174,0.4176,0.978,0.0392,103.5729
0.4323,-5.0366,0.0637,0.0492,0.509,0.373,0.4619,321469.0,0.9237,5.3578,12.6807,4.0,3.0,0.3993,-4.6522,0.4266,0.5726,-0.8744,0.0237,18.3849,-0.9401,0.4018,0.2966,0.9237,0.0492,133.0212
0.4591,-18.535,0.0555,0.0017,0.0392,0.138,0.3777,380098.7,0.9233,6.335,12.8482,4.0,0.0,0.4239,-17.1139,0.3488,0.0947,-0.9217,0.0077,348.3176,-2.9258,0.2849,0.332,0.9233,0.0017,136.1463
0.7114,-7.897,0.0235,0.5869,0.2734,0.1401,0.2445,293698.03,0.4159,4.895,12.5903,4.0,2.0,0.2958,-3.2841,0.1017,0.2969,0.171,0.0033,0.7074,-1.6133,0.3422,0.2444,0.7114,0.0235,107.6365
0.4767,-16.1276,0.069,0.3537,0.1669,0.0243,0.7798,218917.33,0.8491,3.6486,12.2965,1.0,0.0,0.4047,-13.6945,0.6622,0.2359,-0.4954,0.0017,2.3937,-4.4202,0.3885,0.3312,0.8491,0.0243,187.6128
0.3536,-1.7846,0.0526,0.0,0.1379,0.0674,0.3918,344612.06,0.8741,5.7435,12.7502,4.0,4.0,0.3091,-1.56,0.3425,0.1905,-0.8741,0.0035,869.473,-0.3107,0.2682,0.307,0.8741,0.0,110.327
0.8682,-6.8795,0.0534,0.1666,0.3659,0.2387,0.2828,300713.38,0.3796,5.0119,12.6139,4.0,3.0,0.3296,-2.6114,0.1074,0.4193,-0.213,0.0128,2.2651,-1.3726,0.3365,0.2604,0.8682,0.0534,112.7357
0.4413,-1.357,0.0235,0.1768,0.0416,0.2579,0.7691,180923.61,0.3575,3.0154,12.1058,0.0,4.0,0.1577,-0.4851,0.2749,0.0651,-0.1807,0.0061,2.0104,-0.45,0.2954,0.2593,0.7691,0.0235,112.7412
0.7987,-10.2486,0.0872,0.6023,0.1529,0.171,0.5711,286834.44,0.1394,4.7806,12.5667,3.0,1.0,0.1113,-1.4287,0.0796,0.2401,0.4629,0.0149,0.2311,-2.1438,0.3604,0.2879,0.7987,0.0872,72.3854
0.5523,-23.7848,0.0368,0.0535,0.181,0.1004,0.4768,229495.66,0.9648,3.8249,12.3436,1.0,0.0,0.5328,-22.9476,0.46,0.2178,-0.9113,0.0037,17.6901,-6.2184,0.3379,0.3442,0.9648,0.0368,106.1372
0.4861,-7.3031,0.0307,0.6208,0.0,0.1206,0.3079,223917.34,0.1137,3.732,12.319,1.0,2.0,0.0552,-0.8301,0.035,0.0307,0.5072,0.0037,0.1828,-1.9569,0.24,0.2387,0.6208,0.0,106.7718
0.7869,-1.357,0.1421,0.2745,0.3497,0.0565,0.6038,172993.64,0.3249,2.8832,12.061,0.0,4.0,0.2556,-0.4408,0.1962,0.4918,-0.0503,0.008,1.1791,-0.4707,0.3626,0.2549,0.7869,0.0565,130.8798
0.5361,-7.869,0.0625,0.4139,0.3622,0.0243,0.737,315829.97,0.7205,5.2638,12.663,4.0,2.0,0.3862,-5.6693,0.531,0.4247,-0.3065,0.0015,1.7363,-1.4949,0.4081,0.2861,0.737,0.0243,135.1811
0.4668,-1.9572,0.0639,0.0,0.0,0.0243,0.6394,172925.4,0.6875,2.8821,12.0606,0.0,4.0,0.3209,-1.3455,0.4395,0.0639,-0.6875,0.0016,683.8015,-0.6791,0.2688,0.3157,0.6875,0.0,144.2186
0.7825,-5.8797,0.0777,0.0,0.0997,0.2743,0.978,182669.5,0.3531,3.0445,12.1154,0.0,3.0,0.2763,-2.0759,0.3453,0.1774,-0.3531,0.0213,351.1843,-1.9313,0.3665,0.3752,0.978,0.0,142.8081
0.7668,-16.3315,0.1114,0.0,0.003,0.2417,0.6687,245831.25,0.8391,4.0972,12.4124,2.0,0.0,0.6435,-13.7043,0.5611,0.1144,-0.8391,0.0269,834.6596,-3.986,0.3758,0.37,0.8391,0.0,84.893
0.975,-15.7643,0.0772,0.4586,0.0663,0.2737,0.9336,290718.8,0.0868,4.8453,12.5801,3.0,0.0,0.0846,-1.3683,0.081,0.1435,0.3718,0.0211,0.1889,-3.2535,0.4102,0.3974,0.975,0.0663,113.617
0.4615,-10.5645,0.0975,0.4618,0.0,0.2299,0.5778,342838.03,0.1022,5.714,12.745,4.0,1.0,0.0472,-1.0797,0.0591,0.0975,0.3596,0.0224,0.2208,-1.8489,0.2758,0.2237,0.5778,0.0,118.6885
0.975,-15.2266,0.0235,0.8244,0.3667,0.1049,0.6228,209536.28,0.0797,3.4923,12.2527,1.0,0.0,0.0777,-1.2141,0.0497,0.3902,0.7446,0.0025,0.0966,-4.3601,0.4281,0.3846,0.975,0.0235,142.218
0.8167,-1.357,0.0235,0.3555,0.0688,0.2089,0.6807,213917.02,0.5404,3.5653,12.2733,1.0,4.0,0.4413,-0.7333,0.3679,0.0923,-0.1849,0.0049,1.5157,-0.3806,0.3849,0.3056,0.8167,0.0235,136.4753
0.498,-9.827,0.0235,0.3334,0.0,0.3697,0.4799,227425.4,0.3025,3.7904,12.3346,1.0,1.0,0.1507,-2.973,0.1452,0.0235,0.0309,0.0087,0.9046,-2.5926,0.2867,0.2012,0.498,0.0,127.9062
0.7038,-5.0719,0.0829,0.1068,0.1038,0.184,0.6739,277909.66,0.8208,4.6318,12.5351,3.0,3.0,0.5777,-4.163,0.5531,0.1867,-0.714,0.0153,7.6127,-1.095,0.3823,0.3324,0.8208,0.0829,85.0857
0.3559,-16.5917,0.0235,0.0548,0.1523,0.2925,0.9473,337901.78,0.7309,5.6317,12.7305,4.0,0.0,0.2601,-12.1263,0.6924,0.1758,-0.676,0.0069,13.0872,-2.9461,0.3653,0.3503,0.9473,0.0235,158.1161
0.7723,-1.357,0.164,0.2449,0.1066,0.0243,0.4914,326621.8,0.6699,5.4437,12.6966,4.0,4.0,0.5173,-0.909,0.3292,0.2706,-0.425,0.004,2.7242,-0.2493,0.3533,0.292,0.7723,0.0243,150.7306
0.3669,-9.9836,0.1121,0.0,0.2484,0.0999,0.0995,230957.88,0.3799,3.8493,12.35,2.0,1.0,0.1394,-3.7931,0.0378,0.3605,-0.3799,0.0112,377.9078,-2.5936,0.1867,0.1467,0.3799,0.0,137.0378
0.4629,-2.8296,0.0863,0.0,0.0727,0.3247,0.6768,373830.22,0.7359,6.2305,12.8316,4.0,4.0,0.3407,-2.0822,0.498,0.159,-0.7359,0.028,731.9434,-0.4541,0.3371,0.2991,0.7359,0.0,167.0939
0.8388,-7.0497,0.0235,0.2217,0.2458,0.1255,0.4516,171213.75,0.4898,2.8536,12.0507,0.0,2.0,0.4108,-3.4529,0.2212,0.2693,-0.2681,0.0029,2.1992,-2.4705,0.3424,0.2747,0.8388,0.0235,118.9397
0.6116,-9.8599,0.0693,0.0634,0.2681,0.0243,0.3916,254447.16,0.7263,4.2408,12.4469,2.0,1.0,0.4442,-7.1616,0.2844,0.3374,-0.6629,0.0017,11.274,-2.325,0.3078,0.2808,0.7263,0.0243,101.3596
0.5664,-13.9476,0.0235,0.3793,0.1483,0.422,0.5114,240866.58,0.1829,4.0144,12.392,2.0,0.0,0.1036,-2.5515,0.0935,0.1718,0.1964,0.0099,0.481,-3.4743,0.3191,0.2031,0.5664,0.0235,130.6347
0.7969,-6.3311,0.0527,0.5514,0.2187,0.0955,0.3967,289905.47,0.4914,4.8318,12.5773,3.0,3.0,0.3916,-3.1111,0.1949,0.2715,0.06,0.005,0.8896,-1.3103,0.3719,0.2675,0.7969,0.0527,113.8419
0.3475,-14.2826,0.1024,0.0,0.0,0.2325,0.566,275453.0,0.2905,4.5909,12.5262,3.0,0.0,0.1009,-4.1486,0.1644,0.1024,-0.2905,0.0238,288.918,-3.1111,0.2198,0.2048,0.566,0.0,110.9631
0.7199,-9.3535,0.0737,0.3769,0.3319,0.4088,0.7103,168962.3,0.1837,2.816,12.0374,0.0,2.0,0.1322,-1.7179,0.1305,0.4056,0.1933,0.0301,0.486,-3.3215,0.4008,0.244,0.7199,0.0737,126.8752
0.5264,-15.6202,0.0542,0.0999,0.0,0.1723,0.7221,208923.81,0.4339,3.4821,12.2497,1.0,0.0,0.2284,-6.7771,0.3133,0.0542,-0.334,0.0093,4.3001,-4.4859,0.287,0.2748,0.7221,0.0,132.8482
0.7526,-8.1058,0.0772,0.0134,0.0,0.306,0.6193,213614.58,0.6455,3.5602,12.2719,1.0,2.0,0.4858,-5.232,0.3998,0.0772,-0.632,0.0236,44.7355,-2.2768,0.3449,0.325,0.7526,0.0,118.6755
0.6536,-6.7433,0.0297,0.4347,0.2056,0.3828,0.4564,227083.7,0.1813,3.7847,12.3331,1.0,3.0,0.1185,-1.2223,0.0827,0.2353,0.2535,0.0114,0.416,-1.7817,0.3349,0.209,0.6536,0.0297,129.5732
0.3538,-1.357,0.0235,0.1953,0.0411,0.1813,0.7163,239860.56,0.7518,3.9977,12.3878,2.0,4.0,0.266,-1.0202,0.5385,0.0646,-0.5565,0.0043,3.8298,-0.3394,0.3233,0.3014,0.7518,0.0235,148.9237
0.6375,-12.9675,0.1038,0.1739,0.0,0.1839,0.3865,174934.64,0.2739,2.9156,12.0722,0.0,0.0,0.1746,-3.5514,0.1058,0.1038,-0.1,0.0191,1.5658,-4.4477,0.2514,0.2095,0.6375,0.0,121.6407
0.3942,-1.357,0.0235,0.8185,0.0,0.1526,0.3795,220167.27,0.8421,3.6695,12.3021,1.0,4.0,0.332,-1.1428,0.3196,0.0235,-0.0237,0.0036,1.0276,-0.3698,0.3729,0.3485,0.8421,0.0,125.5845
0.7918,-8.3576,0.1083,0.3863,0.0,0.3473,0.509,302626.44,0.2744,5.0438,12.6203,4.0,2.0,0.2173,-2.2933,0.1397,0.1083,0.1119,0.0376,0.7085,-1.657,0.3453,0.2609,0.7918,0.0,114.9396
0.6078,-8.0653,0.0916,0.0664,0.2299,0.0243,0.5934,210871.81,0.5478,3.5145,12.259,1.0,2.0,0.3329,-4.4182,0.325,0.3215,-0.4814,0.0022,8.1287,-2.2948,0.3087,0.2648,0.6078,0.0243,126.8563
0.783,-13.8561,0.1764,0.388,0.0113,0.1648,0.5602,106035.23,0.0732,1.7673,11.5715,0.0,0.0,0.0573,-1.0143,0.041,0.1877,0.3148,0.0291,0.1882,-7.8405,0.3081,0.2818,0.783,0.0113,156.1245
0.4867,-5.167,0.0765,0.3088,0.0,0.0813,0.6698,230113.33,0.1097,3.8352,12.3463,1.0,3.0,0.0534,-0.567,0.0735,0.0765,0.1991,0.0062,0.3542,-1.3472,0.2476,0.2505,0.6698,0.0,126.9135
0.4028,-3.942,0.0542,0.3686,0.2745,0.0243,0.7641,277710.88,0.7609,4.6285,12.5343,3.0,4.0,0.3065,-2.9993,0.5814,0.3287,-0.3922,0.0013,2.0584,-0.8517,0.3785,0.2992,0.7641,0.0243,143.7707
0.3255,-12.1418,0.1023,0.0588,0.209,0.0889,0.5427,179465.55,0.624,2.9911,12.0977,0.0,1.0,0.2031,-7.5765,0.3386,0.3113,-0.5652,0.0091,10.4378,-4.0593,0.2788,0.2278,0.624,0.0588,85.994
0.5423,-7.9391,0.2048,0.5398,0.0,0.0243,0.7667,248389.14,0.7299,4.1398,12.4228,2.0,2.0,0.3958,-5.7945,0.5596,0.2048,-0.1901,0.005,1.3497,-1.9177,0.4011,0.322,0.7667,0.0,74.7921
0.4727,-14.4499,0.1083,0.3889,0.0,0.0243,0.4055,248790.89,0.8421,4.1465,12.4244,2.0,0.0,0.3981,-12.1687,0.3415,0.1083,-0.4532,0.0026,2.1597,-3.4848,0.3203,0.3007,0.8421,0.0,142.6474
0.5299,-8.9026,0.0235,0.0579,0.1035,0.227,0.3745,306907.97,0.5349,5.1151,12.6343,4.0,2.0,0.2834,-4.7617,0.2003,0.127,-0.4769,0.0053,9.0765,-1.7404,0.2645,0.2175,0.5349,0.0235,129.3437
0.6048,-6.1339,0.0622,0.0,0.2439,0.1717,0.533,221588.94,0.5229,3.6931,12.3086,1.0,3.0,0.3162,-3.2072,0.2787,0.3061,-0.5229,0.0107,520.079,-1.6609,0.3055,0.2459,0.6048,0.0,110.8067
0.8265,-3.4159,0.0934,0.2238,0.0,0.2639,0.3465,181830.94,0.1336,3.0305,12.1108,0.0,4.0,0.1104,-0.4564,0.0463,0.0934,0.0902,0.0247,0.5944,-1.1272,0.2697,0.2709,0.8265,0.0,106.9329
0.6193,-8.9643,0.0701,0.0,0.2628,0.1178,0.6192,164586.25,0.6157,2.7431,12.0112,0.0,2.0,0.3813,-5.5196,0.3813,0.3329,-0.6157,0.0083,612.4506,-3.2679,0.3293,0.2814,0.6193,0.0,103.019
0.8386,-1.357,0.0235,0.0,0.0,0.2084,0.1531,206680.56,0.8939,3.4447,12.2389,1.0,4.0,0.7496,-1.2131,0.1369,0.0235,-0.8939,0.0049,889.1674,-0.3939,0.3025,0.3935,0.8939,0.0,67.4746
0.4622,-3.9372,0.0235,0.0,0.0957,0.146,0.7943,177554.44,0.7184,2.9592,12.087,0.0,4.0,0.332,-2.8285,0.5706,0.1192,-0.7184,0.0034,714.5699,-1.3305,0.32,0.3354,0.7943,0.0,138.1153
0.6826,-13.1869,0.0752,0.0,0.1413,0.4106,0.6969,165029.75,0.3659,2.7505,12.0139,0.0,0.0,0.2497,-4.8246,0.255,0.2165,-0.3659,0.0309,363.9161,-4.7944,0.3389,0.2815,0.6969,0.0,114.1022
0.7927,-5.2539,0.0235,0.0045,0.0701,0.3149,0.2613,136426.78,0.5393,2.2738,11.8236,0.0,3.0,0.4275,-2.8332,0.1409,0.0936,-0.5348,0.0074,97.9549,-2.3106,0.2866,0.2936,0.7927,0.0045,129.0807
0.8988,-2.2357,0.0781,0.0951,0.1965,0.0243,0.4723,248567.86,0.7881,4.1428,12.4235,2.0,4.0,0.7084,-1.7621,0.3723,0.2746,-0.693,0.0019,8.2024,-0.5397,0.3648,0.3594,0.8988,0.0243,132.2595
0.975,-14.0649,0.1067,0.0,0.3435,0.2437,0.6465,269708.53,0.4339,4.4951,12.5051,3.0,0.0,0.423,-6.1023,0.2805,0.4503,-0.4339,0.026,431.5536,-3.1289,0.3928,0.3331,0.975,0.0,102.7838
0.9042,-7.3827,0.1432,0.826,0.0,0.0243,0.6438,206845.03,0.6765,3.4474,12.2397,1.0,2.0,0.6117,-4.9946,0.4356,0.1432,0.1494,0.0035,0.8181,-2.1415,0.4597,0.3902,0.9042,0.0,102.6108
0.5547,-14.7957,0.0849,0.0,0.264,0.291,0.506,301959.72,0.7698,5.0327,12.6181,4.0,0.0,0.427,-11.3898,0.3895,0.3489,-0.7698,0.0247,765.6958,-2.9399,0.3529,0.2727,0.7698,0.0,170.893
0.5077,-5.7492,0.0235,0.0788,0.0,0.2065,0.6478,326623.44,0.8494,5.4437,12.6966,4.0,3.0,0.4312,-4.8834,0.5503,0.0235,-0.7706,0.0049,10.6389,-1.0561,0.3305,0.3375,0.8494,0.0,99.8112
0.6384,-12.1739,0.088,0.25,0.0451,0.2868,0.1499,248963.56,0.2511,4.1494,12.4251,2.0,1.0,0.1603,-3.0573,0.0376,0.1331,-0.0012,0.0252,1.0006,-2.9339,0.2442,0.1959,0.6384,0.0451,91.3922
0.7463,-5.0137,0.0235,0.3941,0.076,0.2451,0.6834,210826.88,0.4835,3.5138,12.2588,1.0,3.0,0.3609,-2.4243,0.3305,0.0995,-0.0895,0.0058,1.224,-1.4269,0.3788,0.2813,0.7463,0.0235,98.9218
0.5989,-9.6373,0.0965,0.3414,0.0415,0.3589,0.7326,214813.39,0.0782,3.5802,12.2775,1.0,1.0,0.0468,-0.7536,0.0573,0.138,0.2632,0.0346,0.2284,-2.6918,0.3211,0.2695,0.7326,0.0415,130.8758
0.4488,-11.7239,0.0713,0.5116,0.0949,0.1745,0.8542,261238.9,0.0679,4.354,12.4732,3.0,1.0,0.0305,-0.7957,0.058,0.1662,0.4437,0.0124,0.1324,-2.6927,0.3176,0.2989,0.8542,0.0679,103.455
0.4038,-4.7194,0.1073,0.0,0.0672,0.1841,0.4916,270748.03,0.9499,4.5125,12.5089,3.0,3.0,0.3836,-4.4828,0.467,0.1745,-0.9499,0.0198,944.8026,-1.0459,0.3148,0.3324,0.9499,0.0,123.3934
0.6423,-8.4499,0.1359,0.1845,0.2402,0.0243,0.6698,281686.97,0.2139,4.6948,12.5486,3.0,2.0,0.1374,-1.8072,0.1433,0.3761,-0.0294,0.0033,1.153,-1.7999,0.3016,0.2521,0.6698,0.0243,169.4618
0.5961,-6.093,0.0738,0.2727,0.066,0.1516,0.7433,257070.92,0.824,4.2845,12.4571,2.0,3.0,0.4912,-5.0207,0.6125,0.1398,-0.5513,0.0112,3.0107,-1.4221,0.3896,0.3243,0.824,0.066,113.0162
0.5391,-1.357,0.0769,0.1757,0.0145,0.1234,0.0256,220153.42,0.9461,3.6692,12.3021,1.0,4.0,0.51,-1.2839,0.0242,0.0914,-0.7704,0.0095,5.3535,-0.3698,0.2716,0.3469,0.9461,0.0145,174.8373
0.7848,-13.5397,0.0898,0.3699,0.3906,0.2379,0.5348,175969.86,0.0069,2.9328,12.0781,0.0,0.0,0.0054,-0.093,0.0037,0.4804,0.363,0.0214,0.0185,-4.6166,0.3449,0.2655,0.7848,0.0069,87.8729
0.7946,-9.4523,0.1056,0.0,0.1153,0.0243,0.5517,331975.94,0.7381,5.5329,12.7128,4.0,2.0,0.5865,-6.977,0.4072,0.2209,-0.7381,0.0026,734.198,-1.7084,0.3328,0.3489,0.7946,0.0,51.5161
0.4448,-8.8027,0.0235,0.3959,0.0,0.2836,0.7664,247322.44,0.4594,4.122,12.4185,2.0,2.0,0.2043,-4.044,0.3521,0.0235,-0.0635,0.0067,1.1575,-2.1355,0.3391,0.2674,0.7664,0.0,122.813
0.4064,-10.5578,0.0746,0.4376,0.0,0.1065,0.8681,277541.0,0.5649,4.6257,12.5337,3.0,1.0,0.2296,-5.9637,0.4904,0.0746,-0.1273,0.0079,1.2878,-2.2824,0.3512,0.3117,0.8681,0.0,147.0147
0.6377,-10.9383,0.0767,0.6194,0.361,0.1659,0.8688,266064.9,0.0269,4.4344,12.4915,3.0,1.0,0.0171,-0.2939,0.0233,0.4377,0.5925,0.0127,0.0433,-2.4667,0.3938,0.3225,0.8688,0.0269,142.2032
0.4731,-5.6569,0.0351,0.5929,0.0,0.0243,0.8742,226617.5,0.6235,3.777,12.331,1.0,3.0,0.295,-3.5269,0.545,0.0351,-0.0306,0.0009,1.0498,-1.4977,0.3747,0.3529,0.8742,0.0,123.6458
0.6899,-15.086,0.0585,0.2755,0.0,0.1555,0.6248,250914.52,0.0879,4.1819,12.4329,2.0,0.0,0.0606,-1.3256,0.0549,0.0585,0.1877,0.0091,0.3178,-3.6074,0.2703,0.2787,0.6899,0.0,117.2417
0.4034,-10.9035,0.13,0.4023,0.3901,0.0243,0.5392,206617.0,0.8681,3.4436,12.2386,1.0,1.0,0.3502,-9.4657,0.4681,0.5201,-0.4659,0.0032,2.1527,-3.1663,0.3939,0.2746,0.8681,0.0243,133.2652
0.9269,-3.4257,0.0665,0.3668,0.0,0.1855,0.2715,296793.66,0.4105,4.9466,12.6008,4.0,4.0,0.3805,-1.4061,0.1115,0.0665,-0.0436,0.0123,1.1159,-0.6925,0.3182,0.3071,0.9269,0.0,127.3506
0.7238,-10.388,0.0912,0.0011,0.0073,0.1299,0.3614,253361.28,0.5942,4.2227,12.4426,2.0,1.0,0.4301,-6.1726,0.2147,0.0986,-0.5931,0.0118,281.487,-2.4601,0.2727,0.2922,0.7238,0.0011,133.3707
0.624,-4.9057,0.1536,0.254,0.0326,0.1118,0.5735,218828.92,0.1552,3.6471,12.296,1.0,3.0,0.0968,-0.7614,0.089,0.1862,0.0988,0.0172,0.6085,-1.3451,0.2721,0.233,0.624,0.0326,161.3864
0.4169,-11.1798,0.0235,0.3316,0.0775,0.0843,0.5669,251832.31,0.1462,4.1972,12.4365,2.0,1.0,0.061,-1.6345,0.0829,0.101,0.1854,0.002,0.4396,-2.6636,0.2353,0.2052,0.5669,0.0235,164.3297
0.7066,-1.357,0.0235,0.1321,0.3789,0.3661,0.535,141119.38,0.3118,2.352,11.8574,0.0,4.0,0.2203,-0.4231,0.1668,0.4024,-0.1797,0.0086,2.3435,-0.577,0.3506,0.2302,0.7066,0.0235,179.231
0.5924,-15.272,0.0915,0.1585,0.0,0.3068,0.2439,249555.16,0.8597,4.1593,12.4274,2.0,0.0,0.5093,-13.1289,0.2097,0.0915,-0.7011,0.0281,5.3887,-3.6718,0.3218,0.3033,0.8597,0.0,175.7909
0.4483,-13.5519,0.1066,0.995,0.2367,0.0243,0.6117,175927.48,0.4369,2.9321,12.0778,0.0,0.0,0.1959,-5.9213,0.2673,0.3434,0.5581,0.0026,0.4387,-4.6219,0.4085,0.3306,0.995,0.0243,59.6753
0.8589,-1.357,0.2228,0.3517,0.0308,0.1933,0.6027,209417.27,0.2382,3.4903,12.2521,1.0,4.0,0.2046,-0.3232,0.1436,0.2537,0.1135,0.0431,0.6754,-0.3888,0.3569,0.2821,0.8589,0.0308,177.7819
0.7091,-1.357,0.0235,0.5907,0.0,0.2959,0.4156,167524.67,0.2497,2.7921,12.0289,0.0,4.0,0.1771,-0.3389,0.1038,0.0235,0.341,0.007,0.4221,-0.486,0.3264,0.2675,0.7091,0.0,136.2594
0.4423,-8.6818,0.1689,0.0779,0.2929,0.0243,0.5519,148875.12,0.9721,2.4813,11.9109,0.0,2.0,0.4299,-8.4399,0.5365,0.4618,-0.8943,0.0041,12.3237,-3.499,0.3615,0.3295,0.9721,0.0243,98.1749
0.4023,-5.8355,0.1376,0.4746,0.0649,0.0243,0.2756,384577.72,0.9898,6.4096,12.8599,4.0,3.0,0.3982,-5.776,0.2728,0.2025,-0.5152,0.0033,2.0813,-0.9104,0.3385,0.3328,0.9898,0.0243,142.2655
0.6579,-1.357,0.0235,0.3126,0.0,0.233,0.398,358639.84,0.2727,5.9773,12.7901,4.0,4.0,0.1794,-0.37,0.1085,0.0235,0.04,0.0055,0.8694,-0.227,0.2711,0.225,0.6579,0.0,105.8243
0.8024,-2.7156,0.1645,0.0449,0.0704,0.0477,0.4889,338027.97,0.9986,5.6338,12.7309,4.0,4.0,0.8013,-2.7118,0.4883,0.235,-0.9537,0.0078,21.7746,-0.482,0.3739,0.3953,0.9986,0.0449,124.3609
0.5393,-12.1646,0.0235,0.0714,0.091,0.0771,0.2651,210420.56,0.8283,3.507,12.2569,1.0,1.0,0.4467,-10.0755,0.2196,0.1145,-0.7569,0.0018,11.4472,-3.4687,0.2708,0.3038,0.8283,0.0235,133.2144
0.5465,-1.666,0.0762,0.3399,0.2625,0.2437,0.5958,104064.125,0.4255,1.7344,11.5528,0.0,4.0,0.2325,-0.7088,0.2535,0.3387,-0.0856,0.0186,1.2482,-0.9606,0.3557,0.1819,0.5958,0.0762,118.1071
0.5789,-9.7204,0.0536,0.307,0.0588,0.174,0.2685,227428.38,0.8178,3.7905,12.3346,1.0,1.0,0.4734,-7.9494,0.2195,0.1124,-0.5108,0.0093,2.6554,-2.5644,0.3226,0.2823,0.8178,0.0536,99.8978
0.3339,-8.8674,0.1344,0.4879,0.2047,0.1678,0.8592,126868.76,0.1294,2.1145,11.7509,0.0,2.0,0.0432,-1.1474,0.1112,0.3392,0.3585,0.0226,0.2647,-4.1936,0.3311,0.2663,0.8592,0.1294,109.6977
0.39,-9.7538,0.0235,0.35,0.1407,0.1245,0.5602,268880.4,0.1696,4.4813,12.502,3.0,1.0,0.0662,-1.6543,0.095,0.1642,0.1804,0.0029,0.4832,-2.1765,0.2512,0.1876,0.5602,0.0235,130.8139
0.446,-2.7101,0.1504,0.0,0.309,0.1361,0.7388,226968.1,0.4596,3.7828,12.3326,1.0,4.0,0.205,-1.2456,0.3395,0.4593,-0.4596,0.0205,457.1497,-0.7164,0.32,0.2503,0.7388,0.0,98.4316
0.6907,-12.5288,0.0868,0.1809,0.1331,0.0243,0.5037,175024.8,0.5347,2.9171,12.0727,0.0,0.0,0.3693,-6.6987,0.2693,0.2199,-0.3537,0.0021,2.9385,-4.295,0.3077,0.2621,0.6907,0.0243,103.7391
0.6343,-1.357,0.0235,0.7389,0.0129,0.0629,0.7221,232039.55,0.3389,3.8673,12.3547,2.0,4.0,0.2149,-0.4598,0.2447,0.0364,0.4,0.0015,0.458,-0.3509,0.3619,0.3347,0.7389,0.0129,139.428
0.5735,-17.8276,0.1116,0.0941,0.0,0.2448,0.0256,362512.62,0.6564,6.0419,12.8008,4.0,0.0,0.3765,-11.702,0.0168,0.1116,-0.5623,0.0273,6.9016,-2.9507,0.2437,0.2664,0.6564,0.0,95.1771
0.708,-5.6808,0.1727,0.1929,0.0125,0.065,0.5719,315610.22,0.7765,5.2602,12.6623,4.0,3.0,0.5498,-4.4113,0.4441,0.1852,-0.5836,0.0112,4.0044,-1.08,0.3571,0.3189,0.7765,0.0125,122.1456
0.5475,-5.0781,0.0235,0.0045,0.2571,0.0963,0.6661,244422.53,0.8177,4.0737,12.4067,2.0,3.0,0.4477,-4.1522,0.5446,0.2806,-0.8131,0.0023,147.9036,-1.2465,0.3447,0.3307,0.8177,0.0045,136.1208
0.6047,-10.672,0.1153,0.0627,0.1891,0.1926,0.6363,315842.94,0.8904,5.264,12.663,4.0,1.0,0.5385,-9.5024,0.5666,0.3044,-0.8277,0.0222,13.9826,-2.0273,0.3845,0.3212,0.8904,0.0627,128.3236
0.5823,-1.357,0.0235,0.3439,0.377,0.2116,0.3311,153673.4,0.5599,2.5612,11.9426,0.0,4.0,0.326,-0.7597,0.1854,0.4005,-0.2159,0.005,1.6232,-0.5298,0.347,0.1936,0.5823,0.0235,108.2616
0.975,-1.357,0.0928,0.3159,0.2841,0.1549,0.4549,206879.33,0.3878,3.448,12.2399,1.0,4.0,0.3781,-0.5262,0.1764,0.3768,-0.0719,0.0144,1.2237,-0.3936,0.3808,0.2904,0.975,0.0928,149.7583
0.5345,-8.8264,0.0745,0.0,0.0,0.1366,0.4957,265823.38,0.9077,4.4304,12.4906,3.0,2.0,0.4852,-8.012,0.45,0.0745,-0.9077,0.0102,902.8938,-1.9922,0.307,0.3464,0.9077,0.0,105.1017
0.4245,-6.9833,0.0716,0.2859,0.1717,0.0468,0.3179,281615.84,0.8716,4.6936,12.5483,3.0,2.0,0.37,-6.0867,0.2771,0.2434,-0.5857,0.0034,3.0377,-1.4878,0.3129,0.2812,0.8716,0.0468,112.9042
0.5662,-8.2989,0.0235,0.2366,0.0724,0.036,0.2577,271032.06,0.7174,4.5172,12.51,3.0,2.0,0.4062,-5.9537,0.1849,0.0959,-0.4808,0.0008,3.0198,-1.8372,0.2728,0.2719,0.7174,0.0235,113.7022
0.7192,-6.0729,0.0772,0.0393,0.0,0.1716,0.4249,202873.69,0.4978,3.3812,12.2203,1.0,3.0,0.358,-3.0231,0.2115,0.0772,-0.4585,0.0133,12.3391,-1.7961,0.2757,0.274,0.7192,0.0,123.6923
0.5398,-5.2936,0.0235,0.1578,0.0992,0.1578,0.485,218940.98,0.8247,3.649,12.2966,1.0,3.0,0.4451,-4.3655,0.3999,0.1227,-0.6669,0.0037,5.1928,-1.4507,0.3268,0.2942,0.8247,0.0235,88.99
0.4205,-7.4717,0.0235,0.0,0.0,0.4801,0.3927,274024.88,0.6371,4.5671,12.521,3.0,2.0,0.2679,-4.7605,0.2502,0.0235,-0.6371,0.0113,633.7365,-1.636,0.2791,0.2654,0.6371,0.0,143.0771
0.5661,-7.6284,0.0235,0.4969,0.0,0.1656,0.2629,213436.92,0.5273,3.5573,12.2711,1.0,2.0,0.2985,-4.0227,0.1386,0.0235,-0.0304,0.0039,1.059,-2.1445,0.2918,0.2404,0.5661,0.0,93.083
0.2963,-5.8446,0.0235,0.0564,0.0121,0.3977,0.2866,283573.38,0.907,4.7262,12.5552,3.0,3.0,0.2687,-5.301,0.26,0.0356,-0.8506,0.0093,15.8027,-1.2366,0.2828,0.3149,0.907,0.0121,74.5898
0.7489,-5.9773,0.0235,0.6799,0.0795,0.2218,0.5672,185923.22,0.1776,3.0987,12.1331,1.0,3.0,0.133,-1.0616,0.1007,0.103,0.5023,0.0052,0.2608,-1.929,0.3569,0.3002,0.7489,0.0235,65.4166
0.4875,-12.4309,0.0725,0.0906,0.3099,0.0813,0.2667,157845.83,0.5564,2.6308,11.9694,0.0,0.0,0.2713,-6.9166,0.1484,0.3824,-0.4658,0.0059,6.0726,-4.7252,0.2664,0.199,0.5564,0.0725,60.1606
0.5781,-12.9451,0.0657,0.0,0.2657,0.0243,0.4455,146549.14,0.8042,2.4425,11.8951,0.0,0.0,0.4649,-10.4105,0.3583,0.3314,-0.8042,0.0016,799.9125,-5.3,0.3119,0.3093,0.8042,0.0,101.1872
0.3874,-13.9424,0.0776,0.1261,0.0,0.0243,0.4849,321703.44,0.5879,5.3617,12.6814,4.0,0.0,0.2277,-8.1963,0.2851,0.0776,-0.4618,0.0019,4.6268,-2.6004,0.2412,0.2402,0.5879,0.0,131.8586
0.5016,-15.6202,0.077,0.3968,0.0,0.0243,0.7491,320125.8,0.9347,5.3354,12.6765,4.0,0.0,0.4688,-14.5996,0.7002,0.077,-0.5378,0.0019,2.3495,-2.9276,0.3834,0.3701,0.9347,0.0,73.8211
0.4485,-6.8697,0.0235,0.285,0.0,0.1235,0.2457,141831.86,0.8089,2.3639,11.8624,0.0,3.0,0.3628,-5.5567,0.1988,0.0235,-0.5239,0.0029,2.8286,-2.9061,0.2764,0.2822,0.8089,0.0,64.801
0.6937,-4.6196,0.0801,0.3358,0.0701,0.1835,0.5536,230067.22,0.6904,3.8345,12.3461,1.0,3.0,0.479,-3.1893,0.3822,0.1503,-0.3546,0.0147,2.0496,-1.2048,0.3725,0.2742,0.6937,0.0701,129.2378
0.4835,-6.8875,0.0235,0.253,0.2915,0.259,0.7567,182671.0,0.918,3.0445,12.1154,0.0,3.0,0.4438,-6.3227,0.6947,0.315,-0.665,0.0061,3.6143,-2.2623,0.4265,0.3143,0.918,0.0235,123.3053
0.6344,-8.7227,0.0235,0.2909,0.34,0.1646,0.273,241568.44,0.2137,4.0261,12.3949,2.0,2.0,0.1356,-1.8643,0.0583,0.3635,0.0772,0.0039,0.7321,-2.1665,0.2772,0.1883,0.6344,0.0235,98.1809
0.6835,-7.8194,0.0235,0.2451,0.0,0.1955,0.693,147791.02,0.3855,2.4632,11.9036,0.0,2.0,0.2635,-3.0141,0.2671,0.0235,-0.1404,0.0046,1.5665,-3.1745,0.318,0.2849,0.693,0.0,107.4412
0.7932,-2.6031,0.0235,0.6243,0.2296,0.2815,0.5718,157711.05,0.1617,2.6285,11.9685,0.0,4.0,0.1282,-0.4208,0.0924,0.2531,0.4626,0.0066,0.2585,-0.9903,0.3836,0.2811,0.7932,0.0235,76.4711
0.3375,-2.6869,0.1479,0.4701,0.1205,0.2602,0.978,224118.05,0.4334,3.7353,12.3199,1.0,4.0,0.1463,-1.1645,0.4239,0.2684,0.0367,0.0385,0.92,-0.7193,0.3925,0.2901,0.978,0.1205,82.4983
0.4279,-11.1727,0.0235,0.1235,0.2578,0.1565,0.6565,161249.67,0.634,2.6875,11.9907,0.0,1.0,0.2713,-7.0835,0.4162,0.2813,-0.5105,0.0037,5.0917,-4.1573,0.3257,0.2518,0.6565,0.0235,111.4062
0.4881,-1.357,0.0433,0.3779,0.0842,0.0775,0.6036,220373.84,0.4654,3.6729,12.3031,1.0,4.0,0.2272,-0.6315,0.2809,0.1275,-0.0875,0.0034,1.2284,-0.3695,0.3057,0.2319,0.6036,0.0433,158.0332
0.7949,-13.1815,0.0664,0.0625,0.0,0.1785,0.055,307577.4,0.9473,5.1263,12.6365,4.0,0.0,0.7529,-12.4864,0.0521,0.0664,-0.8848,0.0118,14.9247,-2.5713,0.3006,0.3957,0.9473,0.0,116.5187
0.4986,-5.0773,0.1185,0.7124,0.3966,0.1628,0.6566,273467.44,0.7122,4.5578,12.5189,3.0,3.0,0.3551,-3.616,0.4676,0.515,0.0002,0.0193,0.9983,-1.114,0.4654,0.2504,0.7124,0.1185,52.635
0.7389,-9.5953,0.1013,0.056,0.0,0.0243,0.4599,227847.33,0.5424,3.7975,12.3364,1.0,1.0,0.4008,-5.2045,0.2495,0.1013,-0.4864,0.0025,9.5199,-2.5268,0.2747,0.2993,0.7389,0.0,120.9682
0.5789,-8.8796,0.1019,0.1267,0.1679,0.221,0.8431,224355.94,0.2957,3.7393,12.321,1.0,2.0,0.1712,-2.626,0.2493,0.2698,-0.1691,0.0225,2.3162,-2.3747,0.3336,0.2763,0.8431,0.1019,121.904
0.6548,-1.357,0.0235,0.2745,0.0449,0.0974,0.2656,147766.3,0.2979,2.4628,11.9034,0.0,4.0,0.1951,-0.4043,0.0791,0.0684,-0.0234,0.0023,1.0814,-0.551,0.2369,0.217,0.6548,0.0235,134.0559
0.4627,-5.9979,0.1104,0.1348,0.0,0.0243,0.5277,376773.25,0.5894,6.2796,12.8394,4.0,3.0,0.2727,-3.5351,0.311,0.1104,-0.4546,0.0027,4.3403,-0.9551,0.2642,0.2524,0.5894,0.0,143.6416
0.5896,-9.2417,0.0374,0.0,0.0399,0.1158,0.3313,315830.7,0.4128,5.2638,12.663,4.0,2.0,0.2434,-3.815,0.1368,0.0773,-0.4128,0.0043,410.5992,-1.7557,0.2181,0.2277,0.5896,0.0,150.5441
0.6896,-8.4736,0.1098,0.0,0.0727,0.0243,0.275,185831.92,0.7434,3.0972,12.1326,1.0,2.0,0.5127,-6.2992,0.2044,0.1825,-0.7434,0.0027,739.4366,-2.7359,0.2735,0.3157,0.7434,0.0,94.1585
0.6859,-8.9945,0.0235,0.3923,0.2896,0.2677,0.6115,145945.61,0.0797,2.4324,11.891,0.0,2.0,0.0547,-0.7172,0.0488,0.3131,0.3126,0.0063,0.2027,-3.6977,0.3357,0.2489,0.6859,0.0235,144.1104
0.6316,-13.7779,0.1807,0.2425,0.1444,0.2325,0.378,273095.16,0.3659,4.5516,12.5176,3.0,0.0,0.2311,-5.0409,0.1383,0.3252,-0.1233,0.042,1.5024,-3.0271,0.3108,0.1663,0.6316,0.1444,73.8211
0.558,-1.357,0.1881,0.27,0.0,0.1896,0.6548,175864.08,0.1805,2.9311,12.0775,0.0,4.0,0.1007,-0.245,0.1182,0.1881,0.0894,0.0357,0.6662,-0.463,0.2916,0.2316,0.6548,0.0,140.1917
0.7377,-5.9563,0.1179,0.3538,0.0,0.1767,0.8493,222585.03,0.3412,3.7098,12.3131,1.0,3.0,0.2517,-2.0323,0.2898,0.1179,0.0126,0.0208,0.9616,-1.6056,0.3681,0.3172,0.8493,0.0,138.6849
0.4767,-15.9672,0.0235,0.1295,0.2571,0.1146,0.556,327731.2,0.8901,5.4622,12.7,4.0,0.0,0.4243,-14.2119,0.4948,0.2806,-0.7605,0.0027,6.8183,-2.9232,0.3496,0.3081,0.8901,0.0235,148.5809
0.975,-10.594,0.0474,0.7191,0.0415,0.0243,0.3327,344817.88,0.569,5.747,12.7508,4.0,1.0,0.5548,-6.028,0.1893,0.0889,0.1501,0.0012,0.7902,-1.8434,0.387,0.3782,0.975,0.0243,155.0624
0.6643,-8.2476,0.07,0.0,0.4565,0.0725,0.0256,296867.25,0.8814,4.9478,12.601,4.0,2.0,0.5855,-7.2695,0.0226,0.5265,-0.8814,0.0051,876.7009,-1.6669,0.31,0.357,0.8814,0.0,68.4835
0.7588,-6.9672,0.0235,0.3689,0.0,0.3566,0.5309,231593.95,0.5888,3.8599,12.3527,2.0,2.0,0.4468,-4.1023,0.3126,0.0235,-0.2199,0.0084,1.5919,-1.805,0.3754,0.2834,0.7588,0.0,105.9032
0.7721,-9.4801,0.0926,0.5698,0.0,0.2446,0.6515,225671.05,0.0029,3.7612,12.3268,1.0,2.0,0.0022,-0.0272,0.0019,0.0926,0.5669,0.0226,0.005,-2.5205,0.3333,0.3255,0.7721,0.0,78.0037
0.7077,-16.3911,0.0235,0.625,0.0,0.1845,0.9239,148969.61,0.0275,2.4828,11.9115,0.0,0.0,0.0194,-0.4502,0.0254,0.0235,0.5975,0.0043,0.0439,-6.6018,0.356,0.3858,0.9239,0.0,121.3752
0.6668,-3.3397,0.0735,0.0,0.0661,0.0478,0.4579,225242.22,0.8297,3.754,12.3249,1.0,4.0,0.5533,-2.7709,0.3799,0.1396,-0.8297,0.0035,825.2434,-0.8896,0.306,0.3414,0.8297,0.0,93.8786
0.6938,-7.9714,0.0235,0.5827,0.3107,0.2689,0.5691,371868.7,0.3328,6.1978,12.8263,4.0,2.0,0.2309,-2.6529,0.1894,0.3342,0.2499,0.0063,0.5702,-1.2862,0.3974,0.2308,0.6938,0.0235,102.8856
0.7436,-8.8198,0.0235,0.1117,0.0838,0.2476,0.3526,315842.3,0.9879,5.264,12.663,4.0,2.0,0.7346,-8.7128,0.3483,0.1073,-0.8762,0.0058,8.7689,-1.6755,0.3644,0.3663,0.9879,0.0235,132.2562
0.491,-16.1475,0.0235,0.0555,0.099,0.3201,0.8181,299282.28,0.7118,4.988,12.6091,4.0,0.0,0.3495,-11.4938,0.5823,0.1225,-0.6563,0.0075,12.5919,-3.2373,0.3599,0.3231,0.8181,0.0235,96.4245
0.5637,-10.6044,0.0235,0.2624,0.036,0.0437,0.4185,284049.66,0.2335,4.7342,12.5569,3.0,1.0,0.1316,-2.4758,0.0977,0.0595,0.0289,0.001,0.8864,-2.24,0.2259,0.2093,0.5637,0.0235,153.8067
0.7173,-3.7261,0.0235,0.012,0.0925,0.2328,0.8598,309931.8,0.7381,5.1655,12.6441,4.0,4.0,0.5295,-2.7504,0.6346,0.116,-0.7261,0.0055,56.6216,-0.7213,0.3823,0.3739,0.8598,0.012,107.8468
0.7388,-10.7747,0.036,0.5167,0.0,0.191,0.8171,281737.44,0.0493,4.6956,12.5487,3.0,1.0,0.0364,-0.5308,0.0403,0.036,0.4674,0.0069,0.0952,-2.2946,0.3356,0.3494,0.8171,0.0,96.7978
0.4,-1.357,0.0235,0.2047,0.2023,0.1823,0.5864,226764.06,0.7981,3.7794,12.3317,1.0,4.0,0.3192,-1.083,0.468,0.2258,-0.5934,0.0043,3.8797,-0.3591,0.3425,0.2697,0.7981,0.0235,69.4355
0.5224,-13.2059,0.0235,0.5673,0.0,0.1748,0.7867,164586.25,0.7295,2.7431,12.0112,0.0,0.0,0.3811,-9.6332,0.5739,0.0235,-0.1621,0.0041,1.2835,-4.8142,0.4006,0.33,0.7867,0.0,121.0876
0.6634,-15.787,0.229,0.4071,0.0,0.1811,0.4249,267071.53,0.0763,4.4512,12.4953,3.0,0.0,0.0506,-1.2051,0.0324,0.229,0.3307,0.0415,0.1871,-3.5467,0.2831,0.2296,0.6634,0.0,118.8219
0.3349,-1.357,0.0235,0.1941,0.0,0.161,0.5164,243877.22,0.4944,4.0646,12.4044,2.0,4.0,0.1656,-0.6709,0.2553,0.0235,-0.3003,0.0038,2.5344,-0.3339,0.2463,0.2092,0.5164,0.0,152.2504
0.719,-9.5186,0.158,0.4932,0.2595,0.3364,0.4813,228960.25,0.1723,3.816,12.3413,1.0,2.0,0.1239,-1.6404,0.0829,0.4175,0.3209,0.0532,0.3487,-2.4944,0.3743,0.2027,0.719,0.158,76.9723
0.6199,-8.8198,0.0235,0.4035,0.4045,0.0948,0.584,215864.06,0.1879,3.5977,12.2824,1.0,2.0,0.1165,-1.657,0.1097,0.428,0.2157,0.0022,0.4644,-2.4515,0.3312,0.2341,0.6199,0.0235,91.4596
0.975,-2.6029,0.1238,0.48,0.069,0.1528,0.9243,246565.62,0.6604,4.1094,12.4154,2.0,4.0,0.6439,-1.7189,0.6104,0.1928,-0.1804,0.0189,1.3729,-0.6334,0.4836,0.3825,0.975,0.069,126.3731
0.7317,-2.9361,0.1775,0.0,0.0,0.218,0.8464,266461.62,0.3899,4.441,12.493,3.0,4.0,0.2853,-1.1447,0.33,0.1775,-0.3899,0.0387,387.7881,-0.6611,0.3376,0.3378,0.8464,0.0,127.2701
0.7343,-12.9291,0.0235,0.5271,0.0,0.1117,0.8347,181776.8,0.0758,3.0296,12.1105,0.0,0.0,0.0557,-0.98,0.0633,0.0235,0.4513,0.0026,0.1435,-4.2676,0.3296,0.3587,0.8347,0.0,126.8403
0.7739,-5.3596,0.142,0.61,0.0554,0.1119,0.7373,325768.6,0.1475,5.4295,12.6939,4.0,3.0,0.1141,-0.7904,0.1087,0.1975,0.4626,0.0159,0.2413,-0.9871,0.3683,0.3222,0.7739,0.0554,86.7406
0.5717,-1.357,0.0296,0.3449,0.2839,0.1648,0.978,131616.97,0.9925,2.1936,11.7877,0.0,4.0,0.5674,-1.3468,0.9706,0.3135,-0.6475,0.0049,2.8688,-0.6186,0.4808,0.3825,0.9925,0.0296,116.1442
0.5472,-2.6951,0.0742,0.2039,0.2867,0.1459,0.2424,354072.56,0.4149,5.9012,12.7773,4.0,4.0,0.227,-1.1181,0.1006,0.3609,-0.2109,0.0108,2.0244,-0.4567,0.2736,0.1617,0.5472,0.0742,154.2669
0.975,-5.0123,0.0235,0.1369,0.1528,0.148,0.8356,166958.58,0.5498,2.7826,12.0255,0.0,3.0,0.5361,-2.7557,0.4594,0.1763,-0.4129,0.0035,3.9861,-1.8013,0.4031,0.3826,0.975,0.0235,125.7575
0.7708,-9.737,0.029,0.0,0.0517,0.0747,0.0256,228606.2,0.9063,3.8101,12.3398,1.0,1.0,0.6986,-8.825,0.0232,0.0808,-0.9063,0.0022,901.5013,-2.5556,0.2655,0.3941,0.9063,0.0,118.5091
0.7442,-16.967,0.0235,0.6857,0.0,0.3261,0.2645,212911.33,0.1262,3.5485,12.2686,1.0,0.0,0.0939,-2.1412,0.0334,0.0235,0.5595,0.0077,0.1838,-4.7814,0.31,0.3011,0.7442,0.0,107.1412
0.6398,-11.0386,0.0235,0.3555,0.1839,0.1825,0.4386,179435.0,0.1264,2.9906,12.0976,0.0,1.0,0.0809,-1.3953,0.0554,0.2074,0.2291,0.0043,0.3545,-3.6911,0.2786,0.2115,0.6398,0.0235,136.3892
0.5315,-3.8763,0.0235,0.1917,0.3105,0.2455,0.3526,323627.28,0.3552,5.3938,12.6874,4.0,4.0,0.1888,-1.3769,0.1252,0.334,-0.1635,0.0058,1.8436,-0.7187,0.2872,0.1579,0.5315,0.0235,105.7069
0.7744,-8.2717,0.1176,0.2708,0.0688,0.1535,0.9378,310868.88,0.0738,5.1811,12.6471,4.0,2.0,0.0572,-0.6104,0.0692,0.1864,0.197,0.0181,0.2716,-1.5965,0.3424,0.3604,0.9378,0.0688,89.9995
0.8436,-12.4263,0.0421,0.0,0.1569,0.0243,0.6514,180934.17,0.6408,3.0156,12.1059,0.0,0.0,0.5406,-7.9628,0.4174,0.199,-0.6408,0.001,637.3836,-4.1207,0.337,0.3602,0.8436,0.0,156.6454
0.6909,-12.6931,0.0235,0.0243,0.1103,0.1478,0.9471,162996.72,0.7159,2.7166,12.0015,0.0,0.0,0.4946,-9.0866,0.678,0.1338,-0.6916,0.0035,28.3197,-4.6724,0.38,0.3897,0.9471,0.0235,118.1171
0.5165,-6.9656,0.1069,0.3826,0.2318,0.3855,0.7241,243068.14,0.8859,4.0511,12.4011,2.0,2.0,0.4576,-6.171,0.6415,0.3387,-0.5033,0.0412,2.3094,-1.7194,0.4619,0.2716,0.8859,0.1069,122.6514
0.7242,-6.9364,0.0629,0.8245,0.3098,0.0243,0.543,174854.05,0.3565,2.9142,12.0717,0.0,2.0,0.2581,-2.4726,0.1936,0.3728,0.468,0.0015,0.4318,-2.3802,0.4065,0.3083,0.8245,0.0243,100.2726
0.7861,-10.575,0.0777,0.1806,0.091,0.2624,0.0256,173518.72,0.4155,2.892,12.064,0.0,1.0,0.3266,-4.3936,0.0106,0.1687,-0.2348,0.0204,2.2875,-3.6567,0.2627,0.2658,0.7861,0.0256,73.6296
0.4597,-1.357,0.1737,0.0,0.0933,0.0243,0.6515,254849.66,0.3575,4.2475,12.4484,2.0,4.0,0.1643,-0.4851,0.2329,0.267,-0.3575,0.0042,355.5608,-0.3195,0.2514,0.2451,0.6515,0.0,84.0337
0.7397,-14.6602,0.1608,0.6606,0.49,0.1069,0.279,264928.0,0.0797,4.4155,12.4872,3.0,0.0,0.0589,-1.1679,0.0222,0.6508,0.581,0.0172,0.1204,-3.3202,0.3595,0.2709,0.7397,0.0797,101.0161
0.6907,-13.5958,0.0763,0.0792,0.0,0.0243,0.4905,313868.25,0.6393,5.2311,12.6567,4.0,0.0,0.4416,-8.6913,0.3135,0.0763,-0.56,0.0019,7.9682,-2.599,0.2858,0.3075,0.6907,0.0,112.0566
0.4084,-12.273,0.0457,0.0818,0.0,0.0398,0.679,229774.39,0.7491,3.8296,12.3449,1.0,1.0,0.3059,-9.1941,0.5086,0.0457,-0.6674,0.0018,9.0523,-3.2048,0.2863,0.3229,0.7491,0.0,54.9336
0.8412,-7.2951,0.1153,0.4848,0.065,0.1076,0.6118,287516.12,0.1792,4.7919,12.569,3.0,2.0,0.1507,-1.3073,0.1096,0.1804,0.3056,0.0124,0.3689,-1.5224,0.3436,0.3033,0.8412,0.065,133.9142
0.4813,-4.1925,0.118,0.0928,0.0865,0.2267,0.5672,290034.6,0.6169,4.8339,12.5778,3.0,3.0,0.2969,-2.5862,0.3499,0.2045,-0.5241,0.0267,6.5795,-0.8673,0.3127,0.2347,0.6169,0.0865,115.6488
0.4856,-10.8791,0.0235,0.095,0.3865,0.1451,0.416,256673.33,0.936,4.2779,12.4556,2.0,1.0,0.4545,-10.1828,0.3894,0.41,-0.841,0.0034,9.7523,-2.5431,0.3554,0.3111,0.936,0.0235,99.5163
0.788,-7.5968,0.0235,0.0979,0.0,0.0947,0.8351,176081.95,0.6164,2.9347,12.0787,0.0,2.0,0.4857,-4.6827,0.5148,0.0235,-0.5185,0.0022,6.2336,-2.5886,0.3508,0.3777,0.8351,0.0,174.405
0.5911,-6.9559,0.1949,0.1312,0.2631,0.0243,0.5626,273537.28,0.8983,4.559,12.5192,3.0,2.0,0.531,-6.2487,0.5054,0.458,-0.7671,0.0047,6.794,-1.5258,0.3808,0.3117,0.8983,0.0243,87.8966
0.6367,-8.7626,0.0235,0.8173,0.0684,0.3245,0.9392,225604.38,0.2461,3.7601,12.3265,1.0,2.0,0.1567,-2.1562,0.2311,0.0919,0.5712,0.0076,0.3007,-2.3304,0.4365,0.3635,0.9392,0.0235,136.5626
0.7638,-11.2723,0.0848,0.0769,0.099,0.1368,0.7166,340878.47,0.4021,5.6813,12.7393,4.0,1.0,0.3071,-4.533,0.2882,0.1837,-0.3252,0.0116,5.1609,-1.9841,0.3257,0.3049,0.7638,0.0769,97.9489
0.5672,-11.444,0.0235,0.3658,0.0,0.1728,0.2394,171516.92,0.0675,2.8586,12.0524,0.0,1.0,0.0383,-0.7721,0.0162,0.0235,0.2983,0.0041,0.1839,-4.0033,0.2052,0.2054,0.5672,0.0,137.5204
0.5025,-2.5737,0.0816,0.0992,0.0466,0.0243,0.5917,269839.28,0.8747,4.4973,12.5056,3.0,4.0,0.4396,-2.2513,0.5176,0.1283,-0.7756,0.002,8.7332,-0.5723,0.3172,0.3373,0.8747,0.0243,134.3594
0.7496,-8.8794,0.1235,0.164,0.1456,0.0581,0.474,204936.47,0.5474,3.4156,12.2305,1.0,2.0,0.4103,-4.8606,0.2595,0.269,-0.3834,0.0072,3.3169,-2.5996,0.3232,0.2652,0.7496,0.0581,51.3455
0.6514,-16.7422,0.0235,0.0,0.0,0.374,0.8939,124466.0,0.7427,2.0744,11.7318,0.0,0.0,0.4838,-12.435,0.6639,0.0235,-0.7427,0.0088,738.7735,-8.0708,0.3836,0.3841,0.8939,0.0,79.0158
0.6527,-14.0712,0.0816,0.0,0.2314,0.0243,0.7649,205414.89,0.4449,3.4236,12.2328,1.0,0.0,0.2904,-6.2598,0.3403,0.313,-0.4449,0.002,442.4949,-4.1101,0.3143,0.3105,0.7649,0.0,125.3014
0.703,-11.6154,0.0937,0.2673,0.3771,0.0243,0.6525,271415.44,0.6711,4.5236,12.5114,3.0,1.0,0.4718,-7.7947,0.4379,0.4707,-0.4037,0.0023,2.501,-2.5677,0.3984,0.2835,0.703,0.0243,104.0071
0.5938,-4.9672,0.1618,0.1778,0.0716,0.0981,0.978,257988.78,0.0915,4.2998,12.4607,2.0,3.0,0.0543,-0.4543,0.0895,0.2334,0.0864,0.0159,0.5115,-1.1552,0.3104,0.3454,0.978,0.0716,119.2338
0.5348,-11.8291,0.0535,0.209,0.1659,0.2384,0.4028,247075.58,0.3284,4.1179,12.4175,2.0,1.0,0.1756,-3.8847,0.1323,0.2194,-0.1194,0.0128,1.564,-2.8726,0.2761,0.1599,0.5348,0.0535,152.9724
0.4245,-8.8735,0.0235,0.0658,0.1526,0.2135,0.8761,242466.17,0.8911,4.0411,12.3986,2.0,2.0,0.3783,-7.9075,0.7808,0.1761,-0.8253,0.005,13.3409,-2.1958,0.3782,0.3685,0.8911,0.0235,132.7108
0.6643,-1.357,0.1549,0.2619,0.0,0.2143,0.6633,271603.8,0.3556,4.5267,12.5121,3.0,4.0,0.2362,-0.4825,0.2359,0.1549,-0.0937,0.0332,1.3525,-0.2998,0.3306,0.252,0.6643,0.0,127.1296
0.7347,-1.357,0.0858,0.3621,0.1407,0.0243,0.7981,377966.6,0.5719,6.2994,12.8426,4.0,4.0,0.4201,-0.776,0.4564,0.2266,-0.2098,0.0021,1.575,-0.2154,0.3882,0.3182,0.7981,0.0243,125.6454
0.3775,-9.4516,0.0466,0.0791,0.3368,0.1375,0.5309,262376.5,0.7933,4.3729,12.4775,3.0,2.0,0.2995,-7.4976,0.4212,0.3834,-0.7142,0.0064,9.9061,-2.1614,0.3288,0.2701,0.7933,0.0466,103.885
0.291,-7.947,0.0235,0.0401,0.2299,0.0243,0.5539,295765.84,0.9463,4.9294,12.5973,4.0,2.0,0.2754,-7.52,0.5241,0.2534,-0.9062,0.0006,23.0483,-1.6122,0.3013,0.3433,0.9463,0.0235,106.2522
0.7714,-11.9603,0.0235,0.0535,0.3049,0.2967,0.3797,134426.61,0.3327,2.2404,11.8088,0.0,1.0,0.2567,-3.9796,0.1263,0.3284,-0.2792,0.007,6.1008,-5.3384,0.3089,0.2471,0.7714,0.0235,104.7705
0.8737,-15.43,0.1404,0.0,0.0,0.3016,0.263,228774.1,0.7939,3.8129,12.3405,1.0,0.0,0.6937,-12.2504,0.2088,0.1404,-0.7939,0.0424,789.7006,-4.0468,0.3389,0.3581,0.8737,0.0,137.534
0.7619,-9.5536,0.0752,0.0,0.3319,0.2838,0.3941,294861.7,0.4836,4.9144,12.5943,4.0,2.0,0.3685,-4.6201,0.1906,0.407,-0.4836,0.0213,481.0218,-1.944,0.3329,0.255,0.7619,0.0,148.3974
0.8,-7.1744,0.0235,0.5677,0.0,0.2144,0.4826,123437.48,0.3296,2.0573,11.7235,0.0,2.0,0.2637,-2.3647,0.1591,0.0235,0.2381,0.005,0.5796,-3.4873,0.3454,0.293,0.8,0.0,91.495
0.7348,-12.6366,0.0235,0.1639,0.0994,0.1755,0.8396,204942.28,0.8137,3.4157,12.2305,1.0,0.0,0.5978,-10.282,0.6831,0.1229,-0.6497,0.0041,4.9328,-3.6996,0.4072,0.3684,0.8396,0.0235,121.4362
0.4696,-20.1637,0.0556,0.0844,0.0895,0.2148,0.0256,232771.17,0.9423,3.8795,12.3578,2.0,0.0,0.4425,-18.9996,0.0241,0.1451,-0.8578,0.0119,11.0291,-5.1975,0.2688,0.3335,0.9423,0.0256,147.8518
0.8939,-9.0587,0.0533,0.2524,0.1225,0.1881,0.7771,184974.56,0.0687,3.0829,12.128,1.0,2.0,0.0614,-0.622,0.0534,0.1758,0.1838,0.01,0.271,-2.9384,0.3366,0.3492,0.8939,0.0533,145.54
0.4899,-4.7714,0.0235,0.1338,0.0,0.2457,0.4551,237951.33,0.1411,3.9659,12.3798,2.0,3.0,0.0691,-0.6731,0.0642,0.0235,-0.0072,0.0058,1.0463,-1.2031,0.2127,0.1954,0.4899,0.0,98.1437
0.9041,-1.9573,0.1689,0.0676,0.3519,0.0416,0.978,273693.75,0.6648,4.5616,12.5198,3.0,4.0,0.6011,-1.3012,0.6502,0.5207,-0.5972,0.007,9.6881,-0.4291,0.4538,0.3943,0.978,0.0416,126.6116
0.6896,-5.9536,0.119,0.995,0.0795,0.1924,0.2979,226953.5,0.2909,3.7826,12.3325,1.0,3.0,0.2006,-1.7317,0.0867,0.1985,0.7041,0.0229,0.292,-1.574,0.3806,0.3372,0.995,0.0795,127.0892
0.6798,-10.8659,0.0235,0.0,0.0,0.2479,0.4133,123300.48,0.4939,2.055,11.7224,0.0,1.0,0.3357,-5.3663,0.2041,0.0235,-0.4939,0.0058,491.2336,-5.2875,0.2655,0.2725,0.6798,0.0,161.26
0.383,-12.1116,0.0235,0.2589,0.067,0.119,0.2776,353909.8,0.7377,5.8985,12.7768,4.0,1.0,0.2826,-8.9343,0.2048,0.0905,-0.4788,0.0028,2.8384,-2.0533,0.2667,0.2437,0.7377,0.0235,147.2496
0.6397,-7.5306,0.09,0.0,0.0,0.1784,0.5478,207056.66,0.8183,3.4509,12.2408,1.0,2.0,0.5234,-6.1621,0.4482,0.09,-0.8183,0.0161,813.9041,-2.1822,0.3249,0.3366,0.8183,0.0,86.8857
0.4245,-1.357,0.1406,0.0,0.0428,0.2924,0.7647,256023.34,0.8665,4.2671,12.453,2.0,4.0,0.3678,-1.1758,0.6626,0.1834,-0.8665,0.0411,861.8472,-0.318,0.3616,0.3434,0.8665,0.0,129.3911
0.9465,-4.9268,0.101,0.4965,0.0,0.096,0.4831,287576.0,0.5393,4.7929,12.5692,3.0,3.0,0.5104,-2.6568,0.2605,0.101,-0.0428,0.0097,1.0839,-1.0279,0.3803,0.335,0.9465,0.0,96.6933
0.5674,-14.5763,0.1188,0.3096,0.0,0.0243,0.7263,224522.95,0.4749,3.742,12.3217,1.0,0.0,0.2694,-6.9218,0.3449,0.1188,-0.1652,0.0029,1.5287,-3.8953,0.3173,0.283,0.7263,0.0,92.6099
0.9125,-1.357,0.0235,0.3695,0.1765,0.1667,0.2925,309045.38,0.2084,5.1508,12.6412,4.0,4.0,0.1902,-0.2828,0.0609,0.2,0.1611,0.0039,0.5625,-0.2635,0.3071,0.288,0.9125,0.0235,155.2497
0.4827,-14.9193,0.0727,0.7389,0.0436,0.145,0.3138,184973.42,0.2589,3.0829,12.128,1.0,0.0,0.125,-3.8631,0.0813,0.1164,0.4799,0.0105,0.35,-4.8394,0.2937,0.248,0.7389,0.0436,142.3687
0.88,-8.2706,0.0578,0.0889,0.0,0.273,0.7838,183669.9,0.7745,3.0612,12.1209,1.0,2.0,0.6816,-6.4058,0.6071,0.0578,-0.6857,0.0158,8.6203,-2.7018,0.4083,0.3889,0.88,0.0,109.9035
0.8909,-5.8348,0.0235,0.7663,0.1744,0.0748,0.5922,230455.83,0.2978,3.8409,12.3478,2.0,3.0,0.2653,-1.7376,0.1764,0.1979,0.4685,0.0018,0.3881,-1.5191,0.4029,0.3466,0.8909,0.0235,127.6884
0.6969,-10.9075,0.0235,0.4837,0.0,0.1618,0.4481,253612.83,0.2439,4.2269,12.4436,2.0,1.0,0.1699,-2.66,0.1093,0.0235,0.2398,0.0038,0.5031,-2.5805,0.294,0.2587,0.6969,0.0,117.8533
0.5728,-1.357,0.0235,0.5067,0.0,0.1276,0.4135,226501.7,0.9082,3.775,12.3305,1.0,4.0,0.5203,-1.2324,0.3755,0.0235,-0.4015,0.003,1.7889,-0.3595,0.3646,0.3334,0.9082,0.0,133.246
0.7357,-7.5917,0.0414,0.2481,0.0,0.164,0.3461,183827.98,0.4549,3.0638,12.1218,1.0,2.0,0.3346,-3.4532,0.1574,0.0414,-0.2068,0.0068,1.8261,-2.4779,0.2843,0.2557,0.7357,0.0,128.9542
0.51,-6.7165,0.0235,0.3258,0.0,0.2325,0.2497,232538.52,0.5689,3.8756,12.3568,2.0,3.0,0.2901,-3.8208,0.1421,0.0235,-0.243,0.0055,1.7406,-1.733,0.2729,0.2181,0.5689,0.0,150.5441
0.3439,-3.3354,0.0636,0.2534,0.1304,0.0776,0.7838,368567.0,0.4655,6.1428,12.8174,4.0,4.0,0.1601,-1.5525,0.3648,0.1941,-0.212,0.0049,1.8294,-0.543,0.3026,0.2581,0.7838,0.0636,157.799
0.5566,-4.0744,0.1102,0.2959,0.4516,0.0243,0.386,251387.44,0.3971,4.1898,12.4348,2.0,3.0,0.221,-1.6178,0.1533,0.5618,-0.1012,0.0027,1.3373,-0.9725,0.3174,0.1896,0.5566,0.0243,137.3601
0.7558,-15.4481,0.0568,0.593,0.0989,0.1207,0.739,251842.94,0.0094,4.1974,12.4366,2.0,0.0,0.0071,-0.1452,0.0069,0.1557,0.5836,0.0069,0.0158,-3.6804,0.3391,0.3395,0.7558,0.0094,121.7865
0.774,-11.9466,0.0712,0.2449,0.0,0.1914,0.4816,267907.94,0.09,4.4651,12.4984,3.0,1.0,0.0697,-1.0752,0.0433,0.0712,0.1549,0.0136,0.366,-2.6755,0.2647,0.2739,0.774,0.0,111.9119
0.36,-9.8497,0.0778,0.1065,0.2275,0.2036,0.6223,225007.03,0.7227,3.7501,12.3239,1.0,1.0,0.2601,-7.1181,0.4497,0.3053,-0.6161,0.0158,6.7199,-2.6265,0.3315,0.2518,0.7227,0.0778,151.6328
0.6546,-15.1237,0.1726,0.0788,0.0801,0.1196,0.288,270904.75,0.13,4.5151,12.5095,3.0,0.0,0.0851,-1.9661,0.0374,0.2527,-0.0512,0.0206,1.6294,-3.3496,0.2177,0.2055,0.6546,0.0788,132.133
0.8385,-8.9573,0.0235,0.0,0.3314,0.2857,0.2954,263594.2,0.4375,4.3932,12.4822,3.0,2.0,0.3668,-3.9185,0.1292,0.3549,-0.4375,0.0067,435.1344,-2.0389,0.316,0.2813,0.8385,0.0,111.9867
0.5636,-12.6967,0.0567,0.405,0.2812,0.133,0.8538,294584.84,0.0638,4.9097,12.5933,4.0,0.0,0.036,-0.81,0.0545,0.3379,0.3412,0.0075,0.1572,-2.586,0.3367,0.2947,0.8538,0.0567,132.18
0.444,-3.7939,0.142,0.6111,0.0998,0.1828,0.3395,167748.89,0.3335,2.7958,12.0302,0.0,4.0,0.1481,-1.2651,0.1132,0.2418,0.2777,0.026,0.5447,-1.357,0.3075,0.1819,0.6111,0.0998,109.1875
0.574,-14.5659,0.0977,0.3746,0.0228,0.1712,0.3171,317950.5,0.1316,5.2992,12.6697,4.0,0.0,0.0755,-1.9169,0.0417,0.1205,0.243,0.0167,0.3504,-2.7487,0.2413,0.1913,0.574,0.0228,107.6944
0.7819,-8.0659,0.0235,0.4713,0.0114,0.2958,0.5869,263599.22,0.2788,4.3933,12.4822,3.0,2.0,0.218,-2.2488,0.1636,0.0349,0.1925,0.007,0.5902,-1.836,0.35,0.2848,0.7819,0.0114,122.3502
0.4896,-10.9949,0.0235,0.0791,0.0864,0.0563,0.6186,315314.88,0.9083,5.2552,12.6613,4.0,1.0,0.4447,-9.9863,0.5619,0.1099,-0.8292,0.0013,11.3414,-2.0922,0.3231,0.3498,0.9083,0.0235,133.6876
0.693,-1.357,0.0737,0.0128,0.0842,0.4278,0.4559,176428.72,0.3855,2.9405,12.0807,0.0,4.0,0.2671,-0.5231,0.1757,0.158,-0.3726,0.0315,27.8647,-0.4615,0.3047,0.2525,0.693,0.0128,126.2629
0.3481,-13.3561,0.0695,0.0,0.3421,0.0948,0.978,297579.28,0.6479,4.9597,12.6034,4.0,0.0,0.2255,-8.653,0.6336,0.4115,-0.6479,0.0066,644.4126,-2.6929,0.3543,0.3534,0.978,0.0,78.6825
0.8236,-12.1775,0.1164,0.4605,0.0,0.0243,0.658,328910.62,0.5501,5.4818,12.7035,4.0,1.0,0.453,-6.6984,0.362,0.1164,-0.0895,0.0028,1.1919,-2.2214,0.3761,0.3291,0.8236,0.0,177.7169
0.6526,-7.7907,0.0235,0.2264,0.2539,0.1827,0.3637,241410.58,0.5957,4.0235,12.3943,2.0,2.0,0.3888,-4.6412,0.2167,0.2774,-0.3693,0.0043,2.6194,-1.9363,0.3284,0.2266,0.6526,0.0235,154.2944
0.8127,-11.9454,0.1246,0.6241,0.2214,0.0243,0.2981,217296.11,0.7895,3.6216,12.289,1.0,1.0,0.6416,-9.4305,0.2353,0.346,-0.1654,0.003,1.2629,-3.2984,0.4135,0.3241,0.8127,0.0243,104.4747
0.4889,-9.4813,0.0828,0.1719,0.0107,0.2883,0.8181,226501.7,0.1614,3.775,12.3305,1.0,2.0,0.0789,-1.5303,0.132,0.0935,0.0105,0.0239,0.9336,-2.5116,0.2889,0.2799,0.8181,0.0107,135.7356
0.387,-14.2039,0.0585,0.0,0.0,0.1678,0.233,164044.72,0.8127,2.7341,12.0079,0.0,0.0,0.3145,-11.5431,0.1893,0.0585,-0.8127,0.0098,808.334,-5.1951,0.237,0.2895,0.8127,0.0,145.6983
0.6379,-5.3628,0.1327,0.3313,0.0867,0.2469,0.8133,315842.38,0.3185,5.264,12.663,4.0,3.0,0.2031,-1.7079,0.259,0.2194,0.0128,0.0328,0.9584,-1.0188,0.3667,0.2659,0.8133,0.0867,125.9829
0.462,-8.7209,0.0235,0.0,0.1708,0.2287,0.6699,292847.2,0.9283,4.8808,12.5874,4.0,2.0,0.4289,-8.0959,0.6219,0.1943,-0.9283,0.0054,923.384,-1.7868,0.3548,0.3476,0.9283,0.0,138.5912
0.7875,-10.9388,0.0983,0.377,0.3028,0.2379,0.3045,176488.83,0.0849,2.9415,12.081,0.0,1.0,0.0668,-0.9283,0.0258,0.4012,0.2921,0.0234,0.2245,-3.7188,0.3133,0.2357,0.7875,0.0849,135.4473
0.568,-20.9472,0.0235,0.3495,0.0471,0.2219,0.5827,170828.95,0.3796,2.8471,12.0484,0.0,0.0,0.2156,-7.9515,0.2212,0.0706,-0.0301,0.0052,1.083,-7.3572,0.3103,0.2259,0.5827,0.0235,176.1228
0.8982,-3.8132,0.0789,0.0377,0.1718,0.3838,0.7941,325739.6,0.834,5.429,12.6939,4.0,4.0,0.7491,-3.1802,0.6623,0.2508,-0.7963,0.0303,21.5583,-0.7024,0.457,0.3777,0.8982,0.0377,87.4763
0.7376,-4.9374,0.0235,0.0,0.0,0.1781,0.7575,260759.19,0.5934,4.346,12.4714,3.0,3.0,0.4377,-2.9298,0.4495,0.0235,-0.5934,0.0042,590.2364,-1.1361,0.3272,0.3543,0.7575,0.0,92.4711
0.4848,-1.8418,0.0651,0.397,0.0,0.0385,0.978,246712.75,0.7699,4.1119,12.416,2.0,4.0,0.3733,-1.4179,0.7529,0.0651,-0.3729,0.0025,1.9345,-0.4479,0.3905,0.383,0.978,0.0,122.7647
0.3676,-3.9836,0.1063,0.1203,0.0783,0.1361,0.0256,287027.44,0.8347,4.7838,12.5673,3.0,3.0,0.3068,-3.3249,0.0214,0.1847,-0.7144,0.0145,6.881,-0.8327,0.2384,0.2843,0.8347,0.0256,77.3982
0.7331,-1.357,0.0939,0.1709,0.0,0.3927,0.6045,292379.28,0.6431,4.873,12.5858,4.0,4.0,0.4715,-0.8727,0.3888,0.0939,-0.4722,0.0369,3.7415,-0.2785,0.3769,0.2928,0.7331,0.0,136.8827
0.4579,-5.3949,0.0614,0.6393,0.0669,0.1848,0.6428,277072.28,0.2544,4.6179,12.532,3.0,3.0,0.1165,-1.3725,0.1635,0.1284,0.3849,0.0113,0.3973,-1.1683,0.3297,0.251,0.6428,0.0614,110.7216
0.7777,-10.5746,0.0687,0.0498,0.0209,0.0866,0.5547,300390.38,0.5649,5.0065,12.6128,4.0,1.0,0.4393,-5.9732,0.3133,0.0895,-0.5151,0.0059,11.1228,-2.1122,0.3033,0.317,0.7777,0.0209,86.7714
0.975,-5.6441,0.1914,0.3739,0.0465,0.0243,0.3829,304769.06,0.76,5.0795,12.6273,4.0,3.0,0.741,-4.2895,0.291,0.2379,-0.3861,0.0047,2.027,-1.1112,0.3934,0.3584,0.975,0.0243,109.4023
0.6359,-1.357,0.053,0.0,0.0949,0.2619,0.7356,271491.56,0.2736,4.5249,12.5117,3.0,4.0,0.174,-0.3713,0.2013,0.1479,-0.2736,0.0139,272.1413,-0.2999,0.2936,0.288,0.7356,0.0,117.6269
0.583,-1.357,0.0235,0.1386,0.0,0.2219,0.5273,163558.86,0.2676,2.726,12.0049,0.0,4.0,0.156,-0.3631,0.1411,0.0235,-0.129,0.0052,1.9172,-0.4978,0.2517,0.2291,0.583,0.0,98.3539
0.8271,-9.5732,0.0235,0.1723,0.0774,0.1635,0.4551,202849.0,0.2909,3.3808,12.2202,1.0,1.0,0.2406,-2.7845,0.1324,0.1009,-0.1185,0.0038,1.6781,-2.8316,0.2871,0.2774,0.8271,0.0235,140.5196
0.5949,-2.9579,0.0378,0.3678,0.1625,0.0243,0.311,309569.84,0.6945,5.1595,12.6429,4.0,4.0,0.4131,-2.0541,0.216,0.2002,-0.3267,0.0009,1.8832,-0.5733,0.3132,0.2613,0.6945,0.0243,150.1611
0.5966,-6.266,0.0297,0.0,0.1366,0.0957,0.5648,241270.9,0.3918,4.0212,12.3937,2.0,3.0,0.2337,-2.455,0.2213,0.1663,-0.3918,0.0028,389.7112,-1.5582,0.2593,0.2538,0.5966,0.0,111.0087
0.4169,-7.3055,0.0235,0.1933,0.0,0.1927,0.5475,258910.11,0.5067,4.3152,12.4642,2.0,2.0,0.2113,-3.702,0.2774,0.0235,-0.3134,0.0045,2.6077,-1.693,0.2687,0.2237,0.5475,0.0,115.7213
0.5393,-5.9637,0.0235,0.0602,0.0,0.3266,0.4389,129769.61,0.4174,2.1628,11.7735,0.0,3.0,0.2251,-2.4893,0.1832,0.0235,-0.3572,0.0077,6.8227,-2.7574,0.258,0.2246,0.5393,0.0,108.4574
0.4445,-5.8591,0.0235,0.5077,0.0,0.2359,0.4765,299005.6,0.7109,4.9834,12.6082,4.0,3.0,0.316,-4.1651,0.3388,0.0235,-0.2031,0.0055,1.3973,-1.1757,0.3427,0.2651,0.7109,0.0,123.1726
0.6238,-8.8095,0.0975,0.1376,0.1376,0.0243,0.2979,310829.66,0.6581,5.1805,12.647,4.0,2.0,0.4105,-5.7973,0.1961,0.2352,-0.5204,0.0024,4.7466,-1.7005,0.2824,0.2584,0.6581,0.0243,53.7705
0.6939,-15.2875,0.0241,0.494,0.0929,0.497,0.6186,229113.6,0.1324,3.8186,12.342,1.0,0.0,0.0919,-2.0241,0.0819,0.117,0.3616,0.012,0.2675,-4.0035,0.3647,0.2742,0.6939,0.0241,149.9094
0.4616,-6.0831,0.0519,0.0,0.1334,0.2619,0.4386,261368.17,0.859,4.3561,12.4737,3.0,3.0,0.3965,-5.2253,0.3768,0.1854,-0.859,0.0136,854.4203,-1.3964,0.3152,0.2991,0.859,0.0,111.5689
0.975,-5.946,0.0749,0.241,0.186,0.0692,0.9741,226517.06,0.4174,3.7753,12.3306,1.0,3.0,0.407,-2.4819,0.4066,0.2609,-0.1764,0.0052,1.7251,-1.575,0.4197,0.3967,0.975,0.0692,134.5137
0.7039,-7.8193,0.166,0.1671,0.2613,0.0243,0.7547,253357.9,0.3414,4.2226,12.4426,2.0,2.0,0.2403,-2.6695,0.2577,0.4273,-0.1743,0.004,2.0312,-1.8518,0.3455,0.2799,0.7547,0.0243,136.7082
0.7068,-7.8794,0.1335,0.3684,0.3499,0.2148,0.7388,376972.06,0.2555,6.2829,12.8399,4.0,2.0,0.1806,-2.0129,0.1887,0.4834,0.113,0.0287,0.6915,-1.2541,0.3954,0.2375,0.7388,0.1335,84.8672
0.6482,-11.8686,0.1204,0.0863,0.121,0.0243,0.2645,106010.0,0.9551,1.7668,11.5713,0.0,1.0,0.6191,-11.3361,0.2526,0.2414,-0.8689,0.0029,10.946,-6.7175,0.3171,0.3502,0.9551,0.0243,101.2408
0.6645,-10.7835,0.0967,0.0491,0.19,0.0243,0.7961,182673.31,0.8075,3.0446,12.1155,0.0,1.0,0.5365,-8.7073,0.6428,0.2866,-0.7584,0.0023,16.1216,-3.5419,0.3754,0.3626,0.8075,0.0243,82.5792
0.7371,-15.773,0.0351,0.3065,0.0628,0.2857,0.7244,243067.27,0.5129,4.0511,12.4011,2.0,0.0,0.378,-8.0895,0.3715,0.0978,-0.2064,0.01,1.6679,-3.8935,0.3806,0.288,0.7371,0.0351,122.6741
0.7127,-23.0114,0.0426,0.5691,0.0067,0.3473,0.6749,304489.47,0.0385,5.0748,12.6264,4.0,0.0,0.0274,-0.8852,0.026,0.0493,0.5306,0.0148,0.0675,-4.5344,0.3417,0.3147,0.7127,0.0067,86.8052
0.568,-12.7809,0.1249,0.4536,0.1661,0.1689,0.2712,343519.38,0.9321,5.7253,12.747,4.0,0.0,0.5294,-11.9135,0.2528,0.291,-0.4785,0.0211,2.0503,-2.2323,0.3836,0.2923,0.9321,0.1249,137.0623
0.7716,-2.8249,0.0235,0.088,0.0398,0.3167,0.8487,204086.9,0.4922,3.4014,12.2263,1.0,4.0,0.3798,-1.3904,0.4177,0.0633,-0.4042,0.0074,5.5275,-0.8305,0.3686,0.3456,0.8487,0.0235,96.6439
0.975,-6.9323,0.0235,0.2237,0.4904,0.3301,0.7239,283051.66,0.3927,4.7175,12.5534,3.0,2.0,0.3829,-2.7225,0.2843,0.5139,-0.169,0.0078,1.7479,-1.4695,0.4513,0.317,0.975,0.0235,118.3638
0.568,-1.357,0.0235,0.6259,0.4228,0.307,0.661,220387.73,0.1762,3.6731,12.3031,1.0,4.0,0.1001,-0.2391,0.1165,0.4463,0.4497,0.0072,0.2811,-0.3694,0.3978,0.241,0.661,0.0235,140.4889
0.8264,-1.357,0.0497,0.2815,0.0,0.0914,0.735,161776.7,0.2411,2.6963,11.994,0.0,4.0,0.1993,-0.3272,0.1772,0.0497,0.0404,0.0045,0.8535,-0.5033,0.3179,0.3327,0.8264,0.0,124.6697
0.5674,-13.9245,0.0562,0.2278,0.0,0.2801,0.978,248108.0,0.3309,4.1351,12.4216,2.0,0.0,0.1877,-4.6072,0.3236,0.0562,-0.103,0.0157,1.4458,-3.3674,0.3486,0.3343,0.978,0.0,107.004
0.5309,-16.8809,0.1087,0.3944,0.1312,0.3423,0.5948,220383.69,0.074,3.6731,12.3031,1.0,0.0,0.0393,-1.2492,0.044,0.2399,0.3204,0.0372,0.1872,-4.5959,0.3109,0.2107,0.5948,0.074,99.3529
0.8178,-17.0114,0.0772,0.3515,0.2614,0.3568,0.5929,253965.72,0.1417,4.2328,12.445,2.0,0.0,0.1159,-2.4099,0.084,0.3386,0.2098,0.0275,0.4019,-4.019,0.3713,0.2583,0.8178,0.0772,137.0543
0.5312,-5.0557,0.1409,0.2226,0.0,0.1588,0.765,235063.89,0.836,3.9177,12.3676,2.0,3.0,0.4441,-4.2266,0.6395,0.1409,-0.6134,0.0224,3.7385,-1.2905,0.3792,0.3302,0.836,0.0,115.8476
0.5567,-12.035,0.0864,0.5662,0.0033,0.1401,0.7348,160536.69,0.2423,2.6756,11.9863,0.0,1.0,0.1349,-2.9157,0.178,0.0897,0.3239,0.0121,0.4271,-4.498,0.3328,0.2831,0.7348,0.0033,120.902
0.5038,-16.5792,0.0235,0.1403,0.0,0.1868,0.0256,225471.92,0.9334,3.7579,12.326,1.0,0.0,0.4703,-15.475,0.0239,0.0235,-0.7931,0.0044,6.6058,-4.4119,0.2591,0.3443,0.9334,0.0,107.3173
0.5195,-9.0961,0.0235,0.0,0.0,0.0481,0.3858,223373.0,0.8741,3.7229,12.3166,1.0,2.0,0.4541,-7.9512,0.3373,0.0235,-0.8741,0.0011,869.473,-2.4433,0.2644,0.3407,0.8741,0.0,141.37
0.7765,-1.9152,0.046,0.0,0.1766,0.2566,0.0256,236896.11,0.3204,3.9483,12.3754,2.0,4.0,0.2488,-0.6136,0.0082,0.2226,-0.3204,0.0118,318.6918,-0.4851,0.2288,0.2705,0.7765,0.0,133.5968
0.8166,-7.0683,0.1339,0.485,0.0,0.1717,0.978,265555.8,0.4488,4.4259,12.4896,3.0,2.0,0.3665,-3.1723,0.4389,0.1339,0.0362,0.023,0.9234,-1.597,0.4334,0.3634,0.978,0.0,118.6713
0.6908,-10.5705,0.08,0.3555,0.1276,0.2965,0.7499,233824.44,0.1244,3.8971,12.3623,2.0,1.0,0.0859,-1.315,0.0933,0.2076,0.2311,0.0237,0.3489,-2.7124,0.3464,0.2745,0.7499,0.08,73.8296
0.5989,-7.6714,0.0235,0.2714,0.0898,0.1855,0.4669,281136.5,0.4917,4.6856,12.5466,3.0,2.0,0.2945,-3.7718,0.2296,0.1133,-0.2202,0.0044,1.8048,-1.6372,0.304,0.2192,0.5989,0.0235,129.0488
0.814,-7.1768,0.0452,0.0,0.0,0.1675,0.7622,358034.88,0.9147,5.9672,12.7884,4.0,2.0,0.7446,-6.5644,0.6972,0.0452,-0.9147,0.0076,909.7902,-1.2027,0.3862,0.4215,0.9147,0.0,176.018
0.6718,-5.5734,0.1275,0.0,0.0998,0.0993,0.6659,132493.92,0.5343,2.2082,11.7943,0.0,3.0,0.3589,-2.9777,0.3558,0.2273,-0.5343,0.0127,531.4182,-2.5239,0.3141,0.296,0.6718,0.0,123.7227
0.3867,-9.0981,0.1185,0.0696,0.056,0.0857,0.2799,207856.06,0.9047,3.4643,12.2446,1.0,2.0,0.3499,-8.2307,0.2532,0.1745,-0.8351,0.0102,12.821,-2.6263,0.2716,0.3053,0.9047,0.056,140.2762
0.975,-7.7497,0.0775,0.527,0.3776,0.0243,0.5296,181581.33,0.8291,3.0264,12.1095,0.0,2.0,0.8084,-6.4255,0.4391,0.4551,-0.3021,0.0019,1.5703,-2.5607,0.4772,0.354,0.975,0.0243,120.1066
0.5907,-8.1885,0.1027,0.3369,0.0,0.2149,0.978,340821.88,0.0657,5.6804,12.7391,4.0,2.0,0.0388,-0.5377,0.0642,0.1027,0.2713,0.0221,0.1943,-1.4415,0.327,0.3492,0.978,0.0,147.3682
0.9555,-10.6612,0.0838,0.0174,0.0977,0.0698,0.978,248520.3,0.7221,4.142,12.4233,2.0,1.0,0.69,-7.6988,0.7062,0.1815,-0.7047,0.0058,39.2122,-2.5739,0.4178,0.4455,0.978,0.0174,99.5618
0.8061,-8.7462,0.2288,0.0,0.0,0.3014,0.978,264564.62,0.3416,4.4094,12.4858,3.0,2.0,0.2754,-2.9877,0.3341,0.2288,-0.3416,0.069,339.7788,-1.9835,0.3794,0.3782,0.978,0.0,114.4689
0.781,-6.9929,0.0789,0.1427,0.0687,0.4028,0.5575,248174.62,0.4155,4.1362,12.4219,2.0,2.0,0.3245,-2.9053,0.2316,0.1476,-0.2728,0.0318,2.8917,-1.6906,0.3496,0.2682,0.781,0.0687,168.207
0.4599,-1.357,0.1738,0.0,0.256,0.3276,0.0256,317900.0,0.737,5.2983,12.6695,4.0,4.0,0.339,-1.0001,0.0189,0.4297,-0.737,0.0569,733.0708,-0.2561,0.2828,0.2577,0.737,0.0,137.0225
0.5569,-12.719,0.0235,0.4118,0.0,0.2356,0.5719,336931.5,0.2447,5.6155,12.7276,4.0,0.0,0.1363,-3.1128,0.14,0.0235,0.167,0.0055,0.5929,-2.265,0.2921,0.233,0.5719,0.0,77.5261
0.6115,-12.5877,0.0235,0.0693,0.0236,0.1911,0.4909,260945.52,0.3191,4.3491,12.4721,3.0,0.0,0.1951,-4.0163,0.1566,0.0471,-0.2497,0.0045,4.5367,-2.8943,0.247,0.2353,0.6115,0.0235,121.9762
0.4201,-1.357,0.0561,0.173,0.0,0.3281,0.564,304953.72,0.6902,5.0826,12.6279,4.0,4.0,0.2899,-0.9366,0.3893,0.0561,-0.5172,0.0184,3.9674,-0.267,0.3188,0.2583,0.6902,0.0,83.1322
0.867,-7.9474,0.047,0.0372,0.0616,0.0243,0.6467,235810.16,0.6459,3.9302,12.3708,2.0,2.0,0.56,-5.1329,0.4177,0.1087,-0.6086,0.0011,16.8887,-2.0221,0.3328,0.3696,0.867,0.0243,135.5183
0.6934,-10.0967,0.0898,0.3255,0.0,0.0243,0.5697,296828.38,0.0875,4.9471,12.6009,4.0,1.0,0.0607,-0.8838,0.0499,0.0899,0.238,0.0022,0.2681,-2.0409,0.2558,0.2798,0.6934,0.0,151.3868
0.6529,-3.5198,0.0613,0.0,0.0,0.1336,0.6726,136424.36,0.8154,2.2737,11.8235,0.0,4.0,0.5323,-2.87,0.5484,0.0613,-0.8154,0.0082,811.0528,-1.548,0.3337,0.3619,0.8154,0.0,113.731
0.8089,-9.7139,0.0235,0.0909,0.0,0.4287,0.4836,223965.2,0.4554,3.7328,12.3192,1.0,1.0,0.3684,-4.4237,0.2202,0.0235,-0.3645,0.0101,4.9539,-2.6023,0.3273,0.2996,0.8089,0.0,137.8998
0.7436,-8.6337,0.0235,0.0,0.2446,0.2765,0.4098,103311.97,0.9961,1.7219,11.5455,0.0,2.0,0.7406,-8.5997,0.4082,0.2681,-0.9961,0.0065,990.7562,-5.0141,0.3849,0.3681,0.9961,0.0,101.7374
0.5313,-11.9473,0.0819,0.0,0.0,0.2997,0.2915,203689.67,0.6684,3.3948,12.2244,1.0,1.0,0.3551,-7.9856,0.1948,0.0819,-0.6684,0.0246,664.8365,-3.5193,0.2676,0.2612,0.6684,0.0,146.1548
0.6945,-1.357,0.0235,0.0,0.0,0.0463,0.6698,320110.62,0.7643,5.3352,12.6764,4.0,4.0,0.5308,-1.0371,0.5119,0.0235,-0.7643,0.0011,760.192,-0.2543,0.3141,0.3713,0.7643,0.0,143.6614
0.433,-6.3299,0.0235,0.0,0.5391,0.1818,0.6915,332650.12,0.8453,5.5442,12.7148,4.0,3.0,0.3661,-5.3509,0.5846,0.5626,-0.8453,0.0043,840.8265,-1.1417,0.3878,0.3297,0.8453,0.0,126.9193
0.5318,-8.7389,0.0628,0.1041,0.0,0.2364,0.7373,268522.9,0.7869,4.4754,12.5007,3.0,2.0,0.4185,-6.877,0.5802,0.0628,-0.6828,0.0149,7.4878,-1.9527,0.3514,0.3297,0.7869,0.0,137.9839
0.5086,-13.6628,0.1323,0.4766,0.0,0.0243,0.5613,298037.22,0.5401,4.9673,12.605,4.0,0.0,0.2747,-7.3788,0.3031,0.1323,-0.0635,0.0032,1.1308,-2.7506,0.3205,0.2555,0.5613,0.0,98.4901
0.7493,-10.9244,0.0564,0.2937,0.0567,0.0795,0.614,305090.38,0.0062,5.0848,12.6284,4.0,1.0,0.0046,-0.0677,0.0038,0.1131,0.2875,0.0045,0.021,-2.1484,0.2651,0.3015,0.7493,0.0062,141.6702
0.7193,-1.357,0.0235,0.5049,0.1605,0.1714,0.0256,252318.28,0.4644,4.2053,12.4385,2.0,4.0,0.334,-0.6302,0.0119,0.184,0.0405,0.004,0.9179,-0.3227,0.2957,0.2685,0.7193,0.0235,90.5278
0.5755,-9.0365,0.0235,0.0638,0.0,0.3968,0.5046,179466.47,0.6639,2.9911,12.0977,0.0,2.0,0.3821,-5.9996,0.335,0.0235,-0.6001,0.0093,10.2432,-3.0211,0.3183,0.2827,0.6639,0.0,140.613
0.8,-16.0963,0.0235,0.2483,0.0963,0.1375,0.4135,263032.03,0.2942,4.3839,12.48,3.0,0.0,0.2354,-4.7355,0.1217,0.1198,-0.0459,0.0032,1.1802,-3.6717,0.2876,0.261,0.8,0.0235,157.2282
0.7818,-16.4376,0.0389,0.3601,0.0,0.2968,0.5795,232343.55,0.2591,3.8724,12.356,2.0,0.0,0.2025,-4.2584,0.1501,0.0389,0.101,0.0115,0.7175,-4.2448,0.3309,0.279,0.7818,0.0,105.5384
0.706,-8.8078,0.0235,0.4445,0.0,0.2358,0.5428,174029.22,0.3572,2.9005,12.067,0.0,2.0,0.2522,-3.1462,0.1939,0.0235,0.0873,0.0055,0.8017,-3.0367,0.33,0.2621,0.706,0.0,185.858
0.4834,-5.7166,0.0984,0.0859,0.3304,0.4599,0.571,260624.23,0.9447,4.3437,12.4708,3.0,3.0,0.4567,-5.4003,0.5394,0.4289,-0.8588,0.0453,10.8737,-1.3161,0.4248,0.2963,0.9447,0.0859,109.0544
0.739,-2.1261,0.0235,0.0,0.2557,0.1166,0.8158,254933.84,0.9387,4.2489,12.4488,2.0,4.0,0.6937,-1.9957,0.7658,0.2792,-0.9387,0.0027,933.6622,-0.5004,0.4128,0.4041,0.9387,0.0,96.7586
0.8641,-12.1812,0.0818,0.3412,0.0018,0.0243,0.5425,165789.33,0.7383,2.7632,12.0185,0.0,1.0,0.6379,-8.993,0.4005,0.0836,-0.397,0.002,2.1572,-4.4084,0.3706,0.3532,0.8641,0.0018,139.1071
0.8478,-10.4501,0.1017,0.3589,0.0914,0.1529,0.6918,139439.7,0.0228,2.324,11.8454,0.0,1.0,0.0193,-0.2383,0.0158,0.193,0.3361,0.0155,0.0634,-4.4966,0.3239,0.3251,0.8478,0.0228,105.4736
0.6749,-10.0716,0.0935,0.4928,0.0326,0.0513,0.7545,182093.33,0.2621,3.0349,12.1123,0.0,1.0,0.1769,-2.6394,0.1977,0.1262,0.2308,0.0048,0.5307,-3.3186,0.3374,0.3033,0.7545,0.0326,128.7028
0.4786,-5.0549,0.0477,0.2969,0.0788,0.2466,0.978,202674.06,0.5478,3.3779,12.2194,1.0,3.0,0.2622,-2.769,0.5357,0.1265,-0.2509,0.0118,1.8389,-1.4964,0.3821,0.3218,0.978,0.0477,142.5452
0.6098,-9.2431,0.0376,0.826,0.1038,0.1257,0.6045,345510.8,0.0734,5.7585,12.7528,4.0,2.0,0.0448,-0.6784,0.0444,0.1415,0.7526,0.0047,0.0888,-1.6051,0.3401,0.3274,0.826,0.0376,135.3916
0.6545,-10.0975,0.0781,0.4906,0.0,0.145,0.8546,124762.85,0.0033,2.0794,11.7342,0.0,1.0,0.0022,-0.0337,0.0028,0.0781,0.4873,0.0113,0.0068,-4.856,0.318,0.3461,0.8546,0.0,117.9688
0.5718,-20.174,0.0235,0.266,0.0,0.1189,0.5312,264101.78,0.7163,4.4017,12.4841,3.0,0.0,0.4095,-14.45,0.3805,0.0235,-0.4503,0.0028,2.683,-4.5832,0.3182,0.2883,0.7163,0.0,187.5667
0.7927,-15.9063,0.0852,0.3981,0.0,0.1614,0.6117,249854.83,0.1375,4.1642,12.4286,2.0,0.0,0.109,-2.1876,0.0841,0.0852,0.2606,0.0138,0.3446,-3.8197,0.3124,0.2973,0.7927,0.0,144.328
0.6734,-1.357,0.0923,0.2546,0.1368,0.0243,0.2158,266832.78,0.9188,4.4472,12.4944,3.0,4.0,0.6187,-1.2468,0.1983,0.2292,-0.6642,0.0022,3.5945,-0.3051,0.3309,0.3343,0.9188,0.0243,135.5878
0.3128,-7.266,0.0969,0.3059,0.0,0.0243,0.4918,251384.45,0.9321,4.1897,12.4347,2.0,2.0,0.2915,-6.7728,0.4584,0.0969,-0.6262,0.0024,3.0373,-1.7342,0.3091,0.3274,0.9321,0.0,129.377
0.7691,-8.2614,0.1176,0.2881,0.1037,0.1931,0.4437,243956.28,0.1932,4.0659,12.4047,2.0,2.0,0.1486,-1.5961,0.0857,0.2213,0.0949,0.0227,0.6684,-2.0319,0.3012,0.2365,0.7691,0.1037,106.7384
0.6309,-15.1359,0.0842,0.2417,0.0872,0.1609,0.2393,214651.25,0.4575,3.5775,12.2768,1.0,0.0,0.2886,-6.9242,0.1095,0.1713,-0.2158,0.0135,1.885,-4.2308,0.2717,0.2029,0.6309,0.0842,119.3253
0.4632,-9.7492,0.0487,0.0648,0.3966,0.0243,0.0764,127558.96,0.9499,2.126,11.7563,0.0,1.0,0.44,-9.2604,0.0725,0.4453,-0.885,0.0012,14.4316,-4.5857,0.2891,0.342,0.9499,0.0243,126.5241
0.4612,-14.5279,0.1709,0.4579,0.1678,0.1324,0.2347,304786.53,0.2575,5.0798,12.6274,4.0,0.0,0.1188,-3.7405,0.0604,0.3386,0.2005,0.0226,0.561,-2.86,0.2689,0.1369,0.4612,0.1324,96.183
0.7575,-13.9173,0.0235,0.307,0.083,0.3009,0.2912,184587.81,0.0432,3.0765,12.1259,1.0,0.0,0.0327,-0.6012,0.0126,0.1065,0.2638,0.0071,0.1402,-4.5238,0.2581,0.2538,0.7575,0.0235,162.0231
0.7163,-13.6906,0.11,0.385,0.2406,0.2489,0.7544,186695.11,0.0874,3.1116,12.1372,1.0,0.0,0.0626,-1.1966,0.0659,0.3505,0.2976,0.0274,0.2264,-4.3999,0.3632,0.2728,0.7544,0.0874,147.3903
0.3439,-6.9364,0.0235,0.3768,0.15,0.1366,0.8297,186655.81,0.4835,3.1109,12.137,1.0,2.0,0.1663,-3.354,0.4012,0.1735,-0.1067,0.0032,1.2799,-2.2297,0.3348,0.2706,0.8297,0.0235,60.0652
0.8419,-9.7464,0.0552,0.0,0.0,0.4198,0.3501,154963.38,0.6368,2.5827,11.951,0.0,1.0,0.5361,-6.2065,0.2229,0.0552,-0.6368,0.0232,633.405,-3.7737,0.3291,0.3311,0.8419,0.0,149.851
0.975,-1.357,0.1167,0.36,0.0,0.1537,0.5814,124723.87,0.9235,2.0787,11.7339,0.0,4.0,0.9004,-1.2531,0.5369,0.1167,-0.5634,0.0179,2.5578,-0.6528,0.4443,0.3929,0.975,0.0,94.3766
0.7575,-2.3321,0.0976,0.1806,0.3436,0.0243,0.6386,171729.88,0.3178,2.8622,12.0537,0.0,4.0,0.2407,-0.7411,0.2029,0.4413,-0.1372,0.0024,1.7498,-0.8148,0.3372,0.2732,0.7575,0.0243,115.7447
0.7176,-7.7817,0.0933,0.2704,0.0,0.1298,0.8453,250827.5,0.4065,4.1805,12.4325,2.0,2.0,0.2917,-3.163,0.3436,0.0933,-0.136,0.0121,1.4975,-1.8615,0.3519,0.3232,0.8453,0.0,136.6865
0.7491,-4.7739,0.1019,0.5259,0.2437,0.366,0.6648,283653.44,0.2047,4.7276,12.5555,3.0,3.0,0.1534,-0.9774,0.1361,0.3455,0.3212,0.0373,0.3885,-1.0098,0.408,0.245,0.7491,0.1019,152.6123
0.6385,-13.8954,0.0657,0.0018,0.442,0.0243,0.691,63973.0,0.9487,1.0662,11.0662,0.0,0.0,0.6057,-13.1821,0.6555,0.5077,-0.9469,0.0016,339.7232,-13.0324,0.4017,0.3777,0.9487,0.0018,76.0053
0.815,-12.6184,0.1056,0.5694,0.2924,0.0243,0.7237,247031.45,0.6145,4.1172,12.4173,2.0,0.0,0.5008,-7.7536,0.4447,0.398,-0.0451,0.0026,1.0773,-3.0648,0.4493,0.3093,0.815,0.0243,115.6263
0.7854,-10.4017,0.0235,0.2059,0.3049,0.0799,0.7625,285029.5,0.1536,4.7505,12.5604,3.0,1.0,0.1206,-1.5977,0.1171,0.3284,0.0523,0.0019,0.7424,-2.1896,0.3308,0.3157,0.7854,0.0235,86.4404
0.5428,-11.0901,0.0673,0.0939,0.0,0.2514,0.8463,227944.02,0.7861,3.7991,12.3369,1.0,1.0,0.4267,-8.7176,0.6652,0.0673,-0.6921,0.0169,8.2806,-2.9192,0.3697,0.3532,0.8463,0.0,85.6134
0.6737,-11.0372,0.0235,0.0,0.262,0.2656,0.5664,232411.9,0.4278,3.8735,12.3563,2.0,1.0,0.2882,-4.7217,0.2423,0.2855,-0.4278,0.0062,425.5192,-2.8494,0.317,0.2562,0.6737,0.0,152.9791
0.6826,-6.9874,0.0413,0.0,0.0,0.2716,0.5896,296955.0,0.5485,4.9493,12.6013,4.0,2.0,0.3744,-3.8324,0.3234,0.0413,-0.5485,0.0112,545.5426,-1.4118,0.3048,0.2999,0.6826,0.0,124.373
0.4434,-8.2965,0.087,0.4737,0.0798,0.0876,0.5692,334048.03,0.1955,5.5675,12.719,4.0,2.0,0.0867,-1.6217,0.1113,0.1668,0.2783,0.0076,0.4117,-1.4902,0.2766,0.2119,0.5692,0.0798,122.724
0.3308,-6.8832,0.0235,0.5342,0.1526,0.2727,0.7662,272881.28,0.2326,4.548,12.5168,3.0,3.0,0.077,-1.601,0.1782,0.1761,0.3016,0.0064,0.4346,-1.5135,0.3304,0.2484,0.7662,0.0235,104.5193
0.7459,-9.9473,0.1128,0.0,0.0,0.0942,0.0256,242638.67,0.4368,4.044,12.3993,2.0,1.0,0.3258,-4.345,0.0112,0.1128,-0.4368,0.0106,434.4712,-2.4598,0.2022,0.2838,0.7459,0.0,110.1701
0.5395,-1.357,0.0702,0.5432,0.0,0.2659,0.0256,281873.47,0.8267,4.6979,12.5492,3.0,4.0,0.446,-1.1218,0.0212,0.0702,-0.2835,0.0187,1.5191,-0.2889,0.3244,0.3186,0.8267,0.0,148.701
0.7247,-9.1209,0.0235,0.4427,0.0471,0.3187,0.7867,210824.83,0.3154,3.5137,12.2588,1.0,2.0,0.2286,-2.8767,0.2481,0.0706,0.1273,0.0075,0.7108,-2.5958,0.3798,0.2983,0.7867,0.0235,161.3864
0.7172,-9.4914,0.0565,0.1677,0.019,0.1759,0.458,226570.58,0.1376,3.7762,12.3308,1.0,2.0,0.0987,-1.306,0.063,0.0755,0.0301,0.0099,0.8155,-2.5135,0.2474,0.2507,0.7172,0.019,155.0621
0.7711,-9.8701,0.0799,0.0,0.0,0.1635,0.927,248389.14,0.3632,4.1398,12.4228,2.0,1.0,0.2801,-3.5848,0.3367,0.0799,-0.3632,0.0131,361.2636,-2.3842,0.3293,0.3786,0.927,0.0,118.7977
0.352,-1.357,0.0424,0.525,0.2428,0.1112,0.5781,218814.27,0.4949,3.6469,12.296,1.0,4.0,0.1742,-0.6716,0.2861,0.2851,0.03,0.0047,0.941,-0.3721,0.3352,0.2103,0.5781,0.0424,135.799
0.504,-6.294,0.1556,0.304,0.0,0.4969,0.2836,230471.34,0.6785,3.8412,12.3479,2.0,3.0,0.342,-4.2707,0.1925,0.1556,-0.3746,0.0773,2.2249,-1.6386,0.3461,0.2309,0.6785,0.0,146.5459
0.8322,-4.45,0.0235,0.5068,0.2656,0.3786,0.4918,276948.72,0.4355,4.6158,12.5316,3.0,3.0,0.3625,-1.9381,0.2142,0.2891,0.0713,0.0089,0.8577,-0.9641,0.4191,0.2469,0.8322,0.0235,119.069
0.6207,-13.4419,0.0842,0.0,0.0202,0.2818,0.0256,176047.31,0.4413,2.9341,12.0785,0.0,0.0,0.2739,-5.9315,0.0113,0.1044,-0.4413,0.0237,438.9141,-4.5812,0.2105,0.244,0.6207,0.0,105.524
0.7499,-23.0012,0.0257,0.2856,0.3899,0.1068,0.658,140956.97,0.1336,2.3493,11.8562,0.0,0.0,0.1002,-3.073,0.0879,0.4155,0.152,0.0027,0.4662,-9.7908,0.3356,0.28,0.7499,0.0257,79.8658
0.4788,-1.357,0.0414,0.1937,0.1605,0.0243,0.7264,171412.16,0.4278,2.8569,12.0518,0.0,4.0,0.2048,-0.5805,0.3107,0.2019,-0.2341,0.001,2.1976,-0.475,0.2933,0.2593,0.7264,0.0243,116.532
0.6726,-8.7379,0.1208,0.0333,0.0,0.305,0.4108,261041.1,0.9663,4.3507,12.4724,3.0,2.0,0.6499,-8.4431,0.3969,0.1208,-0.9329,0.0368,28.1402,-2.0084,0.3584,0.3569,0.9663,0.0,117.2492
0.975,-17.7038,0.1525,0.3245,0.0664,0.1359,0.6881,268052.03,0.1299,4.4675,12.4989,3.0,0.0,0.1266,-2.2991,0.0894,0.2189,0.1946,0.0207,0.399,-3.9628,0.3532,0.3462,0.975,0.0664,95.9792
0.6749,-15.8308,0.0299,0.5342,0.0,0.2855,0.7248,172472.8,0.0295,2.8745,12.058,0.0,0.0,0.0199,-0.4665,0.0214,0.0299,0.5047,0.0085,0.0551,-5.5072,0.3255,0.3182,0.7248,0.0,124.9668
0.6787,-10.9435,0.0512,0.3536,0.1623,0.316,0.3355,238723.16,0.0897,3.9787,12.3831,2.0,1.0,0.0609,-0.982,0.0301,0.2135,0.2639,0.0162,0.253,-2.7505,0.2839,0.2126,0.6787,0.0512,73.1255
0.4927,-4.8176,0.0235,0.2968,0.142,0.1114,0.2446,248604.16,0.3864,4.1434,12.4236,2.0,3.0,0.1904,-1.8615,0.0945,0.1655,-0.0896,0.0026,1.2976,-1.1627,0.2425,0.1641,0.4927,0.0235,118.1851
0.7156,-3.3776,0.0613,0.0,0.0211,0.3041,0.5577,246966.45,0.9042,4.1161,12.417,2.0,4.0,0.647,-3.054,0.5043,0.0823,-0.9042,0.0186,899.3793,-0.8206,0.3663,0.3647,0.9042,0.0,112.7751
0.5077,-12.9295,0.0235,0.0,0.0435,0.3245,0.4556,251831.34,0.4185,4.1972,12.4365,2.0,0.0,0.2125,-5.4106,0.1907,0.067,-0.4185,0.0076,416.2356,-3.0805,0.2533,0.2232,0.5077,0.0,112.1572
0.8115,-10.1411,0.0235,0.1516,0.0,0.2134,0.7428,336721.47,0.4154,5.612,12.727,4.0,1.0,0.3371,-4.2126,0.3086,0.0235,-0.2638,0.005,2.7227,-1.807,0.3369,0.331,0.8115,0.0,89.7254
0.733,-7.9482,0.0443,0.2856,0.0,0.2612,0.8085,181771.92,0.0797,3.0295,12.1105,0.0,2.0,0.0584,-0.6337,0.0645,0.0443,0.2059,0.0116,0.2782,-2.6236,0.316,0.3291,0.8085,0.0,86.3529
0.7228,-3.724,0.1032,0.0139,0.0,0.3721,0.6746,324575.06,0.4736,5.4096,12.6903,4.0,4.0,0.3423,-1.7637,0.3195,0.1032,-0.4597,0.0384,31.6972,-0.6884,0.3372,0.3042,0.7228,0.0,130.3714
0.6879,-14.9648,0.0765,0.173,0.0,0.2218,0.4675,133830.95,0.0331,2.2305,11.8043,0.0,0.0,0.0227,-0.4948,0.0155,0.0765,0.1399,0.017,0.1901,-6.7091,0.2371,0.2531,0.6879,0.0,136.4685
0.6427,-1.357,0.0657,0.2545,0.0,0.2522,0.9584,186939.98,0.3912,3.1157,12.1385,1.0,4.0,0.2514,-0.5309,0.3749,0.0657,-0.1367,0.0166,1.5313,-0.4355,0.3664,0.3361,0.9584,0.0,109.8512
0.6195,-14.1377,0.0235,0.093,0.0888,0.2123,0.5475,202942.56,0.8491,3.3824,12.2207,1.0,0.0,0.526,-12.0048,0.4649,0.1123,-0.7562,0.005,9.0374,-4.1798,0.3477,0.3216,0.8491,0.0235,78.7321
0.7378,-10.9062,0.0235,0.8586,0.0645,0.232,0.8035,381695.12,0.0551,6.3616,12.8524,4.0,1.0,0.0406,-0.6006,0.0442,0.088,0.8036,0.0055,0.0641,-1.7144,0.3964,0.3849,0.8586,0.0235,158.5676
0.7966,-13.8765,0.0235,0.484,0.0791,0.0814,0.5638,208043.2,0.0959,3.4674,12.2455,1.0,0.0,0.0764,-1.3303,0.0541,0.1026,0.3881,0.0019,0.1977,-4.002,0.3035,0.3068,0.7966,0.0235,74.7921
0.4616,-5.9472,0.0235,0.1049,0.0999,0.2028,0.4057,215816.47,0.6535,3.5969,12.2822,1.0,3.0,0.3017,-3.8867,0.2651,0.1234,-0.5486,0.0048,6.17,-1.6534,0.2788,0.2321,0.6535,0.0235,73.0745
0.7934,-10.0618,0.0856,0.017,0.0876,0.1644,0.7191,359836.38,0.8143,5.9973,12.7934,4.0,1.0,0.6461,-8.1937,0.5856,0.1732,-0.7974,0.0141,45.3249,-1.6777,0.3831,0.3708,0.8143,0.017,133.2917
0.7495,-3.8811,0.1238,0.995,0.1513,0.0243,0.0993,244470.25,0.4089,4.0745,12.4069,2.0,4.0,0.3064,-1.5869,0.0406,0.2752,0.5861,0.003,0.4105,-0.9525,0.3646,0.3735,0.995,0.0243,91.7175
0.6935,-8.4498,0.037,0.7011,0.1918,0.1258,0.4914,260452.89,0.0994,4.3409,12.4702,3.0,2.0,0.0689,-0.8399,0.0488,0.2288,0.6017,0.0047,0.1416,-1.9466,0.3343,0.2874,0.7011,0.037,91.4796
0.7058,-8.8794,0.0696,0.1429,0.1349,0.0689,0.978,253623.25,0.5779,4.2271,12.4436,2.0,2.0,0.4079,-5.1311,0.5652,0.2045,-0.435,0.0048,4.0161,-2.1006,0.3826,0.368,0.978,0.0689,92.1565
0.7869,-6.6386,0.101,0.3301,0.0,0.2218,0.0256,262904.75,0.7929,4.3817,12.4796,3.0,3.0,0.6239,-5.2635,0.0203,0.101,-0.4628,0.0224,2.3948,-1.5151,0.3226,0.3387,0.7929,0.0,125.9466
0.5661,-10.6087,0.0364,0.5389,0.1105,0.3935,0.5638,213675.78,0.0582,3.5613,12.2722,1.0,1.0,0.0329,-0.6174,0.0328,0.1468,0.4807,0.0143,0.1078,-2.9789,0.3239,0.247,0.5661,0.0364,108.6042
0.3888,-4.8855,0.0997,0.0611,0.0328,0.4057,0.4238,205586.61,0.918,3.4264,12.2336,1.0,3.0,0.3569,-4.4849,0.3891,0.1325,-0.8569,0.0404,14.7937,-1.4258,0.3328,0.3102,0.918,0.0328,100.9291
0.6335,-13.6909,0.0235,0.0748,0.0977,0.2675,0.4488,293371.84,0.2529,4.8895,12.5892,4.0,0.0,0.1602,-3.462,0.1135,0.1212,-0.1781,0.0063,3.3354,-2.8,0.2569,0.2205,0.6335,0.0235,52.0736
0.4064,-5.8238,0.0956,0.4579,0.3761,0.1806,0.2657,283522.38,0.7925,4.7254,12.555,3.0,3.0,0.3221,-4.6151,0.2106,0.4717,-0.3346,0.0173,1.7271,-1.2324,0.3678,0.2271,0.7925,0.0956,158.4537
0.4788,-1.357,0.0235,0.0035,0.0,0.2451,0.939,325816.28,0.939,5.4303,12.6941,4.0,4.0,0.4496,-1.2742,0.8817,0.0235,-0.9355,0.0058,209.3479,-0.2499,0.3756,0.4215,0.939,0.0,129.7644
0.5695,-5.7355,0.0235,0.0,0.0124,0.2832,0.6393,109401.24,0.5519,1.8234,11.6028,0.0,3.0,0.3143,-3.1656,0.3528,0.0359,-0.5519,0.0067,548.9907,-3.1456,0.2971,0.2888,0.6393,0.0,110.4756
0.4917,-8.8036,0.1717,0.7269,0.0369,0.4849,0.7205,172233.28,0.3201,2.8706,12.0566,0.0,2.0,0.1574,-2.8183,0.2306,0.2086,0.4067,0.0833,0.4398,-3.0669,0.4218,0.2621,0.7269,0.0369,130.1727
0.7691,-1.357,0.1865,0.2077,0.0776,0.1909,0.9556,173918.47,0.4175,2.8986,12.0663,0.0,4.0,0.3211,-0.5665,0.3989,0.2641,-0.2098,0.0356,2.0002,-0.4682,0.4007,0.3355,0.9556,0.0776,144.4023
0.4906,-1.357,0.0772,0.2968,0.011,0.0243,0.5069,220958.84,0.9799,3.6826,12.3057,1.0,4.0,0.4807,-1.3297,0.4967,0.0882,-0.6831,0.0019,3.2902,-0.3685,0.341,0.3509,0.9799,0.011,95.2077
0.5979,-3.6875,0.0349,0.1705,0.0,0.2556,0.3911,270162.06,0.4199,4.5027,12.5068,3.0,4.0,0.2511,-1.5483,0.1642,0.0349,-0.2494,0.0089,2.4485,-0.819,0.2671,0.2171,0.5979,0.0,127.7824
0.4541,-5.0864,0.0235,0.2667,0.3501,0.2737,0.0256,209995.42,0.7173,3.4999,12.2548,1.0,3.0,0.3257,-3.6483,0.0184,0.3736,-0.4506,0.0064,2.6797,-1.4533,0.3016,0.2429,0.7173,0.0235,94.6914
0.7696,-20.452,0.0418,0.6189,0.2898,0.0949,0.6189,271041.5,0.0445,4.5174,12.51,3.0,0.0,0.0342,-0.9094,0.0275,0.3316,0.5744,0.004,0.0717,-4.5274,0.3541,0.3103,0.7696,0.0418,120.6584
0.5086,-1.357,0.1434,0.0019,0.0,0.118,0.6986,225569.52,0.4535,3.7595,12.3264,1.0,4.0,0.2307,-0.6154,0.3169,0.1434,-0.4516,0.0169,157.1458,-0.361,0.2749,0.2763,0.6986,0.0,137.9938
0.6309,-1.357,0.1738,0.0414,0.1114,0.1848,0.4827,290177.5,0.3944,4.8363,12.5783,3.0,4.0,0.2488,-0.5352,0.1904,0.2852,-0.353,0.0321,9.291,-0.2806,0.2885,0.217,0.6309,0.0414,64.0068
0.6607,-11.9586,0.0235,0.378,0.0,0.0776,0.6332,156694.9,0.0289,2.6116,11.9621,0.0,1.0,0.0191,-0.3452,0.0183,0.0235,0.3491,0.0018,0.0762,-4.5791,0.2574,0.2955,0.6607,0.0,143.6568
0.7636,-15.2395,0.1029,0.4701,0.204,0.1476,0.6502,239823.67,0.0423,3.9971,12.3877,2.0,0.0,0.0323,-0.6451,0.0275,0.3068,0.4278,0.0152,0.0899,-3.8127,0.3401,0.2866,0.7636,0.0423,136.6548
0.8693,-7.0167,0.0991,0.0,0.0,0.1053,0.0256,299948.97,0.8671,4.9991,12.6114,4.0,2.0,0.7538,-6.0844,0.0222,0.0991,-0.8671,0.0104,862.5103,-1.4036,0.2809,0.4035,0.8693,0.0,98.4242
0.5311,-19.9146,0.137,0.5421,0.0,0.099,0.79,230317.36,0.1252,3.8386,12.3472,2.0,0.0,0.0665,-2.4933,0.0989,0.137,0.4169,0.0136,0.2305,-5.1879,0.3177,0.2993,0.79,0.0,171.6082
0.5301,-13.7739,0.0872,0.3375,0.0653,0.3956,0.8768,162812.28,0.1249,2.7135,12.0004,0.0,0.0,0.0662,-1.7199,0.1095,0.1525,0.2127,0.0345,0.3688,-5.076,0.3453,0.2924,0.8768,0.0653,150.1975
0.6875,-1.903,0.0235,0.0,0.0,0.3841,0.7995,353928.78,0.2811,5.8988,12.7769,4.0,4.0,0.1933,-0.535,0.2248,0.0235,-0.2811,0.009,279.6345,-0.3226,0.3108,0.3324,0.7995,0.0,138.5034
0.6948,-3.4357,0.0535,0.6383,0.185,0.1271,0.4623,205886.0,0.2759,3.4314,12.2351,1.0,4.0,0.1917,-0.9478,0.1275,0.2385,0.3624,0.0068,0.4315,-1.0012,0.3481,0.2533,0.6948,0.0535,115.0054
0.5981,-12.3957,0.1689,0.0516,0.3467,0.1908,0.6362,249996.42,0.2134,4.1666,12.4292,2.0,0.0,0.1276,-2.6452,0.1358,0.5156,-0.1618,0.0322,4.0608,-2.975,0.3151,0.2239,0.6362,0.0516,143.9423
0.4467,-15.6907,0.0235,0.062,0.0,0.1325,0.6466,321252.56,0.7163,5.3542,12.68,4.0,0.0,0.32,-11.2387,0.4632,0.0235,-0.6542,0.0031,11.3646,-2.9305,0.2897,0.307,0.7163,0.0,92.6758
0.5666,-7.0868,0.0235,0.1917,0.0715,0.4714,0.2879,255549.67,0.2688,4.2592,12.4512,2.0,2.0,0.1523,-1.9049,0.0774,0.095,-0.0771,0.0111,1.3949,-1.6639,0.2688,0.198,0.5666,0.0235,100.9034
0.7931,-4.5713,0.0235,0.1881,0.0,0.2559,0.491,240640.61,0.2859,4.0107,12.3911,2.0,3.0,0.2267,-1.3068,0.1404,0.0235,-0.0978,0.006,1.5118,-1.1398,0.2911,0.2769,0.7931,0.0,119.9004
0.4917,-6.9929,0.0845,0.0564,0.0,0.3117,0.9044,202743.8,0.3916,3.3791,12.2197,1.0,2.0,0.1925,-2.7384,0.3542,0.0845,-0.3352,0.0263,6.8192,-2.0695,0.32,0.3171,0.9044,0.0,106.0736
0.5578,-1.357,0.0815,0.0,0.0,0.3026,0.978,255964.8,0.3875,4.2661,12.4528,2.0,4.0,0.2161,-0.5258,0.3789,0.0815,-0.3875,0.0246,385.4009,-0.3181,0.3296,0.3548,0.978,0.0,112.5387
0.8046,-1.357,0.0428,0.357,0.1436,0.2613,0.6905,248690.48,0.3248,4.1448,12.424,2.0,4.0,0.2613,-0.4408,0.2243,0.1864,0.0322,0.0112,0.9072,-0.3274,0.375,0.278,0.8046,0.0428,168.1556
0.5527,-10.991,0.0772,0.3479,0.0829,0.1615,0.4526,171272.27,0.1056,2.8545,12.051,0.0,1.0,0.0584,-1.1606,0.0478,0.16,0.2423,0.0125,0.3026,-3.8503,0.2543,0.1952,0.5527,0.0772,115.6112
0.4844,-6.0791,0.0235,0.1407,0.1658,0.2777,0.4155,301659.84,0.5095,5.0277,12.6171,4.0,3.0,0.2468,-3.0971,0.2117,0.1893,-0.3688,0.0065,3.5953,-1.2091,0.2882,0.1874,0.5095,0.0235,128.7239
0.4238,-4.6949,0.1223,0.4548,0.0416,0.1099,0.3023,296769.66,0.8687,4.9462,12.6007,4.0,3.0,0.3682,-4.0783,0.2626,0.1639,-0.4138,0.0134,1.9056,-0.9492,0.3319,0.2858,0.8687,0.0416,103.2386
0.572,-1.357,0.0235,0.2318,0.2905,0.2234,0.2629,118740.98,0.3867,1.979,11.6847,0.0,4.0,0.2212,-0.5247,0.1017,0.314,-0.1549,0.0053,1.6609,-0.6857,0.2844,0.1675,0.572,0.0235,114.8049
0.678,-2.4898,0.0795,0.066,0.1359,0.0243,0.8498,126899.07,0.7535,2.115,11.7512,0.0,4.0,0.5109,-1.8762,0.6403,0.2154,-0.6875,0.0019,11.2475,-1.1772,0.3696,0.3704,0.8498,0.0243,67.3568
0.6373,-9.8135,0.0235,0.3965,0.0647,0.3427,0.5934,174920.61,0.2779,2.9153,12.0721,0.0,1.0,0.1771,-2.7275,0.1649,0.0882,0.1186,0.0081,0.6992,-3.3662,0.3337,0.2364,0.6373,0.0235,80.0749
0.8787,-1.357,0.0876,0.156,0.1498,0.0243,0.527,147801.28,0.7523,2.4634,11.9036,0.0,4.0,0.661,-1.0208,0.3965,0.2375,-0.5963,0.0021,4.7928,-0.5509,0.368,0.3471,0.8787,0.0243,110.4942
0.7447,-7.0524,0.084,0.3736,0.1188,0.2156,0.3244,257726.34,0.4815,4.2954,12.4597,2.0,2.0,0.3586,-3.396,0.1562,0.2028,-0.1079,0.0181,1.2853,-1.6418,0.3347,0.2291,0.7447,0.084,126.0735
0.3908,-6.5876,0.0794,0.137,0.1369,0.216,0.3955,243435.83,0.3794,4.0573,12.4026,2.0,3.0,0.1483,-2.4994,0.1501,0.2163,-0.2424,0.0171,2.7497,-1.6237,0.2479,0.1376,0.3955,0.0794,110.3776
0.8431,-12.1545,0.0391,0.6365,0.1347,0.3155,0.7887,272539.25,0.0079,4.5423,12.5155,3.0,1.0,0.0067,-0.0964,0.0063,0.1738,0.6286,0.0123,0.0124,-2.6758,0.3951,0.357,0.8431,0.0079,160.1305
0.8849,-7.9379,0.092,0.0,0.0821,0.0957,0.5564,217632.17,0.3145,3.6272,12.2906,1.0,2.0,0.2783,-2.4962,0.175,0.1742,-0.3145,0.0088,312.7901,-2.1884,0.2894,0.324,0.8849,0.0,128.3137
0.8792,-8.7695,0.0235,0.1597,0.0,0.1881,0.568,142996.77,0.8164,2.3833,11.8706,0.0,2.0,0.7177,-7.1594,0.4637,0.0235,-0.6567,0.0044,5.0802,-3.6796,0.3764,0.3723,0.8792,0.0,133.0457
0.5607,-8.2834,0.0235,0.995,0.0422,0.2978,0.4575,233808.61,0.1423,3.8968,12.3623,2.0,2.0,0.0798,-1.179,0.0651,0.0657,0.8527,0.007,0.1429,-2.1257,0.3599,0.346,0.995,0.0235,137.0248
0.7327,-7.1553,0.0773,0.0,0.1265,0.393,0.5395,280712.75,0.5677,4.6785,12.5451,3.0,2.0,0.4159,-4.0618,0.3063,0.2039,-0.5677,0.0304,564.6402,-1.5294,0.3481,0.2824,0.7327,0.0,106.0234
0.7512,-3.6624,0.0235,0.2214,0.0697,0.1899,0.5924,165796.14,0.2742,2.7633,12.0185,0.0,4.0,0.206,-1.0042,0.1624,0.0932,-0.0528,0.0045,1.2328,-1.3254,0.3032,0.27,0.7512,0.0235,118.7253
0.7577,-6.9021,0.0736,0.316,0.0,0.0716,0.6469,291955.3,0.1849,4.8659,12.5844,4.0,3.0,0.1401,-1.2764,0.1196,0.0736,0.131,0.0053,0.5834,-1.4185,0.293,0.299,0.7577,0.0,133.7247
0.5668,-10.9397,0.0868,0.5648,0.357,0.2516,0.634,256921.45,0.0136,4.282,12.4565,2.0,1.0,0.0077,-0.1488,0.0086,0.4438,0.5512,0.0218,0.024,-2.5548,0.3535,0.2469,0.634,0.0136,132.9256
0.8226,-7.4936,0.1499,0.0958,0.0,0.0674,0.4617,351026.4,0.9451,5.8504,12.7686,4.0,2.0,0.7775,-7.0825,0.4364,0.1499,-0.8494,0.0101,9.7669,-1.2809,0.3632,0.3864,0.9451,0.0,139.5968
0.442,-1.357,0.1437,0.2588,0.3045,0.2123,0.4749,337466.44,0.4895,5.6244,12.7292,4.0,4.0,0.2164,-0.6642,0.2325,0.4482,-0.2306,0.0305,1.8838,-0.2413,0.3323,0.1374,0.4895,0.1437,96.8381
0.3799,-11.1162,0.069,0.1449,0.0646,0.0243,0.4967,166444.53,0.8111,2.7741,12.0224,0.0,1.0,0.3081,-9.0167,0.4029,0.1336,-0.6663,0.0017,5.5614,-4.0072,0.2844,0.2925,0.8111,0.0243,125.3601
0.5101,-1.357,0.1029,0.1396,0.3924,0.3478,0.978,348070.5,0.6495,5.8012,12.7602,4.0,4.0,0.3313,-0.8813,0.6352,0.4953,-0.5098,0.0358,4.6186,-0.2339,0.4458,0.3035,0.978,0.1029,93.3149
0.6714,-9.5649,0.0976,0.4741,0.0,0.3118,0.9673,265932.1,0.0175,4.4322,12.491,3.0,2.0,0.0118,-0.1677,0.017,0.0976,0.4565,0.0304,0.0369,-2.158,0.3628,0.3644,0.9673,0.0,137.2594
0.6764,-16.7422,0.0449,0.6036,0.2865,0.0886,0.7944,202987.84,0.0566,3.3831,12.2209,1.0,0.0,0.0383,-0.9476,0.045,0.3313,0.547,0.004,0.0936,-4.9487,0.3644,0.3211,0.7944,0.0449,121.9488
0.5399,-9.0542,0.193,0.1601,0.0,0.463,0.6795,329523.88,0.3615,5.4921,12.7054,4.0,2.0,0.1951,-3.2728,0.2456,0.193,-0.2013,0.0894,2.2433,-1.6486,0.3424,0.2382,0.6795,0.0,105.1443
0.4616,-4.0531,0.2267,0.4906,0.0874,0.1379,0.978,327931.16,0.3731,5.4655,12.7006,4.0,3.0,0.1722,-1.5123,0.3649,0.3142,0.1175,0.0313,0.759,-0.7416,0.3936,0.3008,0.978,0.0874,98.4545
0.7401,-12.9141,0.1458,0.0814,0.0,0.3449,0.3915,302070.9,0.3477,5.0345,12.6184,4.0,0.0,0.2574,-4.4906,0.1361,0.1458,-0.2663,0.0503,4.2206,-2.5651,0.2931,0.2475,0.7401,0.0,81.5697
0.3796,-4.9188,0.0562,0.0387,0.0374,0.0243,0.8954,217707.44,0.938,3.6285,12.2909,1.0,3.0,0.3561,-4.6138,0.8399,0.0936,-0.8993,0.0014,23.645,-1.3556,0.3385,0.4144,0.938,0.0243,96.7558
0.53,-6.9616,0.0235,0.6709,0.3717,0.3905,0.7391,276585.66,0.5085,4.6098,12.5303,3.0,2.0,0.2695,-3.5402,0.3759,0.3952,0.1624,0.0092,0.7568,-1.5102,0.462,0.2355,0.7391,0.0235,74.3618
0.7171,-10.6377,0.0235,0.3634,0.0987,0.2561,0.3658,286780.62,0.1179,4.7797,12.5665,3.0,1.0,0.0845,-1.2538,0.0431,0.1222,0.2455,0.006,0.3235,-2.2256,0.2775,0.2348,0.7171,0.0235,104.4926
0.5346,-4.9747,0.0258,0.252,0.042,0.0839,0.978,349914.22,0.7668,5.8319,12.7654,4.0,3.0,0.4099,-3.8146,0.7499,0.0678,-0.5148,0.0022,3.0304,-0.853,0.3833,0.3818,0.978,0.0258,177.0556
0.7837,-3.5296,0.0582,0.0,0.378,0.3655,0.6194,332457.2,0.1872,5.541,12.7143,4.0,4.0,0.1467,-0.6607,0.116,0.4362,-0.1872,0.0213,186.202,-0.637,0.3417,0.2873,0.7837,0.0,124.9249
0.4574,-8.7208,0.0672,0.344,0.3079,0.2385,0.592,306940.72,0.1539,5.1157,12.6344,4.0,2.0,0.0704,-1.3418,0.0911,0.375,0.1902,0.016,0.4459,-1.7047,0.3087,0.1784,0.592,0.0672,101.899
0.7489,-10.4523,0.0235,0.0,0.0,0.2469,0.4737,279978.4,0.9571,4.6663,12.5425,3.0,1.0,0.7168,-10.0043,0.4534,0.0235,-0.9571,0.0058,952.0305,-2.24,0.35,0.3884,0.9571,0.0,126.7854
0.7161,-11.2425,0.0554,0.0,0.0438,0.1939,0.0256,175968.3,0.8123,2.9328,12.0781,0.0,1.0,0.5817,-9.1319,0.0208,0.0992,-0.8123,0.0107,807.9362,-3.8334,0.2639,0.3484,0.8123,0.0,103.814
0.6115,-5.3631,0.2324,0.0,0.4535,0.0243,0.8162,307437.1,0.7668,5.124,12.636,4.0,3.0,0.4689,-4.1124,0.6259,0.6859,-0.7668,0.0056,762.7118,-1.0467,0.415,0.3374,0.8162,0.0,104.1836
0.3315,-8.1914,0.1238,0.3628,0.0,0.0243,0.9128,220153.23,0.5885,3.6692,12.3021,1.0,2.0,0.1951,-4.8204,0.5372,0.1238,-0.2256,0.003,1.6175,-2.2325,0.3348,0.3297,0.9128,0.0,111.2961
0.7051,-12.8937,0.0235,0.6243,0.1233,0.183,0.793,120861.26,0.3532,2.0144,11.7024,0.0,0.0,0.249,-4.554,0.2801,0.1468,0.2711,0.0043,0.5648,-6.4009,0.4008,0.307,0.793,0.0235,152.5797
0.8233,-7.4517,0.0235,0.5164,0.2328,0.402,0.3495,235799.98,0.6367,3.93,12.3707,2.0,2.0,0.5241,-4.7442,0.2225,0.2563,-0.1202,0.0094,1.2304,-1.8961,0.4263,0.2633,0.8233,0.0235,141.1434
0.5413,-1.8265,0.1023,0.0,0.4106,0.177,0.978,275288.6,0.9193,4.5881,12.5256,3.0,4.0,0.4976,-1.6792,0.8991,0.5129,-0.9193,0.0181,914.432,-0.3981,0.4469,0.3888,0.978,0.0,74.6205
0.455,-11.7786,0.0235,0.0,0.2429,0.2081,0.3547,265527.97,0.9065,4.4255,12.4895,3.0,1.0,0.4125,-10.6777,0.3215,0.2664,-0.9065,0.0049,901.7002,-2.6616,0.313,0.3087,0.9065,0.0,128.9878
0.6333,-1.357,0.1011,0.4136,0.0,0.0879,0.2707,173325.28,0.2735,2.8888,12.0629,0.0,4.0,0.1732,-0.3711,0.074,0.1011,0.1401,0.0089,0.6596,-0.4698,0.2543,0.2181,0.6333,0.0,153.0648
0.366,-8.466,0.0827,0.0308,0.0,0.0926,0.4519,184538.48,0.6868,3.0756,12.1256,1.0,2.0,0.2514,-5.8144,0.3103,0.0828,-0.656,0.0077,21.5804,-2.7526,0.2444,0.2608,0.6868,0.0,127.5505
0.462,-15.8686,0.0662,0.2699,0.0,0.0977,0.0387,276099.66,0.7619,4.6017,12.5285,3.0,0.0,0.352,-12.0908,0.0295,0.0663,-0.4921,0.0065,2.813,-3.4485,0.2424,0.2802,0.7619,0.0,115.2302
0.8122,-1.357,0.1278,0.4721,0.0868,0.3295,0.948,300812.28,0.7205,5.0135,12.6142,4.0,4.0,0.5852,-0.9777,0.683,0.2146,-0.2484,0.0421,1.5228,-0.2707,0.4996,0.3381,0.948,0.0868,108.921
0.7388,-6.3097,0.0235,0.1437,0.0335,0.1588,0.7882,205924.42,0.5174,3.4321,12.2353,1.0,3.0,0.3823,-3.2646,0.4078,0.057,-0.3737,0.0037,3.5765,-1.8385,0.3434,0.3309,0.7882,0.0235,51.4433
0.3351,-9.6778,0.0235,0.0,0.2929,0.3002,0.5432,244772.2,0.6347,4.0795,12.4081,2.0,1.0,0.2127,-6.1422,0.3448,0.3164,-0.6347,0.0071,631.283,-2.3723,0.3042,0.2376,0.6347,0.0,138.9957
0.3316,-4.2941,0.0507,0.7,0.0,0.0243,0.5698,284767.47,0.8653,4.7461,12.5594,3.0,3.0,0.2869,-3.7155,0.493,0.0507,-0.1652,0.0012,1.2343,-0.9048,0.3631,0.3544,0.8653,0.0,114.5358
0.6345,-7.3269,0.149,0.3539,0.4595,0.0243,0.4926,177872.2,0.9952,2.9645,12.0888,0.0,2.0,0.6314,-7.2918,0.4902,0.6085,-0.6413,0.0036,2.8044,-2.4715,0.4441,0.3199,0.9952,0.0243,95.339
0.8132,-8.2701,0.0726,0.3975,0.2537,0.1344,0.4618,286661.62,0.1289,4.7777,12.5661,3.0,2.0,0.1048,-1.0663,0.0595,0.3263,0.2686,0.0098,0.3235,-1.731,0.3232,0.2601,0.8132,0.0726,99.743
0.9192,-4.6478,0.0849,0.0199,0.2718,0.2728,0.978,306023.16,0.5825,5.1004,12.6314,4.0,3.0,0.5354,-2.7072,0.5697,0.3568,-0.5625,0.0232,27.8133,-0.9113,0.447,0.3868,0.978,0.0199,128.6074
0.975,-13.8764,0.1647,0.4071,0.0,0.0243,0.483,276072.62,0.7739,4.6012,12.5284,3.0,0.0,0.7546,-10.7394,0.3738,0.1647,-0.3669,0.004,1.8966,-3.0158,0.404,0.3728,0.975,0.0,167.8896
0.3865,-4.6839,0.0235,0.407,0.0,0.4567,0.6045,224401.61,0.3391,3.74,12.3212,1.0,3.0,0.1311,-1.5882,0.205,0.0235,0.0679,0.0107,0.8311,-1.2524,0.3167,0.2244,0.6045,0.0,115.4062
0.7811,-13.9366,0.0876,0.0,0.0,0.1681,0.4056,240467.28,0.8285,4.0078,12.3903,2.0,0.0,0.6471,-11.546,0.336,0.0876,-0.8285,0.0147,824.0498,-3.4774,0.3244,0.3559,0.8285,0.0,114.892
0.5804,-15.2288,0.0296,0.0493,0.2389,0.3836,0.7516,161012.05,0.7378,2.6835,11.9892,0.0,0.0,0.4283,-11.2358,0.5546,0.2686,-0.6885,0.0114,14.678,-5.6749,0.3959,0.3046,0.7516,0.0296,107.1316
0.8124,-9.8959,0.1623,0.1424,0.0,0.2802,0.7637,292485.72,0.2727,4.8748,12.5862,4.0,1.0,0.2215,-2.6983,0.2082,0.1623,-0.1302,0.0455,1.9012,-2.03,0.3477,0.3153,0.8124,0.0,136.3358
0.847,-10.8099,0.1837,0.6254,0.1485,0.0243,0.6228,254062.62,0.7544,4.2344,12.4453,2.0,1.0,0.639,-8.155,0.4698,0.3322,-0.129,0.0045,1.2043,-2.5529,0.458,0.33,0.847,0.0243,112.1025
0.5577,-6.065,0.1329,0.4834,0.1887,0.0243,0.4701,153866.2,0.2898,2.5644,11.9438,0.0,3.0,0.1616,-1.7576,0.1362,0.3216,0.1936,0.0032,0.5982,-2.365,0.3067,0.2021,0.5577,0.0243,116.944
0.7714,-6.2768,0.0235,0.0695,0.0,0.2347,0.5692,302616.88,0.6359,5.0436,12.6202,4.0,3.0,0.4905,-3.9912,0.3619,0.0235,-0.5664,0.0055,9.024,-1.2445,0.3292,0.3228,0.7714,0.0,88.208
0.646,-3.999,0.0235,0.069,0.0,0.2559,0.3869,342708.16,0.9353,5.7118,12.7446,4.0,3.0,0.6042,-3.7401,0.3619,0.0235,-0.8663,0.006,13.3645,-0.7001,0.331,0.3526,0.9353,0.0,130.1108
0.7463,-9.5698,0.2059,0.2264,0.0589,0.0987,0.4208,166849.72,0.1245,2.7808,12.0249,0.0,1.0,0.0929,-1.1911,0.0524,0.2648,0.102,0.0203,0.5472,-3.4413,0.2688,0.2418,0.7463,0.0589,168.7243
0.7856,-7.9633,0.0936,0.3496,0.0487,0.0243,0.465,269816.03,0.3395,4.4969,12.5055,3.0,2.0,0.2667,-2.7038,0.1579,0.1423,0.0101,0.0023,0.9684,-1.7708,0.3009,0.2735,0.7856,0.0243,159.7799
0.975,-9.665,0.0235,0.037,0.0796,0.1261,0.8162,186499.19,0.6289,3.1083,12.1362,1.0,1.0,0.6131,-6.078,0.5133,0.1031,-0.5919,0.003,16.5485,-3.1094,0.3837,0.4094,0.975,0.0235,81.2049
0.6977,-12.5742,0.0235,0.3778,0.1556,0.0383,0.6339,291323.0,0.4817,4.8554,12.5822,4.0,0.0,0.3361,-6.0566,0.3053,0.1791,-0.1039,0.0009,1.2717,-2.5897,0.3441,0.2772,0.6977,0.0235,92.5584
0.7414,-8.937,0.08,0.2899,0.2528,0.0843,0.7917,267060.94,0.2386,4.451,12.4952,3.0,2.0,0.1769,-2.1324,0.1889,0.3329,0.0513,0.0067,0.8203,-2.0079,0.3541,0.2936,0.7917,0.08,113.7568
0.5968,-6.9122,0.0235,0.0,0.0523,0.4402,0.4086,226552.17,0.4488,3.7759,12.3307,1.0,3.0,0.2679,-3.1022,0.1834,0.0758,-0.4488,0.0103,446.4072,-1.8306,0.2815,0.2474,0.5968,0.0,118.4516
0.3869,-2.8792,0.0235,0.5662,0.0,0.2366,0.6741,219809.72,0.858,3.6635,12.3005,1.0,4.0,0.332,-2.4703,0.5783,0.0235,-0.2918,0.0056,1.5127,-0.7859,0.3922,0.3268,0.858,0.0,107.4713
0.6288,-10.4054,0.0981,0.0555,0.5034,0.0614,0.6397,225302.7,0.8347,3.755,12.3252,1.0,1.0,0.5249,-8.6851,0.5339,0.6014,-0.7792,0.006,14.7701,-2.7711,0.4031,0.325,0.8347,0.0555,136.6633
0.5677,-7.686,0.0534,0.995,0.0,0.0243,0.6241,336532.47,0.5421,5.6089,12.7265,4.0,2.0,0.3078,-4.1669,0.3383,0.0534,0.4529,0.0013,0.5443,-1.3703,0.4009,0.3816,0.995,0.0,84.1381
0.4097,-5.5638,0.0564,0.0,0.1175,0.0243,0.6243,283498.03,0.5849,4.725,12.555,3.0,3.0,0.2396,-3.2541,0.3651,0.1739,-0.5849,0.0014,581.7484,-1.1775,0.2596,0.2725,0.6243,0.0,113.5604
0.7361,-11.7744,0.1173,0.0,0.0865,0.0906,0.4056,166546.06,0.5275,2.7758,12.023,0.0,1.0,0.3883,-6.2106,0.214,0.2038,-0.5275,0.0106,524.6546,-4.2419,0.2805,0.2778,0.7361,0.0,122.4771
0.5676,-11.2517,0.0849,0.3048,0.0,0.0243,0.6429,270751.75,0.4749,4.5125,12.509,3.0,1.0,0.2695,-5.343,0.3053,0.0849,-0.17,0.0021,1.5526,-2.4934,0.2999,0.2684,0.6429,0.0,85.4082
0.5995,-14.5274,0.0693,0.539,0.4207,0.0243,0.3271,210464.12,0.7388,3.5077,12.2571,1.0,0.0,0.4429,-10.7328,0.2416,0.4901,-0.1998,0.0017,1.3683,-4.1415,0.3884,0.2675,0.7388,0.0243,97.7901
0.7176,-5.7669,0.0235,0.7441,0.2147,0.4199,0.6388,134639.56,0.3733,2.244,11.8104,0.0,3.0,0.2679,-2.153,0.2385,0.2382,0.3708,0.0099,0.501,-2.5699,0.4474,0.2701,0.7441,0.0235,135.4651
0.975,-3.6685,0.216,0.0858,0.0795,0.2601,0.8186,320102.7,0.3535,5.335,12.6764,4.0,4.0,0.3446,-1.2967,0.2893,0.2955,-0.2676,0.0562,4.0709,-0.6876,0.3984,0.3566,0.975,0.0795,139.6116
0.4623,-1.357,0.1567,0.0,0.0793,0.0243,0.3945,162656.84,0.6486,2.7109,11.9994,0.0,4.0,0.2999,-0.8802,0.2559,0.2361,-0.6486,0.0038,645.142,-0.5006,0.2523,0.2504,0.6486,0.0,116.1316
0.5069,-4.6068,0.0235,0.2425,0.2339,0.2577,0.878,241851.31,0.6255,4.0309,12.3961,2.0,3.0,0.317,-2.8814,0.5492,0.2574,-0.383,0.0061,2.5688,-1.1429,0.3954,0.2901,0.878,0.0235,106.3075
0.7227,-7.2716,0.0523,0.2536,0.0,0.0243,0.5429,232810.78,0.6999,3.8802,12.358,2.0,2.0,0.5058,-5.0892,0.38,0.0523,-0.4463,0.0013,2.7493,-1.874,0.3279,0.3219,0.7227,0.0,177.1922
0.6099,-1.3788,0.1609,0.2825,0.078,0.1759,0.7513,183554.61,0.4417,3.0592,12.1203,1.0,4.0,0.2694,-0.609,0.3318,0.2389,-0.1592,0.0283,1.558,-0.4507,0.3572,0.2521,0.7513,0.078,85.2477
0.6117,-3.9242,0.0235,0.2898,0.0,0.268,0.4835,282684.1,0.8763,4.7114,12.5521,3.0,4.0,0.5361,-3.4389,0.4237,0.0235,-0.5865,0.0063,3.0133,-0.8329,0.3647,0.3166,0.8763,0.0,136.0478
0.9134,-1.357,0.049,0.1375,0.3466,0.1341,0.8385,281498.53,0.5994,4.6916,12.5479,3.0,4.0,0.5475,-0.8134,0.5026,0.3956,-0.4619,0.0066,4.3271,-0.2892,0.4312,0.3546,0.9134,0.049,89.1397
0.7167,-8.0688,0.1459,0.0097,0.2077,0.0243,0.3712,301535.72,0.7233,5.0256,12.6166,4.0,2.0,0.5184,-5.8365,0.2685,0.3536,-0.7136,0.0035,67.2917,-1.6055,0.3141,0.3025,0.7233,0.0097,58.9428
0.6401,-5.4278,0.0868,0.4737,0.3476,0.4277,0.978,241623.98,0.4384,4.0271,12.3951,2.0,3.0,0.2806,-2.3795,0.4288,0.4344,0.0353,0.0371,0.9236,-1.3478,0.4846,0.2739,0.978,0.0868,146.2446
0.5316,-11.6759,0.1554,0.0,0.1556,0.2925,0.2384,146888.67,0.5641,2.4481,11.8974,0.0,1.0,0.2999,-6.5868,0.1345,0.311,-0.5641,0.0455,561.1256,-4.7693,0.2768,0.2063,0.5641,0.0,147.7897
0.7328,-2.6646,0.0235,0.4419,0.0,0.1656,0.5479,267041.8,0.6028,4.4507,12.4952,3.0,4.0,0.4417,-1.6062,0.3303,0.0235,-0.1609,0.0039,1.361,-0.5987,0.3592,0.2946,0.7328,0.0,132.9147
0.9589,-8.2536,0.0647,0.0372,0.0,0.2613,0.5929,228004.73,0.7779,3.8001,12.3371,1.0,2.0,0.7459,-6.4202,0.4612,0.0647,-0.7407,0.0169,20.3589,-2.172,0.3847,0.3903,0.9589,0.0,102.1713
0.7033,-10.5678,0.0323,0.4028,0.0,0.148,0.8982,329925.97,0.0858,5.4988,12.7066,4.0,1.0,0.0603,-0.9067,0.0771,0.0323,0.317,0.0048,0.2125,-1.9218,0.3244,0.3553,0.8982,0.0,133.2153
0.6766,-4.127,0.0587,0.0993,0.0,0.0243,0.3924,227563.88,0.3444,3.7927,12.3352,1.0,3.0,0.233,-1.4213,0.1351,0.0587,-0.2451,0.0014,3.4326,-1.0881,0.228,0.2518,0.6766,0.0,91.3957
0.5914,-3.8944,0.0365,0.0,0.0396,0.042,0.5724,250537.31,0.7712,4.1756,12.4314,2.0,4.0,0.4561,-3.0034,0.4415,0.076,-0.7712,0.0015,767.0884,-0.9327,0.2933,0.3353,0.7712,0.0,97.038
0.9477,-13.4333,0.0989,0.156,0.0,0.1511,0.4675,242472.83,0.4369,4.0412,12.3986,2.0,0.0,0.414,-5.8686,0.2042,0.0989,-0.2809,0.015,2.7832,-3.3241,0.3226,0.3256,0.9477,0.0,146.7411
0.408,-7.2581,0.1464,0.248,0.235,0.0243,0.4623,288744.8,0.7117,4.8124,12.5733,3.0,2.0,0.2904,-5.1653,0.329,0.3814,-0.4636,0.0036,2.8577,-1.5082,0.3194,0.2278,0.7117,0.0243,97.0088
0.4385,-10.6735,0.0235,0.4285,0.0975,0.3941,0.5925,135928.23,0.3374,2.2655,11.8199,0.0,1.0,0.148,-3.6012,0.1999,0.121,0.0911,0.0093,0.7855,-4.7114,0.3303,0.2011,0.5925,0.0235,100.1213
0.7157,-7.5918,0.0235,0.0,0.492,0.257,0.6336,176515.88,0.4122,2.9419,12.0812,0.0,2.0,0.295,-3.1293,0.2612,0.5155,-0.4122,0.006,410.0024,-2.5805,0.362,0.2813,0.7157,0.0,120.9518
0.4917,-5.0197,0.0235,0.0,0.0,0.1748,0.47,278043.38,0.8673,4.6341,12.5355,3.0,3.0,0.4265,-4.3538,0.4076,0.0235,-0.8673,0.0041,862.7092,-1.0832,0.2896,0.3314,0.8673,0.0,85.2317
0.5344,-3.6201,0.0981,0.3836,0.0,0.1718,0.6461,161561.81,0.717,2.6927,11.9926,0.0,4.0,0.3832,-2.5956,0.4632,0.0982,-0.3334,0.0169,1.8642,-1.3444,0.3644,0.281,0.717,0.0,77.1542
0.3817,-1.357,0.0235,0.4931,0.0137,0.148,0.5694,151661.75,0.8597,2.5277,11.9294,0.0,4.0,0.3282,-1.1666,0.4895,0.0372,-0.3666,0.0035,1.7399,-0.5369,0.3556,0.3135,0.8597,0.0137,121.4356
0.8723,-14.0868,0.0663,0.0,0.0105,0.3713,0.4447,231402.39,0.9079,3.8567,12.3519,2.0,0.0,0.7919,-12.7889,0.4038,0.0768,-0.9079,0.0246,903.0264,-3.6525,0.3819,0.3883,0.9079,0.0,119.4298
0.6713,-1.357,0.0235,0.2524,0.1895,0.2613,0.3133,296940.5,0.8191,4.949,12.6013,4.0,4.0,0.5499,-1.1116,0.2567,0.213,-0.5667,0.0061,3.2321,-0.2742,0.3615,0.2809,0.8191,0.0235,143.1122
0.7244,-16.6412,0.0697,0.1167,0.0,0.2924,0.978,302229.9,0.3284,5.0372,12.6189,4.0,0.0,0.2379,-5.465,0.3212,0.0697,-0.2117,0.0204,2.7894,-3.3037,0.3585,0.3636,0.978,0.0,131.6558
0.7414,-12.0209,0.0235,0.7191,0.0,0.1926,0.7382,167798.97,0.0411,2.7966,12.0305,0.0,1.0,0.0305,-0.4945,0.0304,0.0235,0.6779,0.0045,0.0571,-4.2983,0.3508,0.3627,0.7414,0.0,93.2303
0.5601,-11.2713,0.035,0.5473,0.0895,0.0817,0.5527,223684.5,0.0574,3.7281,12.318,1.0,1.0,0.0321,-0.647,0.0317,0.1246,0.4899,0.0029,0.1047,-3.0234,0.2748,0.2611,0.5601,0.035,82.6717
0.8945,-4.7269,0.0235,0.393,0.0532,0.1776,0.8487,327939.06,0.7263,5.4657,12.7006,4.0,3.0,0.6497,-3.4333,0.6164,0.0767,-0.3334,0.0042,1.8436,-0.8648,0.4453,0.3763,0.8945,0.0235,127.9013
0.5446,-14.0956,0.0235,0.4638,0.2847,0.4287,0.4436,213615.45,0.0355,3.5603,12.2719,1.0,0.0,0.0193,-0.4999,0.0157,0.3082,0.4283,0.0101,0.0763,-3.9592,0.3178,0.2115,0.5446,0.0235,118.445
0.5027,-13.0521,0.0876,0.1815,0.0,0.0841,0.548,332911.47,0.6712,5.5485,12.7156,4.0,0.0,0.3374,-8.7606,0.3678,0.0876,-0.4897,0.0074,3.6775,-2.3524,0.2964,0.2696,0.6712,0.0,108.9569
0.739,-8.5542,0.0235,0.1596,0.0642,0.2325,0.6115,131625.81,0.3919,2.1938,11.7877,0.0,2.0,0.2896,-3.3521,0.2396,0.0877,-0.2323,0.0055,2.4398,-3.8993,0.3175,0.2746,0.739,0.0235,117.6513
0.6724,-1.357,0.1016,0.2415,0.1537,0.0243,0.7233,104633.586,0.5545,1.7439,11.5582,0.0,4.0,0.3728,-0.7524,0.4011,0.2553,-0.3129,0.0025,2.2863,-0.7781,0.353,0.2896,0.7233,0.0243,101.6646
0.5423,-12.0915,0.0235,0.3724,0.0657,0.2837,0.4727,205470.31,0.3189,3.4245,12.2331,1.0,1.0,0.173,-3.8564,0.1508,0.0892,0.0535,0.0067,0.8541,-3.5309,0.297,0.194,0.5423,0.0235,92.7508
0.9042,-13.7772,0.0665,0.1409,0.0,0.2714,0.9223,153054.33,0.2526,2.5509,11.9386,0.0,0.0,0.2284,-3.4801,0.233,0.0665,-0.1117,0.0181,1.7806,-5.4009,0.3654,0.3863,0.9223,0.0,155.0736
0.6478,-19.0369,0.1459,0.0,0.3423,0.0767,0.5717,363411.6,0.7374,6.0569,12.8033,4.0,0.0,0.4777,-14.0378,0.4216,0.4882,-0.7374,0.0112,733.4686,-3.143,0.3603,0.2961,0.7374,0.0,94.1456
0.7348,-14.7014,0.0291,0.0,0.3436,0.2925,0.2802,181776.81,0.7989,3.0296,12.1105,0.0,0.0,0.587,-11.7445,0.2238,0.3727,-0.7989,0.0085,794.6076,-4.8526,0.3541,0.3117,0.7989,0.0,65.0252
0.4946,-13.566,0.0235,0.038,0.1226,0.2601,0.4469,220396.98,0.9799,3.6733,12.3032,1.0,0.0,0.4846,-13.2928,0.4379,0.1461,-0.9419,0.0061,25.1173,-3.6931,0.3379,0.3391,0.9799,0.0235,136.029
0.6337,-9.7736,0.1445,0.2327,0.2375,0.224,0.978,125566.234,0.0209,2.0928,11.7406,0.0,1.0,0.0132,-0.2039,0.0204,0.3821,0.2118,0.0324,0.0893,-4.6702,0.353,0.3336,0.978,0.0209,144.2033
0.4119,-4.6617,0.0235,0.5273,0.3984,0.1615,0.5523,173371.94,0.4479,2.8895,12.0632,0.0,3.0,0.1845,-2.0881,0.2474,0.4219,0.0794,0.0038,0.8479,-1.6133,0.3604,0.1956,0.5523,0.0235,117.7201
0.5671,-1.357,0.0417,0.4729,0.1161,0.2855,0.5271,272639.2,0.4105,4.544,12.5159,3.0,4.0,0.2328,-0.557,0.2164,0.1578,0.0624,0.0119,0.8661,-0.2986,0.3458,0.2046,0.5671,0.0417,125.246
0.7821,-7.9661,0.03,0.0,0.1313,0.2515,0.2755,236599.53,0.3694,3.9433,12.3741,2.0,2.0,0.2889,-2.9427,0.1018,0.1613,-0.3694,0.0075,367.4306,-2.0202,0.2628,0.2652,0.7821,0.0,152.2504
0.5022,-9.7391,0.1878,0.4777,0.0,0.2899,0.7551,258122.06,0.1118,4.302,12.4612,2.0,1.0,0.0561,-1.0888,0.0844,0.1878,0.3659,0.0544,0.2335,-2.2638,0.3321,0.2616,0.7551,0.0,96.9183
0.4676,-12.3926,0.03,0.16,0.0,0.1344,0.0256,261768.89,0.6768,4.3628,12.4752,3.0,0.0,0.3164,-8.3873,0.0173,0.03,-0.5168,0.004,4.2043,-2.8405,0.2135,0.2591,0.6768,0.0,132.4648
0.4889,-6.7802,0.0939,0.7157,0.206,0.0243,0.6739,281038.72,0.8187,4.684,12.5463,3.0,3.0,0.4002,-5.5507,0.5517,0.2999,-0.103,0.0023,1.1423,-1.4475,0.4316,0.3223,0.8187,0.0243,117.0396
0.6429,-1.357,0.2078,0.2366,0.1315,0.0671,0.4279,231265.38,0.2897,3.8544,12.3513,2.0,4.0,0.1863,-0.3932,0.124,0.3392,-0.0532,0.0139,1.2196,-0.3521,0.2862,0.1949,0.6429,0.0671,156.9394
0.6373,-13.3564,0.0618,0.1167,0.0,0.0243,0.679,177814.69,0.9361,2.9636,12.0885,0.0,0.0,0.5966,-12.5034,0.6357,0.0618,-0.8194,0.0015,7.9526,-4.5069,0.3508,0.3874,0.9361,0.0,101.9777
0.7039,-15.3835,0.1407,0.0638,0.0872,0.1656,0.4425,242345.02,0.5617,4.0391,12.3981,2.0,0.0,0.3954,-8.6404,0.2486,0.2279,-0.4979,0.0233,8.6707,-3.8087,0.3093,0.2569,0.7039,0.0638,119.0198
0.7416,-8.0738,0.1198,0.385,0.3105,0.2933,0.978,342771.5,0.5159,5.7129,12.7448,4.0,2.0,0.3826,-4.165,0.5045,0.4303,-0.1309,0.0351,1.3365,-1.4133,0.4777,0.2944,0.978,0.1198,108.9569
0.485,-12.661,0.0235,0.1267,0.0,0.2513,0.4428,151353.86,0.9922,2.5226,11.9274,0.0,0.0,0.4812,-12.5623,0.4394,0.0235,-0.8655,0.0059,7.7678,-5.0191,0.3317,0.3478,0.9922,0.0,166.8657
0.5671,-2.8658,0.0968,0.3067,0.0,0.0243,0.7916,121368.664,0.6335,2.0228,11.7066,0.0,4.0,0.3593,-1.8154,0.5014,0.0968,-0.3268,0.0024,2.059,-1.4167,0.3457,0.3207,0.7916,0.0,87.4794
0.5105,-6.3324,0.1228,0.4846,0.1941,0.0577,0.5559,232932.08,0.9373,3.8822,12.3585,2.0,3.0,0.4785,-5.9356,0.5211,0.3169,-0.4527,0.0071,1.9302,-1.6311,0.409,0.3077,0.9373,0.0577,111.3822
0.8146,-7.352,0.155,0.1102,0.2571,0.264,0.7909,125762.52,0.5862,2.096,11.7422,0.0,2.0,0.4775,-4.3097,0.4636,0.4121,-0.476,0.0409,5.2725,-3.5076,0.4254,0.2994,0.8146,0.1102,140.7254
0.32,-5.9882,0.1618,0.4469,0.3129,0.3964,0.3561,256423.62,0.7693,4.2737,12.4546,2.0,3.0,0.2462,-4.6069,0.274,0.4747,-0.3224,0.0642,1.7176,-1.4012,0.3948,0.1876,0.7693,0.1618,124.0697
0.6394,-11.3691,0.0499,0.363,0.1648,0.1645,0.7347,203415.98,0.0534,3.3903,12.223,1.0,1.0,0.0341,-0.6071,0.0392,0.2148,0.3096,0.0082,0.1467,-3.3534,0.31,0.2791,0.7347,0.0499,107.6068
0.6288,-5.0822,0.0457,0.2984,0.0,0.2036,0.531,232671.77,0.0971,3.8779,12.3574,2.0,3.0,0.0611,-0.4937,0.0516,0.0457,0.2013,0.0093,0.3244,-1.3106,0.2578,0.2429,0.6288,0.0,123.5824
0.7191,-6.6776,0.14,0.0,0.1405,0.0243,0.5626,251350.97,0.6814,4.1892,12.4346,2.0,3.0,0.49,-4.5501,0.3834,0.2805,-0.6814,0.0034,677.7672,-1.594,0.324,0.317,0.7191,0.0,97.9396
0.5819,-20.954,0.0899,0.0797,0.383,0.2814,0.5639,332510.72,0.4845,5.5418,12.7144,4.0,0.0,0.2819,-10.1515,0.2732,0.4728,-0.4048,0.0253,6.0049,-3.7811,0.352,0.2098,0.5819,0.0797,163.9801
0.6112,-7.0387,0.0235,0.0994,0.0358,0.2078,0.5834,206887.02,0.3438,3.4481,12.2399,1.0,2.0,0.2101,-2.4199,0.2006,0.0593,-0.2444,0.0049,3.4256,-2.0413,0.2721,0.2479,0.6112,0.0235,130.8098
0.6348,-4.1837,0.0781,0.4585,0.3376,0.0243,0.6807,136800.44,0.5625,2.28,11.8263,0.0,3.0,0.357,-2.3532,0.3829,0.4157,-0.104,0.0019,1.2241,-1.835,0.3966,0.2621,0.6807,0.0243,100.1809
0.7966,-14.5771,0.0235,0.4364,0.0,0.3917,0.339,203528.34,0.0653,3.3921,12.2236,1.0,0.0,0.052,-0.9524,0.0222,0.0235,0.3711,0.0092,0.1494,-4.2973,0.2932,0.2876,0.7966,0.0,74.3164
0.7349,-7.3446,0.0235,0.2038,0.1623,0.0972,0.4516,183518.89,0.2645,3.0586,12.1201,1.0,2.0,0.1944,-1.9429,0.1195,0.1858,-0.0607,0.0023,1.2915,-2.4012,0.2768,0.2434,0.7349,0.0235,50.2435
0.5469,-9.5498,0.0856,0.0,0.0345,0.0322,0.6525,300261.06,0.8743,5.0044,12.6124,4.0,2.0,0.4782,-8.3497,0.5705,0.1201,-0.8743,0.0028,869.6719,-1.9083,0.318,0.3631,0.8743,0.0,158.442
0.6665,-4.1229,0.1153,0.0,0.0,0.2637,0.593,264991.4,0.6368,4.4165,12.4875,3.0,3.0,0.4244,-2.6254,0.3776,0.1153,-0.6368,0.0304,633.405,-0.9335,0.325,0.3013,0.6665,0.0,123.0717
0.9442,-2.3546,0.0235,0.0,0.0948,0.1688,0.1815,220371.78,0.8593,3.6729,12.3031,1.0,4.0,0.8114,-2.0234,0.156,0.1183,-0.8593,0.004,854.7519,-0.6411,0.3246,0.4007,0.9442,0.0,146.7408
0.7359,-9.9073,0.1667,0.2055,0.1795,0.0329,0.4616,227948.55,0.976,3.7991,12.3369,1.0,1.0,0.7182,-9.6696,0.4506,0.3462,-0.7705,0.0055,4.7261,-2.6078,0.394,0.3473,0.976,0.0329,105.0535
0.4878,-1.357,0.1167,0.7444,0.0,0.0243,0.4477,137906.14,0.9908,2.2984,11.8343,0.0,4.0,0.4833,-1.3445,0.4436,0.1167,-0.2464,0.0028,1.3293,-0.5904,0.4017,0.3784,0.9908,0.0,87.208
0.3795,-4.8983,0.15,0.1449,0.4477,0.0243,0.3449,305866.28,0.7399,5.0978,12.6309,4.0,3.0,0.2808,-3.6241,0.2552,0.5977,-0.595,0.0036,5.0722,-0.9609,0.3187,0.2394,0.7399,0.0243,98.5138
0.769,-4.9949,0.0987,0.1769,0.0,0.1914,0.7883,225354.5,0.4168,3.7559,12.3254,1.0,3.0,0.3205,-2.0819,0.3286,0.0987,-0.2399,0.0189,2.3432,-1.3299,0.3487,0.3196,0.7883,0.0,164.6155
0.7435,-5.359,0.0864,0.4597,0.0038,0.1666,0.462,214789.89,0.3925,3.5798,12.2774,1.0,3.0,0.2918,-2.1036,0.1814,0.0902,0.0672,0.0144,0.852,-1.497,0.3307,0.2587,0.7435,0.0038,113.5701
0.8244,-10.0998,0.1199,0.0179,0.0896,0.3936,0.0256,337923.28,0.7735,5.6321,12.7306,4.0,1.0,0.6377,-7.8119,0.0198,0.2095,-0.7556,0.0472,40.9034,-1.7933,0.3206,0.3504,0.8244,0.0179,126.5839
0.975,-5.7159,0.1116,0.3479,0.1039,0.0243,0.688,181671.42,0.7958,3.0279,12.11,0.0,3.0,0.7759,-4.5487,0.5475,0.2154,-0.4479,0.0027,2.2812,-1.8878,0.4352,0.3822,0.975,0.0243,128.2905
0.5123,-7.0129,0.0956,0.389,0.2625,0.3956,0.611,236079.95,0.2217,3.9347,12.3719,2.0,2.0,0.1136,-1.555,0.1355,0.3581,0.1672,0.0378,0.5686,-1.7823,0.3554,0.1764,0.611,0.0956,146.4824
0.504,-7.1897,0.0235,0.1721,0.0886,0.2505,0.9489,231646.83,0.5742,3.8608,12.353,2.0,2.0,0.2894,-4.1283,0.5448,0.1121,-0.4021,0.0059,3.3173,-1.8622,0.366,0.3285,0.9489,0.0235,107.7211
0.6396,-3.9264,0.1469,0.2984,0.0,0.0801,0.0256,242655.95,0.4979,4.0443,12.3994,2.0,4.0,0.3185,-1.9548,0.0127,0.1469,-0.1994,0.0118,1.6627,-0.9709,0.2412,0.2475,0.6396,0.0,118.0853
0.5077,-5.6301,0.0235,0.3321,0.3889,0.261,0.5689,203371.3,0.5629,3.3895,12.2228,1.0,3.0,0.2857,-3.169,0.3202,0.4124,-0.2307,0.0061,1.6896,-1.661,0.3779,0.1954,0.5689,0.0235,114.7614
0.2765,-5.8605,0.077,0.0,0.3126,0.0243,0.5525,63973.0,0.7918,1.0662,11.0662,0.0,3.0,0.2189,-4.6403,0.4375,0.3895,-0.7918,0.0019,787.5786,-5.4965,0.2907,0.2948,0.7918,0.0,108.4297
0.7094,-12.7935,0.1424,0.2601,0.058,0.1889,0.5343,264732.25,0.3591,4.4122,12.4865,3.0,0.0,0.2547,-4.5937,0.1919,0.2005,-0.099,0.0269,1.3754,-2.8996,0.3217,0.2309,0.7094,0.058,108.6476
0.8115,-3.818,0.0351,0.2668,0.0,0.0243,0.5028,280116.53,0.6864,4.6686,12.543,3.0,4.0,0.557,-2.6207,0.3451,0.0351,-0.4196,0.0009,2.5629,-0.8178,0.3324,0.3371,0.8115,0.0,130.2088
0.8441,-7.0877,0.0235,0.2516,0.0,0.4379,0.4045,272520.0,0.3587,4.542,12.5155,3.0,2.0,0.3028,-2.5426,0.1451,0.0235,-0.1071,0.0103,1.4199,-1.5605,0.3315,0.2862,0.8441,0.0,119.4163
0.6498,-12.8887,0.0235,0.146,0.0,0.1367,0.2405,236430.52,0.4605,3.9405,12.3734,2.0,0.0,0.2992,-5.9348,0.1108,0.0235,-0.3145,0.0032,3.1327,-3.2708,0.2367,0.2382,0.6498,0.0,109.9478
0.975,-14.7744,0.0868,0.5298,0.0128,0.291,0.4425,273599.4,0.0309,4.56,12.5194,3.0,0.0,0.0301,-0.456,0.0137,0.0996,0.4989,0.0253,0.0582,-3.24,0.3384,0.3461,0.975,0.0128,117.529
0.5391,-6.933,0.1234,0.2899,0.154,0.208,0.4549,224443.52,0.4435,3.7407,12.3214,1.0,2.0,0.2391,-3.075,0.2018,0.2774,-0.1536,0.0257,1.5245,-1.8534,0.3161,0.1638,0.5391,0.1234,102.7869
0.673,-1.357,0.1915,0.6422,0.0487,0.0243,0.7039,316430.4,0.3523,5.2738,12.6649,4.0,4.0,0.2371,-0.478,0.248,0.2402,0.29,0.0047,0.5477,-0.2573,0.3766,0.2978,0.7039,0.0243,91.4032
0.7065,-4.7389,0.078,0.5846,0.0,0.1718,0.5828,209855.02,0.0862,3.4976,12.2542,1.0,3.0,0.0609,-0.4085,0.0502,0.078,0.4984,0.0134,0.1472,-1.3549,0.3157,0.2961,0.7065,0.0,137.0776
0.5266,-17.7511,0.1319,0.0847,0.1303,0.1459,0.5296,154946.78,0.3342,2.5824,11.9508,0.0,0.0,0.176,-5.9324,0.177,0.2622,-0.2495,0.0192,3.9003,-6.8737,0.269,0.194,0.5296,0.0847,69.6022
0.975,-6.9638,0.1323,0.2056,0.2145,0.0243,0.4725,355083.38,0.3174,5.9181,12.7801,4.0,2.0,0.3095,-2.2103,0.15,0.3468,-0.1118,0.0032,1.5362,-1.1767,0.3345,0.3156,0.975,0.0243,88.035
0.7343,-18.7744,0.0235,0.4499,0.1177,0.1688,0.4401,153888.19,0.0269,2.5648,11.944,0.0,0.0,0.0197,-0.5044,0.0118,0.1412,0.423,0.004,0.0596,-7.32,0.2802,0.2675,0.7343,0.0235,113.4626
0.5556,-2.2749,0.0235,0.5159,0.0,0.3438,0.6058,216864.92,0.823,3.6144,12.287,1.0,4.0,0.4573,-1.8722,0.4986,0.0235,-0.3071,0.0081,1.5921,-0.6294,0.4097,0.3064,0.823,0.0,153.7833
0.8185,-1.357,0.0888,0.3095,0.0,0.277,0.2818,244786.88,0.1413,4.0798,12.4081,2.0,4.0,0.1156,-0.1917,0.0398,0.0888,0.1682,0.0246,0.455,-0.3326,0.2738,0.2661,0.8185,0.0,125.7913
0.5693,-7.5978,0.1245,0.0015,0.0,0.2026,0.0773,179565.12,0.9988,2.9928,12.0983,0.0,2.0,0.5687,-7.5886,0.0773,0.1245,-0.9973,0.0252,403.9739,-2.5387,0.282,0.3714,0.9988,0.0,134.0017
0.5523,-7.2656,0.0628,0.8375,0.0,0.0243,0.7725,179842.55,0.3264,2.9974,12.0998,0.0,2.0,0.1803,-2.3715,0.2521,0.0628,0.5111,0.0015,0.3893,-2.424,0.368,0.3574,0.8375,0.0,144.1696
0.7414,-5.1595,0.0765,0.7356,0.3967,0.0243,0.398,226873.39,0.6423,3.7812,12.3322,1.0,3.0,0.4762,-3.3138,0.2556,0.4732,0.0934,0.0019,0.8719,-1.3645,0.4307,0.2964,0.7414,0.0243,96.1242
0.3966,-6.8571,0.0235,0.995,0.0,0.2176,0.7192,265921.8,0.5699,4.432,12.491,3.0,3.0,0.226,-3.9076,0.4099,0.0235,0.4251,0.0051,0.5722,-1.5472,0.4174,0.3692,0.995,0.0,121.3372
0.9074,-16.1207,0.0895,0.2378,0.1061,0.139,0.5917,241065.73,0.2845,4.0178,12.3928,2.0,0.0,0.2582,-4.5869,0.1684,0.1956,-0.0467,0.0124,1.1913,-4.0124,0.3366,0.3046,0.9074,0.0895,105.4262
0.4466,-10.0721,0.1069,0.3906,0.0,0.0776,0.5712,207553.94,0.1546,3.4592,12.2432,1.0,1.0,0.0691,-1.5572,0.0883,0.1069,0.236,0.0083,0.3948,-2.9117,0.2496,0.2173,0.5712,0.0,155.0621
0.5623,-16.7711,0.0952,0.0593,0.2428,0.2485,0.6569,316630.4,0.4537,5.2772,12.6655,4.0,0.0,0.2551,-7.6085,0.298,0.338,-0.3943,0.0237,7.5202,-3.1781,0.3312,0.2305,0.6569,0.0593,197.7985
0.5666,-12.1668,0.0235,0.2949,0.1231,0.3967,0.6404,125732.23,0.1745,2.0955,11.7419,0.0,1.0,0.0988,-2.1227,0.1117,0.1466,0.1205,0.0093,0.5895,-5.8061,0.3171,0.2301,0.6404,0.0235,85.9392
0.5022,-1.357,0.0456,0.5967,0.2275,0.2648,0.0256,216858.7,0.3762,3.6143,12.287,1.0,4.0,0.1889,-0.5105,0.0096,0.2732,0.2205,0.0121,0.6294,-0.3755,0.2912,0.2163,0.5967,0.0256,166.6272
0.5525,-5.8265,0.0691,0.8562,0.1517,0.1178,0.5069,326938.6,0.2438,5.449,12.6975,4.0,3.0,0.1347,-1.4205,0.1236,0.2208,0.6124,0.0081,0.2844,-1.0693,0.3569,0.2901,0.8562,0.0691,108.8907
0.5317,-6.2944,0.0877,0.3335,0.0867,0.1247,0.4047,308040.53,0.8241,5.134,12.638,4.0,3.0,0.4382,-5.1874,0.3335,0.1744,-0.4906,0.0109,2.4635,-1.226,0.3419,0.2737,0.8241,0.0867,110.7056
0.7692,-1.357,0.0464,0.119,0.3956,0.1615,0.5135,230278.48,0.4717,3.838,12.347,2.0,4.0,0.3628,-0.6401,0.2422,0.4421,-0.3527,0.0075,3.9315,-0.3536,0.3538,0.2583,0.7692,0.0464,109.8182
0.5314,-8.9887,0.065,0.624,0.1177,0.1833,0.2378,372264.8,0.569,6.2044,12.8274,4.0,2.0,0.3024,-5.1145,0.1353,0.1828,0.055,0.0119,0.9104,-1.4488,0.3326,0.2343,0.624,0.065,116.4047
0.975,-9.0641,0.1556,0.188,0.2149,0.1618,0.7387,332062.72,0.2554,5.5344,12.7131,4.0,2.0,0.249,-2.315,0.1887,0.3706,-0.0674,0.0252,1.3515,-1.6378,0.3842,0.3317,0.975,0.1556,136.1927
0.6248,-1.357,0.0235,0.0021,0.0,0.189,0.564,272298.84,0.6655,4.5383,12.5147,3.0,4.0,0.4158,-0.903,0.3753,0.0235,-0.6634,0.0044,214.2561,-0.299,0.2956,0.3099,0.6655,0.0,162.4123
0.4451,-3.2939,0.0235,0.2929,0.1273,0.0498,0.6675,228342.19,0.9881,3.8057,12.3386,1.0,4.0,0.4398,-3.2548,0.6596,0.1508,-0.6952,0.0012,3.3619,-0.8655,0.3706,0.3568,0.9881,0.0235,115.9981
0.7645,-9.1679,0.0235,0.0,0.037,0.1658,0.6429,263484.22,0.7105,4.3914,12.4818,3.0,2.0,0.5431,-6.5135,0.4567,0.0605,-0.7105,0.0039,706.6789,-2.0877,0.3349,0.3528,0.7645,0.0,130.987
0.4259,-1.357,0.0425,0.0,0.2785,0.1635,0.5734,297749.97,0.5088,4.9625,12.604,4.0,4.0,0.2167,-0.6904,0.2918,0.3209,-0.5088,0.0069,506.0874,-0.2735,0.2847,0.2266,0.5734,0.0,84.1381
0.7699,-1.357,0.0235,0.2517,0.3312,0.1736,0.7497,276973.4,0.5712,4.6162,12.5317,3.0,4.0,0.4398,-0.7751,0.4282,0.3547,-0.3195,0.0041,2.2602,-0.294,0.4101,0.2908,0.7699,0.0235,131.8444
0.5316,-11.2489,0.1157,0.124,0.0,0.2656,0.978,309701.62,0.2692,5.1617,12.6434,4.0,1.0,0.1431,-3.0282,0.2633,0.1157,-0.1452,0.0307,2.154,-2.1793,0.3263,0.3331,0.978,0.0,129.3614
0.5158,-7.5693,0.1635,0.5698,0.0,0.0243,0.4277,352548.4,0.7916,5.8758,12.7729,4.0,2.0,0.4083,-5.9918,0.3386,0.1635,-0.2218,0.004,1.3869,-1.2882,0.3561,0.3,0.7916,0.0,118.6752
0.5392,-10.5899,0.0235,0.3549,0.1739,0.1589,0.454,220147.36,0.8673,3.6691,12.3021,1.0,1.0,0.4676,-9.185,0.3938,0.1974,-0.5125,0.0037,2.4373,-2.8862,0.3674,0.2847,0.8673,0.0235,143.6962
0.8298,-1.357,0.0235,0.2715,0.0648,0.148,0.8141,167796.95,0.5495,2.7966,12.0305,0.0,4.0,0.4559,-0.7456,0.4473,0.0883,-0.2779,0.0035,2.0162,-0.4852,0.3859,0.3443,0.8298,0.0235,150.2636
0.6395,-3.6425,0.1102,0.3976,0.0499,0.2228,0.5715,132367.48,0.2481,2.2061,11.7933,0.0,4.0,0.1586,-0.9036,0.1418,0.1601,0.1495,0.0245,0.6224,-1.6511,0.3199,0.2247,0.6395,0.0499,99.1585
0.5672,-8.8264,0.1056,0.3955,0.1312,0.0243,0.6857,283794.7,0.5165,4.7299,12.556,3.0,2.0,0.293,-4.5585,0.3542,0.2368,-0.1209,0.0026,1.3025,-1.8661,0.3466,0.2593,0.6857,0.0243,140.675
0.7814,-9.8344,0.1158,0.0985,0.0,0.0816,0.5478,267598.53,0.3838,4.46,12.4972,3.0,1.0,0.2999,-3.7744,0.2102,0.1158,-0.2853,0.0095,3.8557,-2.205,0.287,0.2919,0.7814,0.0,82.2447
0.39,-4.5609,0.0235,0.3925,0.24,0.35,0.4546,229951.4,0.34,3.8325,12.3456,1.0,3.0,0.1326,-1.5507,0.1546,0.2635,0.0525,0.0082,0.8639,-1.19,0.313,0.1435,0.4546,0.0235,159.4766
0.836,-4.6488,0.1437,0.0,0.3818,0.3545,0.5981,228774.53,0.2656,3.8129,12.3405,1.0,3.0,0.222,-1.2347,0.1589,0.5255,-0.2656,0.051,264.184,-1.2192,0.3685,0.2795,0.836,0.0,166.7862
0.6342,-4.2679,0.1827,0.1111,0.0,0.0775,0.4939,239947.92,0.1849,3.9991,12.3882,2.0,3.0,0.1173,-0.7893,0.0913,0.1827,-0.0739,0.0142,1.6503,-1.0672,0.2406,0.2334,0.6342,0.0,102.8856
0.6828,-9.6623,0.0235,0.2618,0.0649,0.2168,0.3524,132389.16,0.2627,2.2065,11.7935,0.0,1.0,0.1794,-2.538,0.0926,0.0884,-0.0009,0.0051,0.9995,-4.379,0.2664,0.2171,0.6828,0.0235,141.646
0.6172,-14.749,0.0618,0.4051,0.0534,0.1593,0.4028,252325.73,0.0493,4.2054,12.4385,2.0,0.0,0.0304,-0.7266,0.0198,0.1152,0.3558,0.0098,0.1213,-3.5071,0.2498,0.2254,0.6172,0.0493,106.1254
0.5645,-8.3951,0.1426,0.1646,0.0,0.0243,0.5678,266948.62,0.5165,4.4491,12.4948,3.0,2.0,0.2915,-4.3358,0.2933,0.1426,-0.3519,0.0035,3.1192,-1.8869,0.2829,0.2568,0.5678,0.0,143.4179
0.5348,-6.8673,0.0235,0.0018,0.0,0.047,0.7339,281203.62,0.858,4.6867,12.5468,3.0,3.0,0.4588,-5.8921,0.6297,0.0235,-0.8562,0.0011,309.6816,-1.4653,0.3141,0.3814,0.858,0.0,90.1949
0.975,-6.8276,0.1407,0.0941,0.009,0.0243,0.5466,202658.67,0.8167,3.3776,12.2193,1.0,3.0,0.7962,-5.5759,0.4464,0.1497,-0.7226,0.0034,8.5914,-2.0214,0.3723,0.4032,0.975,0.009,83.8901
0.5437,-15.4098,0.0326,0.0,0.0,0.3056,0.8473,152820.8,0.4532,2.547,11.937,0.0,0.0,0.2464,-6.9837,0.384,0.0326,-0.4532,0.01,450.7838,-6.0502,0.3118,0.3248,0.8473,0.0,148.5322
0.6469,-5.7358,0.0843,0.133,0.0,0.107,0.978,224119.73,0.9453,3.7353,12.3199,1.0,3.0,0.6115,-5.4218,0.9245,0.0843,-0.8123,0.009,7.056,-1.5355,0.4135,0.4297,0.978,0.0,160.2942
0.4949,-13.0277,0.0908,0.4426,0.1679,0.1159,0.978,276637.1,0.0235,4.6106,12.5305,3.0,0.0,0.0116,-0.3066,0.023,0.2586,0.419,0.0105,0.0531,-2.8256,0.3305,0.3374,0.978,0.0235,127.4699
0.7711,-7.8594,0.0526,0.043,0.0058,0.0717,0.0256,277735.88,0.8044,4.6289,12.5344,3.0,2.0,0.6203,-6.3221,0.0206,0.0584,-0.7614,0.0038,18.2705,-1.6979,0.2535,0.3657,0.8044,0.0058,70.4269
0.5643,-6.0729,0.1208,0.2536,0.0,0.2125,0.6608,266422.97,0.8931,4.4404,12.4928,3.0,3.0,0.504,-5.4235,0.5902,0.1208,-0.6394,0.0257,3.5074,-1.3677,0.3865,0.3244,0.8931,0.0,132.6231
0.5418,-5.6114,0.0775,0.2708,0.0,0.0733,0.7929,268912.78,0.2157,4.4819,12.5021,3.0,3.0,0.1169,-1.2106,0.1711,0.0775,0.055,0.0057,0.7938,-1.252,0.2817,0.2881,0.7929,0.0,146.3078
0.5616,-2.8571,0.0986,0.2219,0.0,0.0579,0.4575,248118.34,0.2656,4.1353,12.4217,2.0,4.0,0.1492,-0.7589,0.1215,0.0986,-0.0437,0.0057,1.1914,-0.6909,0.2376,0.2091,0.5616,0.0,97.5372
0.6651,-1.357,0.0781,0.0533,0.1608,0.3428,0.7401,243347.58,0.5164,4.0558,12.4022,2.0,4.0,0.3434,-0.7008,0.3822,0.2389,-0.4631,0.0268,9.5166,-0.3346,0.3652,0.2815,0.7401,0.0533,99.801
0.8494,-7.9671,0.1114,0.3845,0.2653,0.0243,0.869,223980.47,0.4055,3.733,12.3193,1.0,2.0,0.3444,-3.2309,0.3524,0.3767,-0.021,0.0027,1.052,-2.1342,0.4156,0.3324,0.869,0.0243,111.4062
0.4909,-7.4538,0.0235,0.4488,0.0,0.0324,0.7415,221165.6,0.9323,3.6861,12.3067,1.0,2.0,0.4577,-6.9489,0.6912,0.0235,-0.4834,0.0008,2.0724,-2.0221,0.3813,0.3753,0.9323,0.0,112.2837
0.5393,-7.8473,0.0739,0.0764,0.1813,0.0243,0.7249,161776.64,0.6917,2.6963,11.994,0.0,2.0,0.373,-5.4277,0.5014,0.2552,-0.6153,0.0018,8.9382,-2.9104,0.3302,0.3098,0.7249,0.0243,144.0884
0.6264,-5.5278,0.0235,0.0,0.1257,0.1589,0.2486,171836.44,0.7594,2.8639,12.0543,0.0,3.0,0.4757,-4.1978,0.1888,0.1492,-0.7594,0.0037,755.3513,-1.9301,0.2775,0.2982,0.7594,0.0,106.5806
0.4907,-1.357,0.0235,0.0,0.2736,0.336,0.5274,313901.72,0.8781,5.2317,12.6568,4.0,4.0,0.4309,-1.1916,0.4632,0.2971,-0.8781,0.0079,873.4517,-0.2594,0.3613,0.3067,0.8781,0.0,77.673
0.648,-2.8628,0.1315,0.1288,0.0,0.0243,0.6591,223844.12,0.7119,3.7307,12.3187,1.0,4.0,0.4613,-2.038,0.4692,0.1315,-0.5831,0.0032,5.4838,-0.7674,0.3291,0.326,0.7119,0.0,138.8995
0.975,-14.5884,0.0393,0.3612,0.252,0.0635,0.4426,264361.84,0.1819,4.406,12.4851,3.0,0.0,0.1773,-2.6531,0.0805,0.2913,0.1793,0.0025,0.5022,-3.311,0.3308,0.3197,0.975,0.0393,142.7756
0.975,-12.4917,0.0235,0.0,0.0849,0.0649,0.4475,267434.0,0.9363,4.4572,12.4966,3.0,0.0,0.9129,-11.6964,0.419,0.1084,-0.9363,0.0015,931.3414,-2.8026,0.3617,0.4327,0.975,0.0,122.7727
0.7675,-7.9748,0.0235,0.3828,0.258,0.2455,0.5024,186619.14,0.2214,3.1103,12.1368,1.0,2.0,0.1699,-1.7656,0.1112,0.2815,0.1614,0.0058,0.5769,-2.564,0.343,0.2383,0.7675,0.0235,57.7254
0.8443,-14.6205,0.1437,0.4249,0.0,0.4451,0.0256,287085.1,0.8794,4.7848,12.5675,3.0,0.0,0.7425,-12.8572,0.0225,0.1437,-0.4545,0.064,2.0648,-3.0556,0.3947,0.3641,0.8794,0.0,109.322
0.6434,-3.7955,0.0235,0.0,0.0789,0.3158,0.4745,173851.69,0.8221,2.8975,12.066,0.0,4.0,0.529,-3.1204,0.3901,0.1024,-0.8221,0.0074,817.7502,-1.3099,0.3369,0.3233,0.8221,0.0,146.7211
0.815,-7.9037,0.0655,0.1615,0.271,0.0243,0.3917,127782.28,0.904,2.1297,11.7581,0.0,2.0,0.7367,-7.1449,0.3541,0.3364,-0.7425,0.0016,5.5621,-3.7112,0.3761,0.3533,0.904,0.0243,161.7442
0.6945,-1.357,0.0235,0.247,0.0817,0.2023,0.2449,267739.97,0.2395,4.4623,12.4978,3.0,4.0,0.1664,-0.325,0.0587,0.1052,0.0075,0.0048,0.9659,-0.3041,0.2476,0.2159,0.6945,0.0235,110.7449
0.5696,-10.0813,0.1539,0.0594,0.0,0.0858,0.978,292735.0,0.2313,4.8789,12.587,4.0,1.0,0.1317,-2.3315,0.2262,0.1539,-0.1719,0.0132,3.8289,-2.0663,0.2969,0.3541,0.978,0.0,129.3253
0.4658,-8.8767,0.0235,0.1828,0.2225,0.0872,0.4495,264935.5,0.4918,4.4156,12.4872,3.0,2.0,0.2291,-4.3656,0.2211,0.246,-0.309,0.002,2.6757,-2.0103,0.2747,0.1931,0.4918,0.0235,98.5721
0.9131,-15.7014,0.0235,0.0,0.3446,0.3548,0.5088,296484.8,0.4024,4.9414,12.5998,4.0,0.0,0.3674,-6.3183,0.2048,0.3681,-0.4024,0.0083,400.2546,-3.1775,0.3639,0.309,0.9131,0.0,132.4677
0.7624,-4.5323,0.046,0.3367,0.3927,0.1295,0.7411,203818.0,0.1824,3.397,12.225,1.0,3.0,0.1391,-0.8267,0.1352,0.4387,0.1543,0.006,0.5402,-1.3342,0.3701,0.2862,0.7624,0.046,142.8242
0.6786,-5.7976,0.0976,0.2888,0.0,0.3567,0.6516,166653.81,0.0653,2.7776,12.0237,0.0,3.0,0.0443,-0.3788,0.0426,0.0976,0.2235,0.0348,0.2254,-2.0873,0.3055,0.2757,0.6786,0.0,177.5736
0.6375,-4.1245,0.1789,0.0,0.0,0.0889,0.591,216868.78,0.3935,3.6145,12.2871,1.0,3.0,0.2509,-1.6231,0.2326,0.1789,-0.3935,0.0159,391.4352,-1.1411,0.27,0.2709,0.6375,0.0,137.6996
0.3966,-13.8669,0.0539,0.3636,0.0,0.0463,0.8282,243734.83,0.2578,4.0622,12.4038,2.0,0.0,0.1022,-3.5749,0.2135,0.0539,0.1058,0.0025,0.7071,-3.4136,0.278,0.2903,0.8282,0.0,165.0714
0.3955,-1.357,0.0235,0.4969,0.0599,0.2536,0.5135,204460.12,0.6081,3.4077,12.2281,1.0,4.0,0.2405,-0.8251,0.3123,0.0834,-0.1111,0.006,1.2211,-0.3982,0.3359,0.2294,0.6081,0.0235,73.6372
0.975,-3.3627,0.0601,0.148,0.4169,0.1845,0.6866,241520.61,0.9263,4.0253,12.3947,2.0,4.0,0.9031,-3.1147,0.6359,0.4771,-0.7783,0.0111,6.2173,-0.8354,0.4853,0.3796,0.975,0.0601,168.36
0.6194,-1.357,0.1837,0.0846,0.0386,0.0243,0.5329,164896.78,0.7883,2.7483,12.0131,0.0,4.0,0.4882,-1.0697,0.4201,0.2223,-0.7037,0.0045,9.213,-0.4938,0.3245,0.3148,0.7883,0.0243,94.6506
0.7979,-2.9074,0.0235,0.0,0.0,0.2743,0.457,247039.72,0.8497,4.1173,12.4173,2.0,4.0,0.6779,-2.4703,0.3883,0.0235,-0.8497,0.0064,845.1367,-0.7061,0.3432,0.3694,0.8497,0.0,119.1247
0.7171,-1.357,0.1074,0.4545,0.3317,0.3013,0.978,185762.75,0.3399,3.096,12.1322,1.0,4.0,0.2437,-0.4612,0.3324,0.4391,0.1146,0.0324,0.7462,-0.4383,0.4614,0.2929,0.978,0.1074,129.1342
0.6371,-10.8463,0.0235,0.3979,0.2514,0.3114,0.8463,120600.98,0.0754,2.01,11.7003,0.0,1.0,0.048,-0.8178,0.0638,0.2749,0.3225,0.0073,0.189,-5.3961,0.3633,0.2952,0.8463,0.0235,135.7638
0.5397,-13.6914,0.0916,0.1439,0.0898,0.0769,0.835,232373.42,0.9281,3.8729,12.3561,2.0,0.0,0.5009,-12.7075,0.775,0.1814,-0.7843,0.007,6.4064,-3.5352,0.3864,0.3759,0.9281,0.0769,103.4408
0.5678,-3.0244,0.1425,0.0,0.0098,0.0561,0.374,264468.75,0.965,4.4078,12.4855,3.0,4.0,0.548,-2.9186,0.361,0.1524,-0.965,0.008,959.8552,-0.6861,0.3022,0.3601,0.965,0.0,116.2206
0.5765,-11.4539,0.0754,0.5696,0.0,0.0243,0.8125,182211.39,0.1694,3.0369,12.1129,0.0,1.0,0.0977,-1.9403,0.1376,0.0754,0.4002,0.0018,0.2969,-3.7716,0.3182,0.3274,0.8125,0.0,92.6758
0.7929,-11.13,0.0657,0.1924,0.2084,0.2485,0.0256,261629.64,0.6881,4.3605,12.4747,3.0,1.0,0.5456,-7.6582,0.0176,0.2741,-0.4957,0.0163,3.5576,-2.5525,0.3174,0.3012,0.7929,0.0256,95.7066
0.7434,-16.1499,0.032,0.0069,0.1497,0.2634,0.7524,276062.44,0.4919,4.601,12.5284,3.0,0.0,0.3657,-7.9436,0.3701,0.1817,-0.485,0.0084,62.3444,-3.5101,0.3485,0.3171,0.7524,0.0069,110.7746
0.4429,-3.6051,0.0918,0.4735,0.0387,0.2369,0.678,246586.66,0.2639,4.1098,12.4155,2.0,4.0,0.1169,-0.9515,0.179,0.1305,0.2095,0.0218,0.5563,-0.8772,0.318,0.2266,0.678,0.0387,128.6058
0.5309,-6.5501,0.1377,0.0948,0.3869,0.1755,0.4744,280195.8,0.4498,4.6699,12.5432,3.0,3.0,0.2388,-2.9462,0.2134,0.5246,-0.355,0.0242,4.694,-1.4026,0.3214,0.18,0.5309,0.0948,78.8936
0.6799,-1.357,0.056,0.995,0.36,0.0243,0.8597,332950.0,0.3331,5.5492,12.7158,4.0,4.0,0.2264,-0.452,0.2863,0.416,0.6619,0.0014,0.3344,-0.2445,0.4726,0.3813,0.995,0.0243,121.7484
0.6348,-11.8782,0.0697,0.1428,0.0,0.0243,0.6746,291702.4,0.7375,4.8617,12.5835,4.0,1.0,0.4682,-8.7598,0.4975,0.0697,-0.5947,0.0017,5.13,-2.4432,0.3262,0.3373,0.7375,0.0,121.4419
0.7156,-8.8877,0.0235,0.0,0.0,0.1609,0.4646,307700.53,0.867,5.1283,12.6369,4.0,2.0,0.6204,-7.7057,0.4028,0.0235,-0.867,0.0038,862.3777,-1.7331,0.3188,0.3639,0.867,0.0,131.3712
0.535,-1.357,0.0235,0.8594,0.0,0.1647,0.7088,129566.35,0.4249,2.1594,11.772,0.0,4.0,0.2273,-0.5765,0.3012,0.0235,0.4345,0.0039,0.4938,-0.6284,0.388,0.337,0.8594,0.0,118.4562
0.5445,-1.357,0.0923,0.8143,0.0872,0.1784,0.9176,256445.42,0.1225,4.2741,12.4547,2.0,4.0,0.0667,-0.1662,0.1124,0.1794,0.6918,0.0165,0.1502,-0.3175,0.3938,0.3603,0.9176,0.0872,137.7994
0.4437,-6.8135,0.0235,0.5271,0.113,0.3325,0.3954,241431.11,0.1675,4.0239,12.3943,2.0,3.0,0.0743,-1.1415,0.0662,0.1365,0.3595,0.0078,0.3173,-1.6933,0.2861,0.1871,0.5271,0.0235,152.7289
0.7645,-4.6519,0.0622,0.3099,0.1233,0.303,0.5074,255056.52,0.1401,4.2509,12.4492,2.0,3.0,0.1071,-0.6519,0.0711,0.1855,0.1698,0.0188,0.4507,-1.0943,0.3158,0.2485,0.7645,0.0622,149.9094
0.6986,-6.9978,0.0235,0.0,0.1438,0.0673,0.2768,258607.67,0.4785,4.3101,12.4631,2.0,2.0,0.3343,-3.3482,0.1324,0.1673,-0.4785,0.0016,475.9158,-1.6236,0.2412,0.2621,0.6986,0.0,140.3894
0.79,-11.0723,0.1726,0.0,0.3514,0.2726,0.5923,170191.81,0.4724,2.8365,12.0447,0.0,1.0,0.3732,-5.2305,0.2798,0.524,-0.4724,0.047,469.8814,-3.9035,0.3788,0.265,0.79,0.0,144.667
0.5599,-1.357,0.1823,0.3513,0.3957,0.332,0.9069,217603.72,0.6751,3.6267,12.2904,1.0,4.0,0.3779,-0.9161,0.6122,0.5781,-0.3238,0.0605,1.9161,-0.3742,0.4862,0.2451,0.9069,0.1823,131.6228
0.7347,-6.7165,0.0235,0.389,0.0,0.3045,0.0256,310870.84,0.3937,5.1812,12.6471,4.0,3.0,0.2892,-2.6441,0.0101,0.0235,-0.0047,0.0072,1.0095,-1.2963,0.2673,0.2708,0.7347,0.0,113.768
0.8865,-3.5734,0.1534,0.2028,0.0,0.2845,0.978,282322.62,0.1616,4.7054,12.5508,3.0,4.0,0.1433,-0.5775,0.158,0.1534,0.0412,0.0436,0.7928,-0.7594,0.381,0.3869,0.978,0.0,174.4914
0.5692,-1.357,0.047,0.0144,0.0059,0.1556,0.552,205858.3,0.982,3.431,12.2349,1.0,4.0,0.5589,-1.3326,0.5421,0.0529,-0.9676,0.0073,63.5679,-0.3955,0.3323,0.3756,0.982,0.0059,98.6891
0.6769,-6.9579,0.0979,0.4833,0.181,0.0243,0.4975,250835.94,0.6068,4.1806,12.4326,2.0,2.0,0.4107,-4.222,0.3019,0.2789,-0.1235,0.0024,1.2529,-1.6643,0.3668,0.2609,0.6769,0.0243,98.5251
0.7598,-3.0966,0.1196,0.5271,0.1715,0.1209,0.927,231347.02,0.2915,3.8558,12.3517,2.0,4.0,0.2215,-0.9026,0.2702,0.2911,0.2357,0.0145,0.5519,-0.8031,0.4168,0.3271,0.927,0.1196,85.0028
0.8909,-5.7568,0.115,0.9125,0.1177,0.0761,0.4958,241687.14,0.4045,4.0281,12.3954,2.0,3.0,0.3604,-2.3284,0.2005,0.2327,0.508,0.0087,0.4428,-1.4291,0.4304,0.3588,0.9125,0.0761,94.0398
0.3831,-12.8361,0.105,0.0,0.0,0.0243,0.2445,243412.86,0.824,4.0569,12.4025,2.0,0.0,0.3157,-10.5769,0.2014,0.105,-0.824,0.0026,819.607,-3.164,0.2258,0.3,0.824,0.0,118.4647
0.6528,-15.6038,0.0346,0.4578,0.0,0.0766,0.7349,262330.88,0.0827,4.3722,12.4774,3.0,0.0,0.054,-1.2899,0.0607,0.0346,0.3752,0.0027,0.1802,-3.5689,0.2913,0.3151,0.7349,0.0,150.055
0.5748,-17.859,0.1904,0.4031,0.4501,0.2483,0.9195,233876.4,0.1158,3.8979,12.3626,2.0,0.0,0.0666,-2.0681,0.1065,0.6405,0.2873,0.0473,0.2866,-4.5816,0.4146,0.2736,0.9195,0.1158,79.8494
0.5727,-5.5271,0.0985,0.5981,0.0106,0.1094,0.4925,294029.38,0.1378,4.9005,12.5914,4.0,3.0,0.0789,-0.7616,0.0679,0.1091,0.4603,0.0108,0.23,-1.1279,0.2885,0.2537,0.5981,0.0106,115.6276
0.567,-5.8457,0.0985,0.106,0.0,0.0564,0.5501,280844.8,0.9581,4.6807,12.5456,3.0,3.0,0.5433,-5.6009,0.5271,0.0985,-0.8521,0.0056,8.9521,-1.2489,0.3337,0.3621,0.9581,0.0,111.3944
0.6801,-8.5957,0.057,0.0,0.2905,0.0243,0.7349,109401.12,0.7885,1.8234,11.6028,0.0,2.0,0.5362,-6.7775,0.5794,0.3475,-0.7885,0.0014,784.263,-4.7143,0.3679,0.3571,0.7885,0.0,92.1626
0.7419,-4.359,0.0898,0.3425,0.0,0.2886,0.0256,387911.0,0.5205,6.4652,12.8685,4.0,3.0,0.3861,-2.2687,0.0133,0.0898,-0.1779,0.0259,1.5151,-0.6742,0.287,0.2751,0.7419,0.0,114.0751
0.6464,-10.4727,0.0235,0.2411,0.1867,0.0814,0.2687,275686.28,0.4564,4.5948,12.527,3.0,1.0,0.295,-4.7797,0.1227,0.2102,-0.2153,0.0019,1.8855,-2.2793,0.272,0.2162,0.6464,0.0235,103.1767
0.8271,-10.9075,0.0519,0.1608,0.2669,0.0898,0.7959,232230.7,0.1279,3.8705,12.3555,2.0,1.0,0.1058,-1.3954,0.1018,0.3188,0.0328,0.0047,0.7908,-2.8181,0.3315,0.3348,0.8271,0.0519,133.8499
0.6985,-3.8792,0.0793,0.1811,0.2435,0.0243,0.5196,136846.06,0.2634,2.2808,11.8266,0.0,4.0,0.184,-1.0218,0.1369,0.3229,-0.0823,0.0019,1.4465,-1.7008,0.2871,0.2413,0.6985,0.0243,128.3398
0.5829,-14.2423,0.0235,0.0,0.0,0.4617,0.5674,209547.94,0.8208,3.4925,12.2527,1.0,0.0,0.4785,-11.6901,0.4657,0.0235,-0.8208,0.0109,816.424,-4.078,0.3509,0.3384,0.8208,0.0,101.7081
0.4499,-9.6275,0.0957,0.0964,0.2489,0.2817,0.5864,293088.75,0.7383,4.8848,12.5882,4.0,1.0,0.3322,-7.1083,0.433,0.3447,-0.6419,0.027,7.5812,-1.9709,0.3568,0.245,0.7383,0.0957,105.3572
0.3689,-7.1427,0.0352,0.2522,0.118,0.3147,0.2779,63973.0,0.2679,1.0662,11.0662,0.0,2.0,0.0988,-1.9138,0.0745,0.1532,-0.0157,0.0111,1.0581,-6.6991,0.2335,0.1163,0.3689,0.0352,113.1822
0.3796,-14.837,0.0422,0.8267,0.2976,0.0948,0.2756,271221.5,0.1345,4.5204,12.5107,3.0,0.0,0.051,-1.9951,0.0371,0.3399,0.6922,0.004,0.1625,-3.2823,0.293,0.2646,0.8267,0.0422,96.2827
0.4259,-1.357,0.0599,0.4616,0.0025,0.0243,0.4751,252850.25,0.8846,4.2142,12.4406,2.0,4.0,0.3768,-1.2004,0.4203,0.0624,-0.423,0.0015,1.9122,-0.322,0.3334,0.3237,0.8846,0.0025,131.7418
0.4401,-8.9084,0.0235,0.995,0.3925,0.3475,0.0256,145879.0,0.8821,2.4313,11.8905,0.0,2.0,0.3882,-7.8578,0.0226,0.416,0.1129,0.0082,0.8856,-3.664,0.4438,0.3785,0.995,0.0235,127.5505
0.7162,-5.7581,0.0241,0.3238,0.0671,0.0243,0.305,270757.0,0.7298,4.5126,12.509,3.0,3.0,0.5227,-4.2022,0.2226,0.0912,-0.406,0.0006,2.2468,-1.276,0.3129,0.3065,0.7298,0.0241,138.494
0.7628,-9.096,0.2365,0.0739,0.1898,0.0243,0.7058,264992.25,0.9086,4.4165,12.4875,3.0,2.0,0.6931,-8.2646,0.6413,0.4263,-0.8347,0.0057,12.1309,-2.0595,0.4145,0.3653,0.9086,0.0243,137.4497
0.6869,-1.357,0.0235,0.095,0.0,0.3349,0.4466,352891.12,0.3675,5.8815,12.7739,4.0,4.0,0.2524,-0.4987,0.1642,0.0235,-0.2725,0.0079,3.8276,-0.2307,0.2792,0.2525,0.6869,0.0,99.1968
0.8267,-10.9621,0.0869,0.2466,0.0,0.152,0.2768,283694.16,0.4525,4.7282,12.5557,3.0,1.0,0.3741,-4.9607,0.1253,0.0869,-0.2059,0.0132,1.8274,-2.3184,0.2917,0.2772,0.8267,0.0,105.298
0.4858,-7.0775,0.0745,0.1618,0.4105,0.4147,0.978,264126.22,0.3309,4.4021,12.4842,3.0,2.0,0.1607,-2.3417,0.3236,0.485,-0.1691,0.0309,2.0325,-1.6077,0.408,0.2912,0.978,0.0745,140.1435
0.5437,-14.6721,0.0235,0.1457,0.0201,0.136,0.5944,315880.06,0.2659,5.2647,12.6631,4.0,0.0,0.1446,-3.9008,0.158,0.0436,-0.1201,0.0032,1.812,-2.7869,0.2471,0.2356,0.5944,0.0201,98.3661
0.5697,-6.8823,0.0235,0.3818,0.2125,0.1585,0.2315,210450.72,0.6114,3.5075,12.257,1.0,3.0,0.3483,-4.2079,0.1416,0.236,-0.2296,0.0037,1.5973,-1.9622,0.3127,0.2176,0.6114,0.0235,121.1046
0.6485,-9.9589,0.1168,0.4961,0.0,0.0745,0.5037,229075.69,0.3314,3.8179,12.3418,1.0,1.0,0.2149,-3.3004,0.1669,0.1168,0.1647,0.0087,0.6667,-2.6084,0.3102,0.2504,0.6485,0.0,89.7522
0.6616,-10.475,0.1546,0.0,0.0,0.0243,0.3969,147811.03,0.6459,2.4635,11.9037,0.0,1.0,0.4273,-6.7654,0.2563,0.1546,-0.6459,0.0038,642.4233,-4.252,0.269,0.2973,0.6616,0.0,108.6199
0.6696,-9.4917,0.0235,0.171,0.1368,0.0477,0.0256,272641.16,0.6617,4.544,12.5159,3.0,2.0,0.4431,-6.2803,0.0169,0.1603,-0.4907,0.0011,3.8472,-2.0888,0.248,0.2907,0.6696,0.0235,151.6039
0.5567,-8.7339,0.0646,0.5931,0.2615,0.2813,0.2876,278844.03,0.1069,4.6474,12.5384,3.0,2.0,0.0595,-0.9334,0.0307,0.3261,0.4862,0.0182,0.1799,-1.8793,0.3074,0.2025,0.5931,0.0646,124.2136
0.7811,-11.593,0.0696,0.3315,0.2724,0.3038,0.7595,225106.05,0.1189,3.7518,12.3243,1.0,1.0,0.0929,-1.378,0.0903,0.342,0.2127,0.0211,0.3575,-3.09,0.3767,0.2855,0.7811,0.0696,111.0339
0.6038,-5.9837,0.0396,0.0,0.0426,0.3465,0.584,332998.28,0.6385,5.55,12.7159,4.0,3.0,0.3855,-3.8204,0.3729,0.0822,-0.6385,0.0137,635.0628,-1.0782,0.3221,0.2916,0.6385,0.0,140.9407
0.6308,-14.7088,0.0889,0.0,0.1246,0.2029,0.4838,215528.34,0.4469,3.5921,12.2809,1.0,0.0,0.2819,-6.5729,0.2162,0.2135,-0.4469,0.018,444.4842,-4.0947,0.2826,0.2371,0.6308,0.0,136.612
0.4916,-16.0153,0.1624,0.4479,0.0,0.0243,0.764,180801.25,0.5982,3.0134,12.1052,0.0,0.0,0.2941,-9.5804,0.457,0.1624,-0.1503,0.0039,1.3325,-5.3148,0.3555,0.2962,0.764,0.0,124.7951
0.6295,-11.7907,0.0462,0.0845,0.0,0.1312,0.2512,202932.6,0.7542,3.3822,12.2206,1.0,1.0,0.4748,-8.8925,0.1895,0.0462,-0.6697,0.0061,8.8222,-3.4861,0.271,0.3002,0.7542,0.0,120.6218
0.4022,-10.0067,0.0752,0.3834,0.1513,0.0954,0.5799,321252.44,0.1817,5.3542,12.68,4.0,1.0,0.0731,-1.8186,0.1054,0.2265,0.2016,0.0072,0.4728,-1.8689,0.267,0.19,0.5799,0.0752,125.9286
0.6498,-14.1431,0.0235,0.1157,0.2567,0.1024,0.0256,155968.73,0.3675,2.5995,11.9574,0.0,0.0,0.2388,-5.198,0.0094,0.2802,-0.2518,0.0024,3.1483,-5.4407,0.2202,0.2269,0.6498,0.0235,137.534
0.7324,-11.6788,0.0327,0.5341,0.1918,0.1819,0.978,213926.8,0.0254,3.5654,12.2734,1.0,1.0,0.0186,-0.2966,0.0248,0.2245,0.5087,0.0059,0.0475,-3.2756,0.3823,0.3711,0.978,0.0254,133.6089
0.6927,-9.5558,0.1178,0.2479,0.0,0.0243,0.8347,301636.97,0.3274,5.0273,12.617,4.0,2.0,0.2268,-3.1286,0.2733,0.1178,-0.0795,0.0029,1.3152,-1.9008,0.3207,0.3265,0.8347,0.0,153.1412
0.5344,-12.9939,0.1489,0.2626,0.0,0.1361,0.3326,288896.0,0.8791,4.8149,12.5738,3.0,0.0,0.4698,-11.4234,0.2924,0.1489,-0.6165,0.0203,3.3346,-2.6987,0.3277,0.2964,0.8791,0.0,159.6387
0.3437,-7.6242,0.0235,0.1633,0.389,0.2303,0.6501,224858.11,0.2545,3.7476,12.3232,1.0,2.0,0.0875,-1.9406,0.1655,0.4125,-0.0912,0.0054,1.5489,-2.0344,0.2935,0.1976,0.6501,0.0235,125.4795
0.7427,-4.8383,0.1069,0.7263,0.0,0.1387,0.4969,230852.92,0.3486,3.8475,12.3495,2.0,3.0,0.2589,-1.6866,0.1732,0.1069,0.3777,0.0148,0.4793,-1.2575,0.3657,0.3005,0.7427,0.0,120.7375
0.6778,-1.357,0.1174,0.2679,0.0881,0.2517,0.7494,283052.9,0.2985,4.7175,12.5534,3.0,4.0,0.2023,-0.405,0.2237,0.2055,-0.0305,0.0296,1.1099,-0.2876,0.3501,0.261,0.7494,0.0881,129.3975
0.6078,-4.053,0.0965,0.1556,0.2065,0.0914,0.6337,153793.64,0.5854,2.5632,11.9434,0.0,3.0,0.3558,-2.3726,0.3709,0.303,-0.4298,0.0088,3.7379,-1.5812,0.3396,0.2553,0.6337,0.0914,98.4774
0.5694,-7.8833,0.0615,0.0,0.253,0.0774,0.4777,224119.33,0.2934,3.7353,12.3199,1.0,2.0,0.1671,-2.3129,0.1402,0.3145,-0.2934,0.0048,291.8358,-2.1105,0.2475,0.2174,0.5694,0.0,135.7205
0.819,-2.0989,0.0235,0.1037,0.0,0.3889,0.4901,353634.03,0.858,5.8939,12.776,4.0,4.0,0.7027,-1.8009,0.4205,0.0235,-0.7543,0.0091,8.1974,-0.3561,0.3833,0.3608,0.858,0.0,136.3358
0.6779,-11.3794,0.0641,0.5929,0.0,0.3865,0.6515,302275.97,0.0995,5.0379,12.6191,4.0,1.0,0.0674,-1.1319,0.0648,0.0641,0.4934,0.0248,0.1675,-2.2588,0.3532,0.296,0.6779,0.0,101.8124
0.5663,-12.8865,0.0717,0.1378,0.0,0.0694,0.5677,266484.62,0.3195,4.4414,12.4931,3.0,0.0,0.1809,-4.1168,0.1814,0.0717,-0.1817,0.005,2.3022,-2.9014,0.2475,0.2399,0.5677,0.0,151.7295
0.7338,-1.357,0.0814,0.4499,0.0,0.3037,0.734,133800.44,0.5154,2.23,11.8041,0.0,4.0,0.3782,-0.6994,0.3783,0.0814,-0.0655,0.0247,1.143,-0.6085,0.4026,0.2914,0.734,0.0,99.1968
0.4883,-12.8053,0.1069,0.3635,0.4764,0.2445,0.5693,273474.8,0.3578,4.5579,12.519,3.0,0.0,0.1747,-4.5817,0.2037,0.5834,0.0057,0.0261,0.9817,-2.8095,0.3724,0.1582,0.5693,0.1069,102.4787
0.5881,-5.4288,0.0969,0.3438,0.0749,0.3069,0.5087,265583.6,0.3534,4.4264,12.4897,3.0,3.0,0.2078,-1.9185,0.1798,0.1718,-0.0096,0.0297,1.0249,-1.2265,0.3247,0.1911,0.5881,0.0749,180.5686
0.7802,-11.9595,0.1091,0.0588,0.2866,0.1401,0.5428,261215.36,0.6714,4.3536,12.4731,3.0,1.0,0.5238,-8.0296,0.3645,0.3957,-0.6126,0.0153,11.2289,-2.7471,0.3699,0.2926,0.7802,0.0588,132.2408
0.8909,-9.8788,0.1326,0.528,0.0,0.0243,0.0256,164512.83,0.3264,2.7419,12.0108,0.0,1.0,0.2908,-3.2244,0.0084,0.1326,0.2016,0.0032,0.617,-3.6029,0.2754,0.3334,0.8909,0.0,121.5736
0.477,-12.9826,0.0564,0.1701,0.1367,0.1545,0.5416,165975.27,0.2087,2.7663,12.0196,0.0,0.0,0.0996,-2.7099,0.1131,0.1931,-0.0386,0.0087,1.2198,-4.6932,0.2493,0.1844,0.5416,0.0564,85.3384
0.6044,-13.4867,0.0235,0.0,0.0059,0.2216,0.375,212895.3,0.6388,3.5483,12.2686,1.0,0.0,0.3861,-8.6153,0.2396,0.0294,-0.6388,0.0052,635.3943,-3.8009,0.267,0.2783,0.6388,0.0,97.5514
0.6045,-7.9679,0.155,0.0,0.0767,0.2567,0.8111,138950.0,0.6491,2.3158,11.8419,0.0,2.0,0.3924,-5.1717,0.5265,0.2317,-0.6491,0.0398,645.6062,-3.4406,0.3647,0.3187,0.8111,0.0,140.971
0.6516,-8.9083,0.0235,0.04,0.0992,0.1114,0.4601,171033.81,0.7191,2.8506,12.0496,0.0,2.0,0.4686,-6.4062,0.3309,0.1227,-0.6791,0.0026,17.5205,-3.1251,0.3007,0.3013,0.7191,0.0235,118.7514
0.3288,-1.357,0.0235,0.828,0.2596,0.2448,0.7242,287546.9,0.5944,4.7924,12.5691,3.0,4.0,0.1954,-0.8066,0.4305,0.2831,0.2336,0.0058,0.717,-0.2832,0.429,0.2918,0.828,0.0235,113.8159
0.6415,-2.8879,0.0468,0.4869,0.2335,0.2328,0.0256,273367.84,0.7249,4.5561,12.5186,3.0,4.0,0.465,-2.0934,0.0186,0.2803,-0.238,0.0109,1.4857,-0.6339,0.3417,0.2794,0.7249,0.0256,89.841
0.6979,-13.795,0.1249,0.2926,0.0563,0.2925,0.7165,270032.62,0.1036,4.5005,12.5063,3.0,0.0,0.0723,-1.4292,0.0742,0.1812,0.189,0.0365,0.3529,-3.0652,0.3263,0.2756,0.7165,0.0563,100.2005
0.8263,-12.9331,0.0235,0.5648,0.2598,0.1613,0.5927,270360.7,0.1571,4.506,12.5075,3.0,0.0,0.1298,-2.0314,0.0931,0.2833,0.4077,0.0038,0.2776,-2.8702,0.3694,0.2935,0.8263,0.0235,130.6722
0.975,-12.298,0.1145,0.0374,0.012,0.1451,0.4929,263960.2,0.6389,4.3993,12.4836,3.0,1.0,0.6229,-7.8568,0.3149,0.1266,-0.6015,0.0166,16.6391,-2.7954,0.3451,0.366,0.975,0.012,135.6107
0.4489,-4.9734,0.1099,0.0086,0.0,0.0243,0.4099,232405.78,0.7447,3.8734,12.3562,2.0,3.0,0.3343,-3.7035,0.3052,0.1099,-0.736,0.0027,77.2967,-1.284,0.2495,0.289,0.7447,0.0,89.1804
0.4919,-11.1618,0.0235,0.4919,0.0,0.1629,0.53,354970.22,0.0545,5.9162,12.7798,4.0,1.0,0.0268,-0.6079,0.0289,0.0235,0.4374,0.0038,0.1105,-1.8867,0.2507,0.2432,0.53,0.0,112.8595
0.6977,-17.2888,0.085,0.241,0.2228,0.1139,0.5715,301743.28,0.3922,5.0291,12.6173,4.0,0.0,0.2736,-6.7807,0.2241,0.3077,-0.1512,0.0097,1.6209,-3.4378,0.332,0.2322,0.6977,0.085,164.8816
0.9269,-4.6449,0.17,0.265,0.2518,0.2567,0.7221,251691.34,0.2249,4.1949,12.436,2.0,3.0,0.2085,-1.0448,0.1624,0.4218,0.0401,0.0437,0.8455,-1.1073,0.4025,0.296,0.9269,0.17,99.6923
0.6489,-8.9871,0.0526,0.0937,0.0,0.1915,0.978,242546.61,0.1328,4.0424,12.399,2.0,2.0,0.0862,-1.1935,0.1299,0.0526,-0.0391,0.0101,1.4028,-2.2232,0.2996,0.3686,0.978,0.0,116.7813
0.6488,-2.4838,0.0705,0.1624,0.3779,0.0243,0.6668,352754.72,0.3359,5.8792,12.7735,4.0,4.0,0.2179,-0.8342,0.2239,0.4484,-0.1735,0.0017,2.0555,-0.4225,0.3266,0.2602,0.6668,0.0243,122.9432
0.5391,-1.357,0.0975,0.2575,0.0,0.1864,0.5371,113046.36,0.5778,1.8841,11.6356,0.0,4.0,0.3115,-0.7841,0.3103,0.0975,-0.3203,0.0182,2.2352,-0.7202,0.3136,0.2363,0.5778,0.0,120.3886
0.817,-6.3329,0.0504,0.3086,0.2356,0.2819,0.6331,164779.08,0.3089,2.7463,12.0124,0.0,3.0,0.2523,-1.956,0.1956,0.286,-0.0002,0.0142,0.9976,-2.306,0.3765,0.2595,0.817,0.0504,96.0932
0.6406,-13.0886,0.0235,0.5395,0.0928,0.2413,0.6578,202931.27,0.1451,3.3822,12.2206,1.0,0.0,0.0929,-1.8987,0.0954,0.1163,0.3944,0.0057,0.2684,-3.8699,0.3343,0.2708,0.6578,0.0235,102.7334
0.4885,-16.9348,0.1016,0.2888,0.0,0.2744,0.8369,171235.8,0.0839,2.8539,12.0508,0.0,0.0,0.041,-1.4203,0.0702,0.1016,0.205,0.0279,0.2894,-5.9339,0.2963,0.2888,0.8369,0.0,136.4025
0.8244,-1.357,0.088,0.4421,0.1812,0.2445,0.7567,243327.61,0.6109,4.0555,12.4022,2.0,4.0,0.5036,-0.8289,0.4623,0.2691,-0.1688,0.0215,1.3787,-0.3346,0.4497,0.2903,0.8244,0.088,112.6252
0.5869,-16.6049,0.1599,0.0,0.0565,0.033,0.7765,296968.94,0.9669,4.9495,12.6014,4.0,0.0,0.5675,-16.0548,0.7508,0.2164,-0.9669,0.0053,961.7119,-3.3549,0.3685,0.4003,0.9669,0.0,119.5214
0.5393,-10.7888,0.0957,0.3285,0.2211,0.3722,0.8694,273889.8,0.0549,4.5648,12.5205,3.0,1.0,0.0296,-0.5919,0.0477,0.3168,0.2736,0.0356,0.1665,-2.3635,0.3544,0.2813,0.8694,0.0549,158.466
0.975,-9.0669,0.0603,0.5322,0.0415,0.0243,0.567,278412.4,0.6094,4.6402,12.5369,3.0,2.0,0.5942,-5.5254,0.3455,0.1017,-0.0772,0.0015,1.143,-1.954,0.4014,0.3663,0.975,0.0243,142.1914
0.648,-12.8584,0.0949,0.5347,0.0146,0.2857,0.59,170523.69,0.0128,2.8421,12.0466,0.0,0.0,0.0083,-0.1646,0.0076,0.1095,0.5219,0.0271,0.0239,-4.5243,0.3115,0.2786,0.648,0.0128,132.8372
0.7614,-12.2966,0.0724,0.0,0.0,0.0243,0.2418,303582.53,0.7827,5.0597,12.6234,4.0,1.0,0.5959,-9.6241,0.1892,0.0724,-0.7827,0.0018,778.494,-2.4303,0.2689,0.3536,0.7827,0.0,100.3154
0.5059,-4.3769,0.0235,0.0,0.0,0.0949,0.9042,361100.34,0.3835,6.0183,12.7969,4.0,3.0,0.194,-1.6784,0.3467,0.0235,-0.3835,0.0022,381.4222,-0.7273,0.2731,0.3435,0.9042,0.0,138.3381
0.6849,-14.1614,0.1011,0.0017,0.0537,0.3235,0.5787,352046.9,0.4655,5.8674,12.7715,4.0,0.0,0.3188,-6.5917,0.2694,0.1548,-0.4638,0.0327,175.0311,-2.4136,0.3156,0.2712,0.6849,0.0017,100.9973
0.5877,-11.8936,0.0899,0.0,0.0,0.3268,0.0256,346719.94,0.849,5.7787,12.7563,4.0,1.0,0.499,-10.0977,0.0217,0.0899,-0.849,0.0294,844.4736,-2.0582,0.2684,0.336,0.849,0.0,79.2341
0.6518,-15.5787,0.037,0.5404,0.0024,0.3865,0.978,387775.47,0.0858,6.4629,12.8682,4.0,0.0,0.0559,-1.3367,0.0839,0.0394,0.4546,0.0143,0.1585,-2.4105,0.3831,0.3661,0.978,0.0024,154.0789
0.724,-12.6536,0.0421,0.7151,0.2319,0.2744,0.978,206498.36,0.1065,3.4416,12.2381,1.0,0.0,0.0771,-1.3472,0.1041,0.2741,0.6087,0.0116,0.1487,-3.6766,0.4389,0.362,0.978,0.0421,146.4107
0.4946,-5.6759,0.0235,0.1136,0.0,0.2826,0.4717,301332.25,0.5523,5.0222,12.616,4.0,3.0,0.2732,-3.1346,0.2605,0.0235,-0.4387,0.0066,4.8191,-1.1302,0.2769,0.2341,0.5523,0.0,128.1662
0.8244,-6.7019,0.0913,0.0581,0.0,0.0243,0.6578,185786.06,0.6363,3.0964,12.1324,1.0,3.0,0.5246,-4.2647,0.4186,0.0913,-0.5782,0.0022,10.7684,-2.1644,0.3275,0.3603,0.8244,0.0,69.7728
0.6988,-1.357,0.0235,0.2549,0.0976,0.4139,0.7886,210846.94,0.2869,3.5141,12.2589,1.0,4.0,0.2005,-0.3893,0.2262,0.1211,-0.032,0.0097,1.121,-0.3862,0.3663,0.2886,0.7886,0.0235,125.8839
0.7639,-9.0382,0.1086,0.2669,0.047,0.0518,0.7348,221624.47,0.2621,3.6937,12.3087,1.0,2.0,0.2002,-2.3692,0.1926,0.1557,0.0048,0.0056,0.9783,-2.4469,0.3193,0.3072,0.7639,0.047,131.3403
0.6193,-7.8733,0.0235,0.2706,0.067,0.1808,0.2341,224530.52,0.2823,3.7422,12.3218,1.0,2.0,0.1748,-2.2229,0.0661,0.0905,-0.0117,0.0042,1.0394,-2.1039,0.2397,0.1945,0.6193,0.0235,87.8385
0.4466,-4.8182,0.0235,0.2513,0.1541,0.0412,0.5839,288096.9,0.6371,4.8016,12.5711,3.0,3.0,0.2846,-3.0698,0.372,0.1776,-0.3858,0.001,2.525,-1.0035,0.3054,0.2525,0.6371,0.0235,70.4369
0.7612,-11.7154,0.088,0.1076,0.2467,0.1551,0.744,222419.44,0.0433,3.707,12.3123,1.0,1.0,0.0329,-0.5069,0.0322,0.3347,0.0644,0.0137,0.3983,-3.1603,0.3066,0.3112,0.7612,0.0433,85.8097
0.5944,-17.5348,0.0235,0.3713,0.046,0.2252,0.3914,330721.47,0.0728,5.512,12.709,4.0,0.0,0.0433,-1.2765,0.0285,0.0695,0.2985,0.0053,0.1955,-3.1812,0.2464,0.2153,0.5944,0.0235,114.2956
0.7966,-6.8823,0.0924,0.354,0.0,0.2136,0.3978,283341.25,0.4654,4.7224,12.5544,3.0,3.0,0.3708,-3.203,0.1851,0.0924,-0.1114,0.0197,1.3111,-1.4574,0.3314,0.2646,0.7966,0.0,79.0691
0.762,-8.9593,0.0695,0.6689,0.0,0.3907,0.8445,265954.34,0.0398,4.4326,12.4911,3.0,2.0,0.0303,-0.3566,0.0336,0.0695,0.6291,0.0272,0.0594,-2.0212,0.3965,0.3651,0.8445,0.0,73.6808
0.3695,-7.0227,0.0795,0.0167,0.0,0.104,0.5425,275895.1,0.8133,4.5983,12.5278,3.0,2.0,0.3005,-5.7118,0.4413,0.0795,-0.7966,0.0083,45.8501,-1.5273,0.2751,0.3109,0.8133,0.0,165.597
0.6094,-13.9308,0.0235,0.0145,0.1323,0.2306,0.4859,304545.6,0.723,5.0758,12.6266,4.0,0.0,0.4406,-10.072,0.3513,0.1558,-0.7085,0.0054,46.5718,-2.7446,0.317,0.2881,0.723,0.0145,90.715
0.8131,-12.6812,0.118,0.1735,0.3746,0.0243,0.7549,346450.44,0.4529,5.7742,12.7555,4.0,0.0,0.3683,-5.7438,0.3419,0.4926,-0.2794,0.0029,2.5956,-2.1962,0.3873,0.3085,0.8131,0.0243,126.4343
0.591,-4.9588,0.032,0.3844,0.0,0.1063,0.6476,268051.25,0.2694,4.4675,12.4989,3.0,3.0,0.1592,-1.3359,0.1745,0.032,0.115,0.0034,0.699,-1.11,0.2901,0.2621,0.6476,0.0,70.8534
0.4905,-12.5649,0.0858,0.0888,0.1486,0.3938,0.2978,237539.69,0.3665,3.959,12.3781,2.0,0.0,0.1798,-4.6055,0.1091,0.2344,-0.2777,0.0338,4.0809,-3.1738,0.2674,0.161,0.4905,0.0858,181.8717
0.8184,-9.673,0.0235,0.5918,0.2739,0.1117,0.5927,274970.62,0.1531,4.5828,12.5244,3.0,1.0,0.1253,-1.4806,0.0907,0.2974,0.4387,0.0026,0.2582,-2.1107,0.3664,0.3008,0.8184,0.0235,134.171
0.6779,-7.5514,0.0541,0.995,0.0,0.0243,0.5259,261668.22,0.5605,4.3611,12.4748,3.0,2.0,0.3799,-4.2323,0.2948,0.0541,0.4345,0.0013,0.5627,-1.7315,0.4054,0.3859,0.995,0.0,93.372
0.975,-9.7237,0.0565,0.5935,0.2481,0.0906,0.584,302278.47,0.2941,5.038,12.6191,4.0,1.0,0.2867,-2.8594,0.1717,0.3045,0.2995,0.0051,0.4946,-1.9301,0.406,0.3291,0.975,0.0565,131.6818
0.5057,-5.6526,0.0995,0.1829,0.183,0.0243,0.7778,225919.4,0.8293,3.7653,12.3279,1.0,3.0,0.4194,-4.6879,0.6451,0.2825,-0.6464,0.0024,4.509,-1.5012,0.3718,0.3313,0.8293,0.0243,107.9892
0.3908,-19.9677,0.0235,0.6194,0.0,0.1366,0.6851,133907.98,0.1236,2.2318,11.8049,0.0,0.0,0.0483,-2.468,0.0847,0.0235,0.4958,0.0032,0.1992,-8.9469,0.2827,0.2831,0.6851,0.0,99.7465
0.5678,-10.2401,0.0235,0.0,0.0,0.036,0.8399,225016.94,0.6294,3.7503,12.3239,1.0,1.0,0.3574,-6.4451,0.5286,0.0235,-0.6294,0.0008,626.0444,-2.7305,0.2995,0.3646,0.8399,0.0,117.9986
0.7096,-10.484,0.0581,0.0,0.0,0.0957,0.6469,235640.95,0.4496,3.9273,12.3701,2.0,1.0,0.319,-4.7136,0.2909,0.0581,-0.4496,0.0056,447.203,-2.6695,0.28,0.313,0.7096,0.0,122.2011
0.6338,-8.9183,0.0235,0.1145,0.099,0.116,0.0256,209746.64,0.7125,3.4958,12.2537,1.0,2.0,0.4515,-6.354,0.0182,0.1225,-0.5979,0.0027,6.1665,-2.5512,0.2464,0.2949,0.7125,0.0235,128.4047
0.4158,-8.0737,0.0235,0.277,0.0,0.1947,0.7746,155811.03,0.3613,2.5969,11.9564,0.0,2.0,0.1502,-2.9168,0.2799,0.0235,-0.0842,0.0046,1.2993,-3.109,0.2924,0.2646,0.7746,0.0,71.7322
0.3735,-8.5763,0.0235,0.176,0.0576,0.1291,0.5561,174495.56,0.2275,2.9083,12.0697,0.0,2.0,0.085,-1.9514,0.1265,0.0811,-0.0516,0.003,1.2858,-2.949,0.2205,0.1878,0.5561,0.0235,55.0187
0.8444,-4.7268,0.1385,0.1658,0.1478,0.0243,0.7322,290645.44,0.7343,4.8441,12.5799,3.0,3.0,0.6201,-3.471,0.5377,0.2864,-0.5686,0.0034,4.4035,-0.9758,0.3982,0.353,0.8444,0.0243,115.217
0.7234,-10.9035,0.0235,0.995,0.2685,0.3235,0.7247,210890.84,0.0708,3.5148,12.2591,1.0,1.0,0.0512,-0.772,0.0513,0.292,0.9242,0.0076,0.0711,-3.1021,0.4471,0.3701,0.995,0.0235,118.4647
0.975,-4.8456,0.0235,0.6363,0.1495,0.0565,0.4978,281170.03,0.2891,4.6862,12.5467,3.0,3.0,0.2818,-1.4007,0.1439,0.173,0.3472,0.0013,0.4536,-1.034,0.3754,0.348,0.975,0.0235,141.719
0.6799,-8.2966,0.056,0.2744,0.1407,0.238,0.978,381588.28,0.4546,6.3598,12.8521,4.0,2.0,0.3091,-3.7716,0.4446,0.1967,-0.1802,0.0133,1.6505,-1.3045,0.4031,0.3273,0.978,0.056,175.7909
0.4585,-4.9888,0.0235,0.0466,0.1068,0.2615,0.564,63973.0,0.8829,1.0662,11.0662,0.0,3.0,0.4048,-4.4044,0.498,0.1303,-0.8362,0.0061,18.5321,-4.679,0.3348,0.3177,0.8829,0.0235,115.0646
0.5628,-1.357,0.0987,0.0,0.0335,0.1908,0.7565,316870.5,0.6309,5.2812,12.6663,4.0,4.0,0.3551,-0.8561,0.4773,0.1322,-0.6309,0.0188,627.5032,-0.257,0.3247,0.3152,0.7565,0.0,161.0433
0.7344,-1.357,0.1589,0.5391,0.068,0.0243,0.7642,241538.92,0.5971,4.0256,12.3948,2.0,4.0,0.4385,-0.8102,0.4563,0.227,-0.058,0.0039,1.1055,-0.3371,0.4123,0.3191,0.7642,0.0243,143.2392
0.5159,-6.9384,0.0329,0.1736,0.0,0.0243,0.694,296760.12,0.2864,4.946,12.6007,4.0,2.0,0.1478,-1.9872,0.1988,0.0329,-0.1128,0.0008,1.64,-1.4028,0.2467,0.2694,0.694,0.0,107.6502
0.6053,-6.8896,0.0867,0.2906,0.0,0.0853,0.3915,304082.0,0.1639,5.068,12.6251,4.0,3.0,0.0992,-1.1294,0.0642,0.0867,0.1266,0.0074,0.5623,-1.3594,0.2319,0.2119,0.6053,0.0,95.1954
0.5696,-5.0346,0.0941,0.3659,0.044,0.0587,0.4279,271243.7,0.764,4.5207,12.5108,3.0,3.0,0.4352,-3.8465,0.3269,0.138,-0.3981,0.0055,2.0824,-1.1137,0.332,0.2792,0.764,0.044,109.138
0.6245,-10.452,0.0235,0.1497,0.076,0.3818,0.4479,296837.3,0.1794,4.9473,12.6009,4.0,1.0,0.112,-1.8751,0.0804,0.0995,-0.0297,0.009,1.1902,-2.1127,0.269,0.2202,0.6245,0.0235,123.9729
0.7392,-9.5945,0.0519,0.4725,0.323,0.0243,0.2669,334858.2,0.5349,5.581,12.7215,4.0,1.0,0.3954,-5.1318,0.1427,0.3749,-0.0623,0.0013,1.1295,-1.7192,0.3447,0.2592,0.7392,0.0243,146.7411
0.8541,-19.5733,0.0235,0.682,0.0,0.2358,0.5417,293884.84,0.1697,4.8981,12.5909,4.0,0.0,0.145,-3.3222,0.0919,0.0235,0.5122,0.0055,0.2485,-3.9961,0.3581,0.3355,0.8541,0.0,96.1276
0.7728,-3.68,0.0235,0.0,0.0045,0.0859,0.5924,232887.11,0.6879,3.8815,12.3583,2.0,4.0,0.5316,-2.5314,0.4075,0.028,-0.6879,0.002,684.1994,-0.9481,0.3096,0.3555,0.7728,0.0,70.1993
0.6498,-18.0728,0.0508,0.3434,0.0035,0.1213,0.3986,296039.03,0.1789,4.934,12.5982,4.0,0.0,0.1162,-3.2326,0.0713,0.0543,0.1646,0.0062,0.5193,-3.6629,0.2495,0.2283,0.6498,0.0035,114.573
0.7299,-12.527,0.2214,0.866,0.0529,0.1169,0.9296,351153.1,0.0538,5.8526,12.769,4.0,0.0,0.0393,-0.674,0.05,0.2743,0.8122,0.0259,0.0621,-2.1404,0.4244,0.3989,0.9296,0.0529,90.9407
0.5847,-11.4928,0.0235,0.08,0.0,0.1056,0.6678,351153.75,0.846,5.8526,12.769,4.0,1.0,0.4947,-9.7229,0.5649,0.0235,-0.766,0.0025,10.449,-1.9637,0.3297,0.3561,0.846,0.0,120.6264
0.817,-18.688,0.1301,0.0,0.1436,0.3231,0.817,179842.88,0.7158,2.9974,12.0998,0.0,0.0,0.5848,-13.3769,0.5848,0.2737,-0.7158,0.042,711.9838,-6.2348,0.4209,0.3533,0.817,0.0,128.6171
0.8695,-13.6026,0.2288,0.3549,0.0,0.0243,0.0256,207917.73,0.734,3.4653,12.2449,1.0,0.0,0.6382,-9.9843,0.0188,0.2288,-0.3791,0.0056,2.0625,-3.9254,0.3196,0.3558,0.8695,0.0,102.1713
0.595,-3.3353,0.119,0.0,0.099,0.2485,0.6039,123855.38,0.4584,2.0643,11.7269,0.0,4.0,0.2727,-1.5289,0.2768,0.218,-0.4584,0.0296,455.9561,-1.6158,0.3034,0.2484,0.6039,0.0,128.9169
0.8168,-10.5547,0.1334,0.5391,0.0,0.3229,0.52,209541.73,0.2669,3.4924,12.2527,1.0,1.0,0.218,-2.8167,0.1388,0.1334,0.2722,0.0431,0.4941,-3.0222,0.3713,0.2758,0.8168,0.0,101.5786
0.4879,-10.94,0.1499,0.1236,0.0,0.1833,0.5838,328946.84,0.3823,5.4824,12.7037,4.0,1.0,0.1865,-4.182,0.2232,0.1499,-0.2587,0.0275,3.0685,-1.9955,0.273,0.214,0.5838,0.0,132.6183
0.8442,-11.0685,0.1553,0.6194,0.1184,0.0243,0.6726,229990.48,0.7609,3.8332,12.3458,1.0,1.0,0.6423,-8.4216,0.5118,0.2737,-0.1415,0.0038,1.2264,-2.8875,0.4564,0.3435,0.8442,0.0243,118.1372
0.4867,-20.6331,0.1078,0.0,0.0,0.0889,0.3424,296868.9,0.1425,4.9478,12.601,4.0,0.0,0.0693,-2.9395,0.0488,0.1078,-0.1425,0.0096,141.7071,-4.1701,0.1669,0.1821,0.4867,0.0,160.6472
0.6169,-9.9122,0.0301,0.2711,0.0,0.0243,0.7357,241860.53,0.5666,4.031,12.3961,2.0,1.0,0.3496,-5.6163,0.4168,0.0301,-0.2955,0.0007,2.0823,-2.459,0.3207,0.3157,0.7357,0.0,143.5456
0.6926,-9.5696,0.0969,0.3957,0.0,0.0876,0.978,141460.73,0.2682,2.3577,11.8598,0.0,2.0,0.1858,-2.5666,0.2623,0.0969,0.1275,0.0085,0.676,-4.0589,0.3599,0.3595,0.978,0.0,89.663
0.6729,-9.4913,0.1088,0.5648,0.2069,0.164,0.8851,269809.44,0.0975,4.4968,12.5055,3.0,2.0,0.0656,-0.9257,0.0863,0.3158,0.4672,0.0178,0.1724,-2.1107,0.3857,0.3175,0.8851,0.0975,117.1864
0.8112,-18.0277,0.0928,0.6334,0.3221,0.0243,0.4028,248327.19,0.6028,4.1388,12.4225,2.0,0.0,0.489,-10.8671,0.2428,0.4148,0.0306,0.0023,0.9502,-4.3558,0.4128,0.2902,0.8112,0.0243,142.2032
0.5123,-1.357,0.0653,0.724,0.2364,0.3977,0.4033,107418.39,0.4165,1.7903,11.5845,0.0,4.0,0.2134,-0.5651,0.168,0.3017,0.3075,0.026,0.5744,-0.758,0.3937,0.2067,0.724,0.0653,139.3568
0.4464,-3.4287,0.0329,0.1207,0.0,0.2886,0.978,265823.66,0.4962,4.4304,12.4906,3.0,4.0,0.2215,-1.7013,0.4853,0.0329,-0.3755,0.0095,4.076,-0.7739,0.3376,0.3424,0.978,0.0,118.3842
0.9115,-2.8051,0.0937,0.3553,0.1967,0.1567,0.5593,161836.39,0.5275,2.6973,11.9943,0.0,4.0,0.4808,-1.4796,0.295,0.2904,-0.1722,0.0147,1.4803,-1.04,0.4001,0.2886,0.9115,0.0937,63.5296
0.3977,-3.4916,0.0235,0.3748,0.2365,0.2856,0.3748,234434.33,0.6704,3.9072,12.3649,2.0,4.0,0.2666,-2.3408,0.2513,0.26,-0.2956,0.0067,1.7841,-0.8936,0.3376,0.1952,0.6704,0.0235,147.7866
0.6371,-7.4528,0.0235,0.5066,0.3601,0.336,0.6823,231681.44,0.1715,3.8614,12.3531,2.0,2.0,0.1093,-1.2784,0.117,0.3836,0.335,0.0079,0.338,-1.9301,0.3882,0.2401,0.6823,0.0235,115.1022
0.5539,-1.357,0.0235,0.0669,0.2817,0.0982,0.4558,213929.72,0.7827,3.5655,12.2734,1.0,4.0,0.4335,-1.0621,0.3567,0.3052,-0.7158,0.0023,11.5316,-0.3806,0.3232,0.2857,0.7827,0.0235,128.3124
0.5343,-13.7771,0.069,0.223,0.0901,0.0243,0.7354,157094.31,0.7398,2.6182,11.9646,0.0,0.0,0.3953,-10.1923,0.544,0.1591,-0.5168,0.0017,3.3022,-5.262,0.3451,0.317,0.7398,0.0243,136.3
0.4751,-6.5143,0.0569,0.2928,0.3079,0.1116,0.978,272849.47,0.5815,4.5475,12.5167,3.0,3.0,0.2762,-3.7879,0.5687,0.3648,-0.2886,0.0063,1.9789,-1.4325,0.4005,0.3145,0.978,0.0569,144.7531
0.7699,-5.3599,0.0235,0.2712,0.2902,0.2945,0.4033,249343.61,0.4485,4.1557,12.4266,2.0,3.0,0.3453,-2.4037,0.1809,0.3137,-0.1773,0.0069,1.6475,-1.2898,0.3573,0.2265,0.7699,0.0235,147.7866
0.6348,-1.357,0.0326,0.27,0.0,0.0579,0.6372,372688.4,0.7299,6.2115,12.8285,4.0,4.0,0.4633,-0.9904,0.4651,0.0327,-0.4599,0.0019,2.6935,-0.2185,0.3375,0.3219,0.7299,0.0,110.2379
0.4108,-1.357,0.1429,0.4347,0.0579,0.0406,0.9192,273868.4,0.9074,4.5645,12.5204,3.0,4.0,0.3728,-1.2313,0.8341,0.2008,-0.4727,0.0058,2.0825,-0.2973,0.4162,0.3739,0.9192,0.0406,105.296
0.8658,-4.7527,0.0466,0.995,0.0,0.0243,0.5918,262916.38,0.7135,4.3819,12.4796,3.0,3.0,0.6177,-3.3909,0.4222,0.0466,0.2815,0.0011,0.7163,-1.0846,0.4624,0.4291,0.995,0.0,51.4186
0.6833,-11.6387,0.0235,0.1408,0.0,0.2999,0.5529,263335.88,0.2488,4.3889,12.4812,3.0,1.0,0.17,-2.8957,0.1376,0.0235,-0.108,0.007,1.7547,-2.6518,0.2785,0.2589,0.6833,0.0,82.6492
0.7922,-1.357,0.0376,0.0,0.1913,0.0847,0.355,300421.72,0.5455,5.007,12.6129,4.0,4.0,0.4321,-0.7402,0.1937,0.2289,-0.5455,0.0032,542.5586,-0.271,0.2866,0.2948,0.7922,0.0,98.9311
0.5145,-16.7422,0.1528,0.3818,0.0579,0.3513,0.7236,239823.67,0.0582,3.9971,12.3877,2.0,0.0,0.0299,-0.9744,0.0421,0.2108,0.3236,0.0537,0.1521,-4.1886,0.32,0.2486,0.7236,0.0579,142.9183
0.7867,-1.357,0.0235,0.2678,0.0926,0.2981,0.7491,166794.56,0.1695,2.7799,12.0245,0.0,4.0,0.1334,-0.2301,0.127,0.1161,0.0983,0.007,0.6306,-0.4881,0.341,0.3067,0.7867,0.0235,68.2284
0.4329,-8.8068,0.0413,0.141,0.1216,0.2677,0.6667,330566.53,0.7108,5.5094,12.7086,4.0,2.0,0.3077,-6.2599,0.4739,0.1628,-0.5698,0.0111,5.0063,-1.5985,0.3403,0.2692,0.7108,0.0413,144.0056
0.3979,-7.9022,0.0235,0.3489,0.2599,0.0955,0.0256,270171.75,0.4737,4.5029,12.5068,3.0,2.0,0.1885,-3.743,0.0121,0.2834,-0.1248,0.0022,1.3538,-1.7549,0.2321,0.1849,0.4737,0.0235,129.1301
0.5889,-11.786,0.0595,0.1408,0.1569,0.0243,0.6029,295543.6,0.5891,4.9257,12.5966,4.0,1.0,0.3469,-6.9427,0.3551,0.2165,-0.4482,0.0014,4.1528,-2.3927,0.3089,0.2701,0.6029,0.0243,148.0054
0.752,-11.5697,0.0235,0.473,0.0,0.1116,0.5071,269653.75,0.1648,4.4942,12.5049,3.0,1.0,0.1239,-1.9067,0.0836,0.0235,0.3082,0.0026,0.3477,-2.5743,0.2903,0.2877,0.752,0.0,131.3712
0.4435,-11.8127,0.1077,0.0,0.0544,0.453,0.0256,264104.53,0.7341,4.4017,12.4841,3.0,1.0,0.3256,-8.6721,0.0188,0.1622,-0.7341,0.0488,730.2194,-2.6836,0.2598,0.2839,0.7341,0.0,85.9925
0.6866,-11.3913,0.0812,0.3321,0.3323,0.3516,0.6812,146056.19,0.2789,2.4343,11.8918,0.0,1.0,0.1915,-3.1774,0.19,0.4135,0.0531,0.0286,0.8375,-4.6795,0.392,0.2193,0.6866,0.0812,156.3836
0.6789,-8.752,0.0447,0.0,0.0106,0.2451,0.644,371612.3,0.8461,6.1935,12.8256,4.0,2.0,0.5744,-7.4048,0.5449,0.0553,-0.8461,0.011,841.5559,-1.4131,0.3528,0.3611,0.8461,0.0,163.0938
0.975,-3.7237,0.0235,0.2235,0.0,0.495,0.5039,227233.44,0.6704,3.7872,12.3337,1.0,4.0,0.6536,-2.4964,0.3378,0.0235,-0.4469,0.0116,2.9863,-0.9832,0.413,0.3548,0.975,0.0,143.2568
0.5478,-9.7882,0.0235,0.0085,0.0323,0.1949,0.783,299521.9,0.9381,4.992,12.6099,4.0,1.0,0.5139,-9.1826,0.7345,0.0558,-0.9296,0.0046,98.3559,-1.9608,0.3612,0.3915,0.9381,0.0085,107.7121
0.8128,-6.618,0.0235,0.8776,0.0,0.3896,0.4601,212492.84,0.2801,3.5415,12.2667,1.0,3.0,0.2277,-1.8539,0.1289,0.0235,0.5975,0.0092,0.3188,-1.8687,0.4063,0.346,0.8776,0.0,107.2234
0.975,-5.6725,0.0235,0.0,0.2931,0.1499,0.9276,235859.97,0.5895,3.931,12.371,2.0,3.0,0.5748,-3.3442,0.5468,0.3166,-0.5895,0.0035,586.3902,-1.443,0.4227,0.4117,0.975,0.0,135.8345
0.7744,-7.9674,0.0464,0.4721,0.0,0.0243,0.7771,226879.48,0.5129,3.7813,12.3322,1.0,2.0,0.3971,-4.0862,0.3985,0.0464,-0.0407,0.0011,1.084,-2.107,0.3725,0.3467,0.7771,0.0,120.3597
0.4789,-5.6912,0.1712,0.2731,0.1597,0.0243,0.5867,272637.47,0.5937,4.544,12.5159,3.0,3.0,0.2843,-3.3787,0.3483,0.3309,-0.3206,0.0042,2.1661,-1.2525,0.3268,0.2267,0.5937,0.0243,106.2522
0.5717,-5.9347,0.1605,0.005,0.0,0.1801,0.978,243470.55,0.7772,4.0578,12.4028,2.0,3.0,0.4443,-4.6124,0.7601,0.1605,-0.7722,0.0289,130.416,-1.4625,0.3818,0.3927,0.978,0.0,132.0982
0.7241,-9.336,0.0324,0.4534,0.0,0.166,0.4845,218680.1,0.1341,3.6447,12.2954,1.0,2.0,0.0971,-1.2516,0.065,0.0324,0.3193,0.0054,0.2951,-2.5615,0.2849,0.2717,0.7241,0.0,132.1918
0.8877,-6.7827,0.0235,0.4879,0.1875,0.1845,0.7826,299865.38,0.3294,4.9978,12.6111,4.0,3.0,0.2924,-2.2342,0.2578,0.211,0.1585,0.0043,0.6738,-1.3571,0.4119,0.3238,0.8877,0.0235,81.8654
0.417,-4.4523,0.0967,0.0,0.3666,0.2368,0.4727,272861.97,0.6247,4.5477,12.5167,3.0,3.0,0.2605,-2.7812,0.2953,0.4633,-0.6247,0.0229,621.3363,-0.979,0.3163,0.2186,0.6247,0.0,166.6444
0.6369,-4.6089,0.0547,0.0,0.0595,0.2669,0.4727,235967.19,0.542,3.9328,12.3715,2.0,3.0,0.3452,-2.498,0.2562,0.1143,-0.542,0.0146,539.1104,-1.1719,0.2904,0.2615,0.6369,0.0,132.4677
0.5692,-2.874,0.0534,0.0567,0.2426,0.3867,0.3849,304465.62,0.9615,5.0744,12.6263,4.0,4.0,0.5473,-2.7633,0.3701,0.296,-0.9047,0.0207,16.6575,-0.5664,0.3793,0.3173,0.9615,0.0534,104.7771
0.7423,-7.2979,0.086,0.2658,0.0,0.0243,0.5725,154904.62,0.6234,2.5817,11.9506,0.0,2.0,0.4627,-4.5495,0.3569,0.086,-0.3576,0.0021,2.3362,-2.8267,0.3306,0.3111,0.7423,0.0,188.2164
0.5726,-9.5135,0.1065,0.0,0.029,0.3056,0.3436,384562.75,0.9988,6.4094,12.8599,4.0,2.0,0.5719,-9.5021,0.3432,0.1355,-0.9988,0.0326,993.475,-1.4843,0.3366,0.355,0.9988,0.0,178.8885
0.5926,-14.5477,0.0831,0.2959,0.1329,0.1366,0.7535,331350.75,0.6368,5.5225,12.7109,4.0,0.0,0.3774,-9.2639,0.4799,0.2159,-0.3409,0.0113,2.1447,-2.6342,0.3759,0.2787,0.7535,0.0831,116.9618
0.7437,-1.9465,0.0327,0.4735,0.262,0.0747,0.5548,242040.34,0.7383,4.034,12.3969,2.0,4.0,0.5491,-1.4372,0.4096,0.2947,-0.2649,0.0024,1.5561,-0.4825,0.4114,0.2946,0.7437,0.0327,116.3561
0.7388,-7.9472,0.1182,0.2071,0.0,0.0278,0.6959,273535.44,0.3905,4.5589,12.5192,3.0,2.0,0.2885,-3.1031,0.2717,0.1182,-0.1834,0.0033,1.8764,-1.7432,0.3112,0.3062,0.7388,0.0,120.2649
0.6926,-1.357,0.0235,0.0,0.0,0.1953,0.0256,171276.39,0.7798,2.8546,12.051,0.0,4.0,0.5401,-1.0582,0.02,0.0235,-0.7798,0.0046,775.6426,-0.4754,0.2453,0.343,0.7798,0.0,82.2872
0.7151,-1.9243,0.0691,0.1059,0.3944,0.1276,0.6675,273584.56,0.1827,4.5597,12.5194,3.0,4.0,0.1306,-0.3515,0.1219,0.4635,-0.0768,0.0088,1.7093,-0.422,0.3232,0.273,0.7151,0.0691,120.8798
0.3657,-7.2624,0.0235,0.2299,0.1745,0.1379,0.4436,230177.25,0.8019,3.8363,12.3466,1.0,2.0,0.2933,-5.8235,0.3557,0.198,-0.572,0.0032,3.4733,-1.8931,0.311,0.258,0.8019,0.0235,111.1302
0.7354,-9.9126,0.0235,0.995,0.0118,0.1256,0.7178,290715.8,0.1617,4.8453,12.5801,3.0,1.0,0.1189,-1.6025,0.116,0.0353,0.8333,0.003,0.1623,-2.0458,0.3958,0.4066,0.995,0.0118,137.9382
0.4135,-5.8122,0.0235,0.257,0.0987,0.0428,0.5713,304956.1,0.8343,5.0826,12.6279,4.0,3.0,0.3449,-4.8489,0.4766,0.1222,-0.5773,0.001,3.2338,-1.1435,0.3201,0.3039,0.8343,0.0235,104.2299
0.4879,-9.5078,0.0987,0.161,0.3479,0.2448,0.6979,267023.12,0.6363,4.4504,12.4951,3.0,2.0,0.3105,-6.0502,0.4441,0.4466,-0.4753,0.0242,3.9283,-2.1364,0.3821,0.2327,0.6979,0.0987,124.4473
0.7175,-10.4057,0.0758,0.3658,0.0,0.0243,0.8248,229652.77,0.4287,3.8275,12.3443,1.0,1.0,0.3076,-4.4613,0.3536,0.0758,-0.0629,0.0018,1.1688,-2.7186,0.3481,0.3343,0.8248,0.0,104.7138
0.975,-4.3867,0.1168,0.3889,0.0,0.0243,0.568,159880.88,0.9041,2.6647,11.9822,0.0,3.0,0.8815,-3.9662,0.5136,0.1168,-0.5152,0.0028,2.3187,-1.6462,0.4253,0.4062,0.975,0.0,119.467
0.6536,-1.357,0.1056,0.0,0.0,0.2884,0.2812,248273.16,0.3489,4.1379,12.4223,2.0,4.0,0.228,-0.4734,0.0981,0.1056,-0.3489,0.0304,347.0067,-0.3279,0.2397,0.231,0.6536,0.0,136.3578
0.8886,-7.595,0.0235,0.0,0.1799,0.3175,0.0256,336876.6,0.5582,5.6146,12.7275,4.0,2.0,0.496,-4.2396,0.0143,0.2034,-0.5582,0.0075,555.224,-1.3527,0.2848,0.3337,0.8886,0.0,85.037
0.314,-11.1588,0.069,0.0663,0.0,0.0243,0.8139,310905.5,0.8671,5.1818,12.6472,4.0,1.0,0.2723,-9.6762,0.7057,0.069,-0.8009,0.0017,12.8919,-2.1535,0.3078,0.3785,0.8671,0.0,161.5401
0.7227,-11.0741,0.0235,0.2984,0.2299,0.1157,0.7155,154465.64,0.0155,2.5744,11.9477,0.0,1.0,0.0112,-0.1713,0.0111,0.2534,0.283,0.0027,0.0517,-4.3016,0.303,0.3021,0.7227,0.0155,133.8218
0.4909,-12.8968,0.158,0.1122,0.0,0.2867,0.5299,261917.03,0.4669,4.3653,12.4758,3.0,0.0,0.2292,-6.0211,0.2474,0.158,-0.3546,0.0453,4.1225,-2.9544,0.2921,0.2091,0.5299,0.0,130.4347
0.4028,-1.357,0.0974,0.0817,0.0326,0.0243,0.8263,260101.34,0.4385,4.335,12.4688,3.0,4.0,0.1766,-0.595,0.3623,0.13,-0.3568,0.0024,5.3015,-0.313,0.272,0.2993,0.8263,0.0243,82.7647
0.5393,-14.8922,0.1047,0.1322,0.3595,0.0824,0.4702,209821.69,0.3698,3.497,12.254,1.0,0.0,0.1994,-5.5071,0.1739,0.4642,-0.2376,0.0086,2.7758,-4.2585,0.294,0.1862,0.5393,0.0824,151.1629
0.4827,-7.2624,0.0235,0.5273,0.1517,0.0606,0.7888,287081.62,0.4416,4.7847,12.5675,3.0,2.0,0.2132,-3.2071,0.3483,0.1752,0.0857,0.0014,0.8359,-1.5178,0.3538,0.2827,0.7888,0.0235,77.2799
0.6618,-9.0838,0.097,0.1136,0.2406,0.1143,0.4154,214558.62,0.7018,3.576,12.2763,1.0,2.0,0.4645,-6.375,0.2916,0.3376,-0.5882,0.0111,6.1263,-2.5402,0.3349,0.2618,0.7018,0.097,174.9591
0.8168,-1.357,0.0936,0.0,0.0,0.0614,0.4159,337851.03,0.6477,5.6309,12.7304,4.0,4.0,0.529,-0.879,0.2694,0.0936,-0.6477,0.0058,644.28,-0.241,0.2908,0.3367,0.8168,0.0,100.0677
0.7221,-4.9336,0.0701,0.3835,0.0,0.1689,0.6416,214159.9,0.4908,3.5693,12.2745,1.0,3.0,0.3544,-2.4214,0.3149,0.0701,-0.1073,0.0118,1.2765,-1.3822,0.3539,0.2823,0.7221,0.0,86.4753
0.7044,-11.0678,0.1089,0.0538,0.1824,0.0243,0.0731,282409.38,0.8919,4.7068,12.5511,3.0,1.0,0.6282,-9.871,0.0652,0.2913,-0.838,0.0026,16.2649,-2.3514,0.2913,0.354,0.8919,0.0243,92.866
0.4917,-4.0022,0.0838,0.3668,0.0,0.366,0.4433,250416.89,0.4049,4.1736,12.4309,2.0,3.0,0.1991,-1.6204,0.1795,0.0838,-0.038,0.0307,1.1006,-0.9589,0.3081,0.1886,0.4917,0.0,125.3695
0.4767,-8.1946,0.0917,0.1659,0.0849,0.2649,0.7825,359978.6,0.1589,5.9996,12.7938,4.0,2.0,0.0758,-1.3024,0.1244,0.1766,0.007,0.0243,0.9522,-1.3659,0.2894,0.2556,0.7825,0.0849,99.716
0.6971,-7.9543,0.1096,0.3156,0.1544,0.0471,0.7344,262893.0,0.3925,4.3816,12.4795,3.0,2.0,0.2736,-3.1218,0.2882,0.264,-0.0769,0.0052,1.2396,-1.8154,0.3501,0.2766,0.7344,0.0471,97.9595
0.8112,-6.8184,0.0919,0.0205,0.0061,0.2728,0.5079,181216.0,0.9347,3.0203,12.1075,0.0,3.0,0.7582,-6.3729,0.4747,0.098,-0.9141,0.0251,43.4067,-2.2575,0.3779,0.3815,0.9347,0.0061,147.5078
0.5697,-12.5559,0.1668,0.0,0.0778,0.1069,0.7056,164779.27,0.6393,2.7463,12.0124,0.0,0.0,0.3643,-8.0274,0.4511,0.2446,-0.6393,0.0178,635.9248,-4.5719,0.3237,0.3008,0.7056,0.0,130.2661
0.8144,-6.8592,0.1553,0.5394,0.1495,0.1557,0.5499,334816.8,0.8098,5.5803,12.7213,4.0,3.0,0.6595,-5.5546,0.4453,0.3048,-0.2704,0.0242,1.4987,-1.2292,0.4534,0.3011,0.8144,0.1495,152.8261
0.3482,-10.917,0.1744,0.1542,0.0423,0.0749,0.5309,330566.25,0.6625,5.5094,12.7086,4.0,1.0,0.2307,-7.2329,0.3517,0.2167,-0.5083,0.0131,4.2686,-1.9815,0.2839,0.2378,0.6625,0.0423,86.8134
0.6891,-4.8665,0.0235,0.5965,0.0798,0.2537,0.4441,256044.98,0.0978,4.2674,12.4531,2.0,3.0,0.0674,-0.4759,0.0434,0.1033,0.4987,0.006,0.1637,-1.1404,0.3121,0.2668,0.6891,0.0235,84.6654
0.646,-13.0793,0.1404,0.1138,0.2666,0.2087,0.5233,265431.47,0.2342,4.4239,12.4891,3.0,0.0,0.1513,-3.0632,0.1226,0.4071,-0.1204,0.0293,2.0397,-2.9565,0.3047,0.2014,0.646,0.1138,114.3369
0.5929,-5.9241,0.1499,0.4258,0.121,0.3939,0.6336,217891.61,0.2129,3.6315,12.2918,1.0,3.0,0.1262,-1.261,0.1349,0.2709,0.213,0.0591,0.4987,-1.6313,0.3614,0.2072,0.6336,0.121,105.0448
0.8184,-11.9471,0.1077,0.1625,0.0,0.3261,0.3559,138427.77,0.6348,2.3071,11.8381,0.0,1.0,0.5195,-7.584,0.2259,0.1077,-0.4723,0.0351,3.8833,-5.1784,0.3436,0.2936,0.8184,0.0,101.155
0.7726,-1.357,0.0796,0.0801,0.0791,0.1435,0.4257,255632.25,0.3831,4.2605,12.4515,2.0,4.0,0.296,-0.5199,0.1631,0.1587,-0.303,0.0114,4.7221,-0.3185,0.2805,0.2626,0.7726,0.0791,92.0125
0.7491,-7.161,0.2299,0.0,0.0,0.2412,0.5425,251586.16,0.6641,4.1931,12.4355,2.0,2.0,0.4975,-4.7554,0.3602,0.2299,-0.6641,0.0555,660.5262,-1.7078,0.3467,0.3072,0.7491,0.0,158.2814
0.6459,-6.6723,0.0354,0.4279,0.1459,0.0243,0.9321,182675.9,0.4611,3.0446,12.1155,0.0,3.0,0.2978,-3.0764,0.4298,0.1813,-0.0332,0.0009,1.0751,-2.1915,0.3818,0.3378,0.9321,0.0243,113.6938
0.8064,-6.7209,0.0936,0.0537,0.1487,0.164,0.3559,248989.56,0.9645,4.1498,12.4252,2.0,3.0,0.7777,-6.4821,0.3432,0.2422,-0.9108,0.0153,17.6472,-1.6196,0.3695,0.3679,0.9645,0.0537,141.1945
0.4899,-9.8918,0.0555,0.1947,0.0588,0.3741,0.6669,224119.27,0.5941,3.7353,12.3199,1.0,1.0,0.291,-5.8764,0.3962,0.1143,-0.3993,0.0208,3.0352,-2.6482,0.3477,0.2502,0.6669,0.0555,122.1794
0.6377,-1.357,0.0235,0.0879,0.4528,0.1612,0.8685,157926.78,0.7524,2.6321,11.9699,0.0,4.0,0.4798,-1.021,0.6535,0.4763,-0.6645,0.0038,8.4652,-0.5156,0.4263,0.3402,0.8685,0.0235,172.5566
0.58,-19.2638,0.0786,0.3666,0.0,0.0243,0.5325,260129.23,0.7309,4.3355,12.4689,3.0,0.0,0.4239,-14.0793,0.3892,0.0786,-0.3642,0.0019,1.9881,-4.4433,0.3304,0.2975,0.7309,0.0,95.0934
0.7028,-7.7262,0.072,0.2428,0.2664,0.2471,0.6619,240640.77,0.3392,4.0107,12.3911,2.0,2.0,0.2384,-2.6207,0.2245,0.3385,-0.0964,0.0178,1.3912,-1.9264,0.3618,0.2335,0.7028,0.072,142.0316
0.7065,-6.3365,0.0391,0.1344,0.3986,0.1911,0.5471,324841.44,0.6252,5.414,12.6911,4.0,3.0,0.4417,-3.9616,0.342,0.4377,-0.4908,0.0075,4.6158,-1.1704,0.3774,0.2605,0.7065,0.0391,120.8383
0.7385,-12.5857,0.0235,0.1235,0.0729,0.0798,0.5855,344612.44,0.4519,5.7435,12.7502,4.0,0.0,0.3337,-5.6871,0.2646,0.0964,-0.3284,0.0019,3.6304,-2.1913,0.2965,0.29,0.7385,0.0235,88.0408
0.649,-1.357,0.0582,0.5271,0.2249,0.1416,0.5569,257867.16,0.2828,4.2978,12.4602,2.0,4.0,0.1836,-0.3838,0.1575,0.2831,0.2443,0.0082,0.5355,-0.3157,0.3487,0.2282,0.649,0.0582,134.3353
0.747,-5.7341,0.0235,0.2411,0.1188,0.2455,0.2881,236811.88,0.1355,3.9469,12.375,2.0,3.0,0.1012,-0.7772,0.039,0.1423,0.1056,0.0058,0.5597,-1.4528,0.2571,0.2344,0.747,0.0235,103.0577
0.6389,-7.1345,0.1301,0.117,0.0,0.0243,0.4155,232068.5,0.8027,3.8678,12.3548,2.0,2.0,0.5128,-5.7267,0.3335,0.1301,-0.6857,0.0032,6.8048,-1.8446,0.3041,0.3186,0.8027,0.0,142.2324
0.7378,-1.357,0.1238,0.0,0.0171,0.0243,0.6344,243587.72,0.6075,4.0598,12.4032,2.0,4.0,0.4482,-0.8244,0.3854,0.1409,-0.6075,0.003,604.2943,-0.3343,0.3064,0.3354,0.7378,0.0,76.0215
0.4767,-6.9836,0.0686,0.1145,0.2217,0.0243,0.7322,266922.5,0.7511,4.4487,12.4947,3.0,2.0,0.3581,-5.2457,0.55,0.2903,-0.6366,0.0017,6.5006,-1.5698,0.3413,0.3108,0.7511,0.0243,142.502
0.7372,-8.8168,0.0235,0.0,0.3601,0.3719,0.2601,241248.28,0.5258,4.0208,12.3936,2.0,2.0,0.3876,-4.6359,0.1368,0.3836,-0.5258,0.0087,522.9968,-2.1928,0.3255,0.2628,0.7372,0.0,102.3062
0.6486,-10.6206,0.1277,0.0854,0.0587,0.0243,0.7643,167594.52,0.7643,2.7932,12.0293,0.0,1.0,0.4957,-8.1177,0.5842,0.1864,-0.6789,0.0031,8.842,-3.8023,0.3533,0.3518,0.7643,0.0243,147.8313
0.7935,-12.9142,0.0476,0.1956,0.0753,0.2868,0.9552,217707.14,0.0678,3.6285,12.2909,1.0,0.0,0.0538,-0.8756,0.0648,0.123,0.1278,0.0137,0.3449,-3.5591,0.346,0.3735,0.9552,0.0476,145.8623
0.5824,-5.6436,0.1138,0.3879,0.1213,0.0981,0.5672,213617.52,0.764,3.5603,12.2719,1.0,3.0,0.445,-4.3117,0.4333,0.2351,-0.3761,0.0112,1.9646,-1.5852,0.3764,0.271,0.764,0.0981,107.0081
0.4389,-5.9125,0.0435,0.0957,0.0662,0.2959,0.2757,263599.94,0.8209,4.3933,12.4822,3.0,3.0,0.3603,-4.8534,0.2263,0.1096,-0.7252,0.0129,8.4875,-1.3458,0.291,0.2747,0.8209,0.0435,88.8656
0.975,-1.357,0.0235,0.0858,0.013,0.3239,0.0256,108788.336,0.5125,1.8131,11.5972,0.0,4.0,0.4997,-0.6954,0.0131,0.0365,-0.4266,0.0076,5.9008,-0.7484,0.2799,0.3602,0.975,0.013,96.8973
0.42,-4.8857,0.1557,0.8682,0.0,0.2659,0.553,272638.8,0.6495,4.544,12.5159,3.0,3.0,0.2728,-3.1735,0.3592,0.1557,0.2187,0.0414,0.7472,-1.0752,0.4161,0.3003,0.8682,0.0,160.321
0.6382,-1.357,0.1206,0.5648,0.1918,0.2801,0.8268,287513.56,0.2438,4.7919,12.569,3.0,4.0,0.1556,-0.3308,0.2016,0.3124,0.321,0.0338,0.4309,-0.2832,0.4095,0.2663,0.8268,0.1206,154.625
0.6989,-1.357,0.0235,0.478,0.0086,0.0876,0.252,258965.56,0.7691,4.3161,12.4645,3.0,4.0,0.5376,-1.0437,0.1938,0.0321,-0.2911,0.0021,1.6057,-0.3144,0.3311,0.3196,0.7691,0.0086,133.1414
0.4658,-11.0539,0.1051,0.3955,0.091,0.2535,0.978,381416.3,0.0507,6.3569,12.8516,4.0,1.0,0.0236,-0.5608,0.0496,0.1961,0.3448,0.0266,0.1279,-1.7389,0.3342,0.3251,0.978,0.0507,149.2581
0.4269,-6.8123,0.0845,0.2077,0.0,0.0243,0.3501,296786.47,0.5385,4.9464,12.6008,4.0,3.0,0.2299,-3.6682,0.1885,0.0845,-0.3307,0.0021,2.5796,-1.3772,0.2331,0.2102,0.5385,0.0,95.7477
0.4038,-3.5057,0.1176,0.3965,0.2198,0.0243,0.3867,222876.5,0.7441,3.7146,12.3144,1.0,4.0,0.3005,-2.6087,0.2877,0.3374,-0.3476,0.0029,1.8719,-0.9438,0.3275,0.2364,0.7441,0.0243,134.0017
0.7429,-1.357,0.0791,0.4907,0.142,0.0243,0.5927,163373.64,0.7834,2.7229,12.0038,0.0,4.0,0.582,-1.0631,0.4643,0.2211,-0.2927,0.0019,1.5933,-0.4984,0.4079,0.3215,0.7834,0.0243,104.2848
0.3811,-7.9373,0.0707,0.2317,0.1233,0.3679,0.6918,294562.38,0.2876,4.9094,12.5932,4.0,2.0,0.1096,-2.2828,0.199,0.194,-0.0559,0.026,1.236,-1.6168,0.3077,0.2053,0.6918,0.0707,133.6814
0.6568,-15.9389,0.0235,0.4838,0.0,0.1929,0.7559,145796.6,0.076,2.4299,11.89,0.0,0.0,0.0499,-1.2114,0.0574,0.0235,0.4078,0.0045,0.1568,-6.5594,0.3127,0.3151,0.7559,0.0,149.7896
0.774,-8.634,0.0235,0.3938,0.0756,0.1924,0.4528,171324.77,0.1927,2.8554,12.0513,0.0,2.0,0.1492,-1.6641,0.0873,0.0991,0.201,0.0045,0.4882,-3.0237,0.3007,0.2604,0.774,0.0235,115.5793
0.5663,-7.5678,0.0235,0.1526,0.2936,0.2779,0.5556,225989.58,0.6289,3.7665,12.3282,1.0,2.0,0.3561,-4.7591,0.3494,0.3171,-0.4762,0.0065,4.0935,-2.0092,0.3569,0.2311,0.6289,0.0235,139.6131
0.7192,-20.1748,0.0919,0.4923,0.0,0.1488,0.7397,292813.8,0.0108,4.8802,12.5873,4.0,0.0,0.0078,-0.2179,0.008,0.0919,0.4815,0.0137,0.0219,-4.134,0.3147,0.3277,0.7397,0.0,116.5101
0.737,-4.5902,0.056,0.0457,0.3696,0.0243,0.4519,232497.61,0.5564,3.875,12.3566,2.0,3.0,0.4101,-2.554,0.2514,0.4256,-0.5107,0.0014,11.9098,-1.1846,0.3201,0.2834,0.737,0.0243,102.9451
0.975,-7.0114,0.0976,0.1245,0.1295,0.1948,0.5801,264010.28,0.2746,4.4002,12.4837,3.0,2.0,0.2677,-1.9253,0.1593,0.2271,-0.1501,0.019,2.1872,-1.5934,0.3395,0.3255,0.975,0.0976,137.331
0.5555,-16.186,0.0235,0.4896,0.3519,0.0384,0.671,256968.03,0.4035,4.2828,12.4567,2.0,0.0,0.2241,-6.5305,0.2707,0.3754,0.0861,0.0009,0.8224,-3.7793,0.3619,0.2485,0.671,0.0235,102.5467
0.7639,-11.0112,0.0235,0.0,0.2315,0.2729,0.5632,217602.44,0.8323,3.6267,12.2904,1.0,1.0,0.6358,-9.1643,0.4688,0.255,-0.8323,0.0064,827.8296,-3.0361,0.3839,0.3392,0.8323,0.0,69.5775
0.8186,-12.8607,0.0819,0.3426,0.0,0.2365,0.4612,170724.62,0.1165,2.8454,12.0478,0.0,0.0,0.0954,-1.4987,0.0537,0.0819,0.2261,0.0194,0.3392,-4.5198,0.2939,0.2804,0.8186,0.0,115.4701
0.5071,-16.0527,0.1005,0.0926,0.0831,0.3421,0.0256,157230.69,0.7964,2.6205,11.9655,0.0,0.0,0.4038,-12.7844,0.0204,0.1835,-0.7038,0.0344,8.5108,-6.1258,0.2782,0.2866,0.7964,0.0256,133.4061
0.6335,-8.7191,0.0972,0.4765,0.2636,0.1319,0.0256,216445.36,0.3938,3.6074,12.2851,1.0,2.0,0.2495,-3.4336,0.0101,0.3607,0.0827,0.0128,0.8247,-2.417,0.2889,0.2222,0.6335,0.0256,89.1743
0.4949,-4.0657,0.1605,0.1606,0.4089,0.0243,0.4625,232057.39,0.4552,3.8676,12.3547,2.0,3.0,0.2253,-1.8507,0.2105,0.5694,-0.2946,0.0039,2.8171,-1.0512,0.3096,0.1891,0.4949,0.0243,177.1982
0.7969,-3.4866,0.1713,0.3726,0.3289,0.1613,0.6485,383971.12,0.0288,6.3995,12.8583,4.0,4.0,0.023,-0.1004,0.0187,0.5002,0.3438,0.0276,0.0771,-0.5448,0.3583,0.2769,0.7969,0.0288,131.4311
0.3689,-12.1639,0.0653,0.0666,0.4644,0.0243,0.2337,235610.06,0.7995,3.9268,12.3699,2.0,1.0,0.2949,-9.7246,0.1869,0.5297,-0.7329,0.0016,11.8272,-3.0976,0.289,0.28,0.7995,0.0243,140.272
0.449,-7.0555,0.1419,0.0404,0.0,0.0862,0.253,331564.62,0.9959,5.5261,12.7116,4.0,2.0,0.4471,-7.0263,0.2519,0.1419,-0.9555,0.0122,24.0674,-1.2768,0.2809,0.3498,0.9959,0.0,173.04
0.6239,-12.87,0.0498,0.4088,0.0,0.1128,0.3354,176488.17,0.1298,2.9415,12.081,0.0,0.0,0.081,-1.6705,0.0435,0.0498,0.279,0.0056,0.3167,-4.3754,0.2372,0.2262,0.6239,0.0,151.8213
0.6051,-2.0517,0.0629,0.1669,0.1498,0.3849,0.3474,269907.66,0.2399,4.4985,12.5058,3.0,4.0,0.1451,-0.4921,0.0833,0.2128,-0.0729,0.0242,1.4284,-0.4561,0.2796,0.1824,0.6051,0.0629,91.1566
0.7635,-1.357,0.0235,0.5189,0.0114,0.326,0.4093,145310.06,0.3815,2.4218,11.8866,0.0,4.0,0.2913,-0.5177,0.1561,0.0349,0.1375,0.0077,0.7337,-0.5603,0.3477,0.2664,0.7635,0.0114,94.0482
0.5548,-1.357,0.0694,0.2397,0.1701,0.0726,0.1713,260130.1,0.9583,4.3355,12.4689,3.0,4.0,0.5316,-1.3004,0.1642,0.2396,-0.7185,0.005,3.9804,-0.313,0.3195,0.326,0.9583,0.0694,155.3666
0.8385,-6.5145,0.1658,0.3888,0.0,0.0917,0.5272,283041.38,0.9074,4.7174,12.5534,3.0,3.0,0.7608,-5.9113,0.4784,0.1658,-0.5186,0.0152,2.3276,-1.381,0.4171,0.3591,0.9074,0.0,135.9053
0.5679,-9.2981,0.0235,0.23,0.155,0.2645,0.6241,159874.8,0.1829,2.6646,11.9822,0.0,2.0,0.1038,-1.7003,0.1141,0.1785,0.0471,0.0062,0.7917,-3.4895,0.2926,0.2213,0.6241,0.0235,141.8174
0.3578,-20.4505,0.0235,0.2089,0.0,0.1909,0.3228,226100.4,0.8881,3.7683,12.3287,1.0,0.0,0.3178,-18.1614,0.2867,0.0235,-0.6792,0.0045,4.2311,-5.4269,0.2846,0.2985,0.8881,0.0,128.2533
0.7643,-4.7497,0.0581,0.1702,0.1056,0.1438,0.8586,344867.4,0.8113,5.7478,12.7509,4.0,3.0,0.6201,-3.8536,0.6966,0.1636,-0.6412,0.0083,4.74,-0.8264,0.416,0.3725,0.8586,0.0581,140.0302
0.483,-18.122,0.0235,0.1437,0.1734,0.0573,0.3678,309894.56,0.8412,5.1649,12.644,4.0,0.0,0.4063,-15.2442,0.3094,0.1969,-0.6975,0.0013,5.8135,-3.5087,0.2986,0.2906,0.8412,0.0235,141.0081
0.7113,-5.9332,0.0235,0.5564,0.1253,0.2888,0.5671,282364.2,0.4427,4.7061,12.551,3.0,3.0,0.3149,-2.6264,0.251,0.1488,0.1138,0.0068,0.7941,-1.2607,0.3879,0.2516,0.7113,0.0235,107.2234
0.6381,-6.0589,0.089,0.3433,0.0,0.0595,0.7931,212520.12,0.7223,3.542,12.2668,1.0,3.0,0.4609,-4.3766,0.5729,0.089,-0.379,0.0053,2.0979,-1.7106,0.3779,0.3385,0.7931,0.0,156.4022
0.5657,-8.9142,0.0773,0.1388,0.0327,0.345,0.6116,179985.03,0.0986,2.9998,12.1006,0.0,2.0,0.0558,-0.8789,0.0603,0.11,0.0402,0.0267,0.7052,-2.9716,0.2671,0.2414,0.6116,0.0327,106.3079
0.5199,-12.0871,0.1507,0.3579,0.0,0.0243,0.2744,267071.72,0.6949,4.4512,12.4953,3.0,1.0,0.3613,-8.3989,0.1907,0.1507,-0.337,0.0037,1.9363,-2.7155,0.2889,0.2568,0.6949,0.0,103.9096
0.6922,-5.8824,0.0235,0.133,0.0792,0.2939,0.5478,298843.22,0.3276,4.9807,12.6077,4.0,3.0,0.2268,-1.9271,0.1794,0.1027,-0.1946,0.0069,2.4455,-1.181,0.2996,0.248,0.6922,0.0235,132.6231
0.7622,-1.357,0.0235,0.2238,0.35,0.1045,0.5867,181771.53,0.2044,3.0295,12.1105,0.0,4.0,0.1558,-0.2774,0.1199,0.3735,0.0194,0.0025,0.9094,-0.4479,0.3222,0.266,0.7622,0.0235,92.5541
0.7918,-11.7909,0.0544,0.0,0.3791,0.1381,0.3311,292817.28,0.7385,4.8803,12.5873,4.0,1.0,0.5848,-8.7072,0.2445,0.4335,-0.7385,0.0075,734.5296,-2.416,0.3476,0.3168,0.7918,0.0,144.9979
0.9221,-8.7262,0.0235,0.0,0.0,0.1689,0.53,238845.83,0.8267,3.9808,12.3836,2.0,2.0,0.7623,-7.2136,0.4381,0.0235,-0.8267,0.004,822.2594,-2.1921,0.353,0.4023,0.9221,0.0,116.7166
0.3736,-6.8883,0.0235,0.0988,0.3479,0.2878,0.7665,172831.72,0.3679,2.8805,12.0601,0.0,3.0,0.1374,-2.534,0.282,0.3714,-0.2691,0.0068,3.6874,-2.3913,0.3237,0.2391,0.7665,0.0235,106.6354
0.42,-10.9232,0.1556,0.5114,0.1378,0.0243,0.3201,313850.78,0.5138,5.2308,12.6567,4.0,1.0,0.2158,-5.6124,0.1645,0.2934,-0.0024,0.0038,1.0028,-2.0882,0.2976,0.1951,0.5138,0.0243,132.6009
0.6536,-16.3812,0.0235,0.5096,0.0126,0.136,0.0256,296041.8,0.3465,4.934,12.5983,4.0,0.0,0.2264,-5.6755,0.0089,0.0361,0.1631,0.0032,0.6785,-3.32,0.2439,0.2615,0.6536,0.0126,91.1566
0.5889,-1.357,0.0949,0.5513,0.1631,0.0243,0.658,226891.98,0.4668,3.7815,12.3322,1.0,4.0,0.2749,-0.6334,0.3072,0.258,0.0845,0.0023,0.8452,-0.3588,0.3639,0.2617,0.658,0.0243,171.5681
0.5299,-13.6713,0.0235,0.0818,0.0625,0.4177,0.2697,292877.5,0.3228,4.8813,12.5875,4.0,0.0,0.1711,-4.4131,0.0871,0.086,-0.241,0.0098,3.8994,-2.8008,0.244,0.1944,0.5299,0.0235,128.9875
0.8879,-17.0956,0.1177,0.2236,0.1529,0.0243,0.7648,160966.98,0.6492,2.6828,11.989,0.0,0.0,0.5764,-11.0985,0.4965,0.2706,-0.4256,0.0029,2.8901,-6.3723,0.4029,0.3527,0.8879,0.0243,110.9376
0.8031,-10.9344,0.0545,0.2537,0.0,0.3065,0.2617,230958.62,0.3484,3.8493,12.35,2.0,1.0,0.2798,-3.8095,0.0912,0.0545,-0.0947,0.0167,1.3681,-2.8406,0.2897,0.261,0.8031,0.0,158.3305
0.6191,-1.357,0.0235,0.5397,0.0,0.3259,0.2766,241055.31,0.1857,4.0176,12.3928,2.0,4.0,0.115,-0.252,0.0514,0.0235,0.3539,0.0077,0.3435,-0.3378,0.2815,0.2372,0.6191,0.0,82.836
0.7175,-6.0663,0.1248,0.3031,0.0,0.4089,0.6417,253973.61,0.3099,4.2329,12.445,2.0,3.0,0.2224,-1.8801,0.1989,0.1248,-0.0069,0.051,1.0193,-1.4331,0.358,0.2583,0.7175,0.0,111.297
0.8244,-17.8594,0.0497,0.5422,0.281,0.0243,0.4797,207597.98,0.4796,3.46,12.2434,1.0,0.0,0.3954,-8.5654,0.2301,0.3307,0.0626,0.0012,0.883,-5.1617,0.383,0.2855,0.8244,0.0243,126.5917
0.4646,-7.9835,0.0235,0.0,0.2147,0.455,0.2958,381380.28,0.8027,6.3563,12.8516,4.0,2.0,0.3729,-6.4086,0.2374,0.2382,-0.8027,0.0107,798.4536,-1.256,0.3223,0.2811,0.8027,0.0,88.4154
0.4264,-6.5475,0.1396,0.0,0.1934,0.4497,0.685,264102.78,0.4865,4.4017,12.4841,3.0,3.0,0.2075,-3.1856,0.3333,0.333,-0.4865,0.0628,483.9394,-1.4875,0.3401,0.2371,0.685,0.0,67.5239
0.4655,-7.1913,0.1712,0.2049,0.0,0.1218,0.7535,272364.28,0.6084,4.5394,12.5149,3.0,2.0,0.2832,-4.3752,0.4585,0.1712,-0.4035,0.0209,2.9541,-1.5842,0.3322,0.2794,0.7535,0.0,152.5917
0.7365,-10.9301,0.0235,0.0,0.0,0.0476,0.3814,175847.31,0.3527,2.9308,12.0774,0.0,1.0,0.2598,-3.8554,0.1345,0.0235,-0.3527,0.0011,350.8528,-3.7294,0.2202,0.2815,0.7365,0.0,141.0081
0.3308,-1.357,0.0235,0.1223,0.1117,0.1391,0.6376,283023.7,0.8263,4.7171,12.5533,3.0,4.0,0.2734,-1.1212,0.5268,0.1352,-0.704,0.0033,6.7031,-0.2877,0.313,0.3055,0.8263,0.0235,189.1583
0.4975,-13.6733,0.0888,0.0,0.0135,0.1345,0.6397,214984.11,0.7905,3.5831,12.2783,1.0,0.0,0.3933,-10.8083,0.5056,0.1024,-0.7905,0.0119,786.2524,-3.8161,0.3092,0.3262,0.7905,0.0,126.9265
0.5259,-9.2684,0.1628,0.4598,0.0,0.1175,0.6392,271647.28,0.4149,4.5275,12.5123,3.0,2.0,0.2182,-3.8451,0.2652,0.1628,0.0449,0.0191,0.9004,-2.0471,0.3314,0.238,0.6392,0.0,153.1904
0.4589,-13.1647,0.0235,0.4537,0.523,0.2409,0.4607,371626.62,0.4866,6.1938,12.8256,4.0,0.0,0.2233,-6.406,0.2242,0.5465,-0.0329,0.0057,1.0701,-2.1255,0.3782,0.1809,0.523,0.0235,98.0374
0.4771,-6.3965,0.067,0.3817,0.0,0.2071,0.5392,260123.8,0.6195,4.3354,12.4689,3.0,3.0,0.2955,-3.9624,0.334,0.067,-0.2377,0.0139,1.6186,-1.4754,0.3274,0.2398,0.6195,0.0,73.1857
0.6099,-11.7825,0.0736,0.0,0.0,0.2036,0.0256,265548.62,0.4856,4.4258,12.4896,3.0,1.0,0.2962,-5.7216,0.0124,0.0736,-0.4856,0.015,483.011,-2.6622,0.1998,0.2503,0.6099,0.0,138.6204
0.7176,-6.8688,0.0529,0.0784,0.0,0.2756,0.2699,265955.97,0.5139,4.4326,12.4911,3.0,3.0,0.3687,-3.5296,0.1387,0.0529,-0.4355,0.0146,6.4748,-1.5496,0.2726,0.2635,0.7176,0.0,139.3027
0.5728,-4.5989,0.1427,0.1539,0.0,0.0243,0.2743,106340.32,0.9265,1.7723,11.5744,0.0,3.0,0.5307,-4.2607,0.2541,0.1427,-0.7726,0.0035,5.9823,-2.5948,0.2992,0.3366,0.9265,0.0,170.55
0.7747,-11.6099,0.1087,0.4961,0.0,0.1447,0.8382,238090.22,0.0021,3.9682,12.3804,2.0,1.0,0.0016,-0.024,0.0017,0.1087,0.494,0.0157,0.0042,-2.9258,0.3378,0.3612,0.8382,0.0,81.1489
0.9042,-14.202,0.1134,0.165,0.0,0.1365,0.6139,122966.86,0.2231,2.0494,11.7197,0.0,0.0,0.2017,-3.168,0.1369,0.1134,-0.058,0.0155,1.3434,-6.9297,0.308,0.3263,0.9042,0.0,124.8878
0.5568,-8.9935,0.0235,0.0,0.3628,0.2505,0.7055,341647.9,0.8443,5.6941,12.7415,4.0,2.0,0.4701,-7.5929,0.5956,0.3863,-0.8443,0.0059,839.7655,-1.5794,0.3919,0.3267,0.8443,0.0,133.4204
0.8172,-2.1624,0.0976,0.1516,0.1427,0.2545,0.7448,346672.6,0.7779,5.7779,12.7561,4.0,4.0,0.6356,-1.6821,0.5793,0.2403,-0.6263,0.0248,5.0982,-0.3743,0.4266,0.3345,0.8172,0.0976,92.9922
0.9089,-5.0023,0.1227,0.3733,0.1908,0.3009,0.5718,309767.03,0.5075,5.1628,12.6436,4.0,3.0,0.4612,-2.5385,0.2902,0.3135,-0.1342,0.0369,1.3557,-0.9689,0.4251,0.2667,0.9089,0.1227,155.6513
0.5698,-11.9772,0.1126,0.0919,0.1315,0.2219,0.8496,226495.47,0.7385,3.7749,12.3305,1.0,1.0,0.4207,-8.8448,0.6274,0.2441,-0.6466,0.025,7.9526,-3.1728,0.388,0.323,0.8496,0.0919,107.3763
0.6946,-2.8049,0.1273,0.5187,0.0,0.3312,0.6776,226571.14,0.0673,3.7762,12.3308,1.0,4.0,0.0467,-0.1887,0.0456,0.1273,0.4515,0.0422,0.1294,-0.7428,0.3452,0.2906,0.6946,0.0,138.7459
0.7442,-1.357,0.0587,0.0,0.0825,0.1587,0.2717,273765.22,0.3394,4.5628,12.52,3.0,4.0,0.2526,-0.4606,0.0922,0.1412,-0.3394,0.0093,337.5905,-0.2974,0.2365,0.2539,0.7442,0.0,113.5158
0.634,-6.8978,0.1717,0.2098,0.0,0.0243,0.3666,182626.61,0.8983,3.0438,12.1152,0.0,3.0,0.5695,-6.1965,0.3293,0.1717,-0.6885,0.0042,4.2615,-2.2662,0.3292,0.3313,0.8983,0.0,127.041
0.5599,-6.1427,0.0985,0.3487,0.0639,0.0243,0.6199,176941.8,0.4928,2.949,12.0836,0.0,3.0,0.2759,-3.0271,0.3055,0.1624,-0.1441,0.0024,1.4091,-2.083,0.3154,0.2517,0.6199,0.0243,70.6622
0.7109,-8.9871,0.0749,0.4814,0.0,0.29,0.467,278925.47,0.1271,4.6488,12.5387,3.0,2.0,0.0903,-1.142,0.0593,0.0749,0.3543,0.0217,0.2634,-1.9332,0.3073,0.2582,0.7109,0.0,123.9938
0.8801,-7.5398,0.2323,0.1708,0.0,0.2156,0.5501,259844.58,0.6109,4.3307,12.4678,3.0,2.0,0.5376,-4.6058,0.3361,0.2324,-0.44,0.0501,3.5551,-1.741,0.38,0.308,0.8801,0.0,102.5053
0.635,-11.9081,0.1086,0.5186,0.0,0.2365,0.8035,272226.5,0.1939,4.5371,12.5144,3.0,1.0,0.1232,-2.3094,0.1558,0.1086,0.3247,0.0257,0.3732,-2.6246,0.3566,0.2981,0.8035,0.0,115.8564
0.487,-8.9645,0.0417,0.4468,0.2323,0.3536,0.7831,241420.06,0.6618,4.0237,12.3943,2.0,2.0,0.3223,-5.9327,0.5182,0.274,-0.215,0.0147,1.4778,-2.228,0.4295,0.2509,0.7831,0.0417,96.5601
0.8441,-8.5348,0.0747,0.1758,0.0127,0.0243,0.4196,185710.27,0.5852,3.0952,12.1319,1.0,2.0,0.494,-4.9945,0.2455,0.0874,-0.4094,0.0018,3.3109,-2.7574,0.3052,0.3205,0.8441,0.0127,109.1329
0.7179,-6.6988,0.1878,0.2397,0.3718,0.0941,0.9179,263053.72,0.4859,4.3842,12.4801,3.0,3.0,0.3488,-3.2547,0.446,0.5595,-0.2461,0.0177,2.0184,-1.5279,0.4307,0.2986,0.9179,0.0941,133.1913
0.5474,-7.9379,0.0235,0.0,0.0644,0.0964,0.2346,242406.53,0.4784,4.0401,12.3984,2.0,2.0,0.2619,-3.7975,0.1122,0.0879,-0.4784,0.0023,475.8494,-1.9648,0.2064,0.2234,0.5474,0.0,134.5684
0.476,-6.018,0.0235,0.0,0.0393,0.2832,0.6699,269582.5,0.6264,4.493,12.5046,3.0,3.0,0.2982,-3.7697,0.4196,0.0628,-0.6264,0.0067,623.0604,-1.3394,0.3026,0.2913,0.6699,0.0,146.353
0.8187,-18.6395,0.0982,0.3829,0.0728,0.3937,0.7567,254779.36,0.0997,4.2463,12.4482,2.0,0.0,0.0816,-1.8577,0.0754,0.171,0.2832,0.0386,0.2596,-4.3896,0.3747,0.3127,0.8187,0.0728,133.5292
0.343,-11.5409,0.0235,0.2884,0.306,0.0518,0.4551,261682.61,0.9915,4.3614,12.4749,3.0,1.0,0.3401,-11.4424,0.4512,0.3295,-0.703,0.0012,3.4256,-2.6462,0.3513,0.3224,0.9915,0.0235,108.8358
0.6321,-6.958,0.0235,0.1289,0.037,0.2946,0.2336,239736.1,0.6965,3.9956,12.3873,2.0,2.0,0.4402,-4.846,0.1627,0.0605,-0.5676,0.0069,5.3633,-1.7414,0.2923,0.2728,0.6965,0.0235,100.1276
0.6838,-9.7261,0.0235,0.4558,0.0992,0.1099,0.837,161813.97,0.0289,2.6969,11.9942,0.0,1.0,0.0197,-0.2808,0.0242,0.1227,0.4269,0.0026,0.0632,-3.6064,0.3197,0.3375,0.837,0.0235,90.9599
0.4536,-14.1806,0.0545,0.3867,0.0174,0.0301,0.5734,330510.2,0.7826,5.5085,12.7084,4.0,0.0,0.355,-11.0978,0.4487,0.072,-0.3959,0.0016,2.0183,-2.5743,0.3283,0.3017,0.7826,0.0174,98.9089
0.574,-10.5923,0.053,0.224,0.3123,0.3118,0.7401,306023.16,0.7295,5.1004,12.6314,4.0,1.0,0.4187,-7.7267,0.5399,0.3653,-0.5055,0.0165,3.2426,-2.0768,0.4207,0.2641,0.7401,0.053,147.0445
0.975,-5.3651,0.0569,0.0,0.0863,0.1359,0.2686,244866.52,0.6165,4.0811,12.4085,2.0,3.0,0.6011,-3.3074,0.1656,0.1432,-0.6165,0.0077,613.18,-1.3146,0.3056,0.3601,0.975,0.0,79.8494
0.4628,-6.6965,0.1265,0.3552,0.2618,0.0243,0.5057,346526.56,0.5539,5.7754,12.7557,4.0,3.0,0.2564,-3.709,0.2801,0.3883,-0.1986,0.0031,1.5548,-1.1595,0.3272,0.1995,0.5539,0.0243,116.5564
0.3699,-3.7913,0.0235,0.4906,0.0,0.1924,0.6641,327949.03,0.4254,5.4658,12.7006,4.0,4.0,0.1574,-1.6128,0.2825,0.0235,0.0652,0.0045,0.8654,-0.6936,0.3094,0.2473,0.6641,0.0,127.6147
0.7447,-1.8494,0.08,0.0,0.0622,0.0957,0.3344,264520.84,0.9321,4.4087,12.4857,3.0,4.0,0.6941,-1.7239,0.3117,0.1422,-0.9321,0.0077,927.1638,-0.4195,0.3213,0.3724,0.9321,0.0,106.4924
0.8793,-10.8238,0.0544,0.2028,0.164,0.0644,0.0256,269968.72,0.9812,4.4995,12.5061,3.0,1.0,0.8628,-10.6203,0.0251,0.2183,-0.7784,0.0035,4.8143,-2.4056,0.3388,0.4099,0.9812,0.0256,110.2083
0.3514,-14.8477,0.0565,0.1166,0.1378,0.2579,0.429,281732.1,0.8583,4.6955,12.5487,3.0,0.0,0.3016,-12.7433,0.3682,0.1943,-0.7416,0.0146,7.2966,-3.1621,0.3153,0.274,0.8583,0.0565,108.2882
0.4667,-14.0773,0.0785,0.4567,0.1227,0.0243,0.3975,242316.56,0.9343,4.0386,12.398,2.0,0.0,0.436,-13.1519,0.3714,0.2013,-0.4776,0.0019,2.0412,-3.4857,0.3544,0.3162,0.9343,0.0243,118.3453
0.5969,-11.6725,0.1301,0.1719,0.3659,0.3515,0.584,297824.47,0.2168,4.9637,12.6043,4.0,1.0,0.1294,-2.5306,0.1266,0.496,-0.0449,0.0457,1.2541,-2.3516,0.3453,0.1887,0.5969,0.1301,123.9966
0.825,-17.073,0.0235,0.6038,0.0,0.3071,0.679,253496.67,0.2723,4.2249,12.4431,2.0,0.0,0.2246,-4.6484,0.1849,0.0235,0.3316,0.0072,0.4502,-4.041,0.3872,0.3229,0.825,0.0,95.914
0.4139,-4.9378,0.0964,0.2106,0.042,0.1448,0.823,230272.28,0.9075,3.8379,12.347,1.0,3.0,0.3757,-4.4812,0.7469,0.1384,-0.6969,0.014,4.2884,-1.2866,0.3769,0.3546,0.9075,0.042,81.9559
0.5631,-1.357,0.0858,0.0915,0.0,0.2986,0.978,206883.47,0.6459,3.4481,12.2399,1.0,4.0,0.3637,-0.8764,0.6317,0.0859,-0.5543,0.0256,6.9804,-0.3936,0.3804,0.3611,0.978,0.0,132.4189
0.5515,-5.7167,0.0428,0.3771,0.5035,0.0243,0.6186,326976.6,0.8239,5.4496,12.6976,4.0,3.0,0.4544,-4.7098,0.5097,0.5463,-0.4468,0.001,2.1792,-1.049,0.4202,0.2965,0.8239,0.0243,98.4853
0.5666,-13.7199,0.0433,0.2523,0.1159,0.0436,0.4177,213911.36,0.9515,3.5652,12.2733,1.0,0.0,0.5391,-13.055,0.3975,0.1592,-0.6993,0.0019,3.7569,-3.8483,0.3416,0.333,0.9515,0.0433,172.894
0.3839,-12.696,0.2328,0.3695,0.0534,0.0693,0.7883,122450.92,0.4195,2.0408,11.7155,0.0,0.0,0.161,-5.3255,0.3307,0.2863,-0.0499,0.0161,1.1321,-6.2209,0.331,0.2505,0.7883,0.0534,115.2851
0.7201,-15.5414,0.0974,0.0,0.0,0.3315,0.5558,180698.83,0.6482,3.0116,12.1046,0.0,0.0,0.4668,-10.0739,0.3603,0.0974,-0.6482,0.0323,644.7442,-5.1604,0.3361,0.3099,0.7201,0.0,119.8483
0.817,-3.1276,0.0866,0.0617,0.0172,0.0243,0.8516,220376.81,0.3258,3.6729,12.3031,1.0,4.0,0.2662,-1.019,0.2774,0.1038,-0.2641,0.0021,5.1945,-0.8515,0.312,0.3718,0.8516,0.0172,111.242
0.6361,-13.0379,0.0235,0.4749,0.0581,0.1806,0.377,171427.8,0.1591,2.8571,12.0519,0.0,0.0,0.1012,-2.0739,0.06,0.0816,0.3159,0.0042,0.3342,-4.5633,0.2727,0.2285,0.6361,0.0235,142.4633
0.6799,-1.357,0.0235,0.144,0.0,0.0926,0.3201,371492.8,0.3437,6.1915,12.8253,4.0,4.0,0.2337,-0.4664,0.11,0.0235,-0.1997,0.0022,2.3708,-0.2192,0.2291,0.2399,0.6799,0.0,121.4515
0.3898,-11.2916,0.0556,0.5828,0.1644,0.2389,0.978,105589.37,0.1348,1.7598,11.5673,0.0,1.0,0.0525,-1.5221,0.1318,0.2201,0.448,0.0133,0.2309,-6.4163,0.3635,0.3237,0.978,0.0556,126.84
0.3625,-8.1717,0.0235,0.0515,0.1459,0.3645,0.0256,142057.38,0.9449,2.3676,11.864,0.0,2.0,0.3425,-7.7212,0.0242,0.1694,-0.8934,0.0086,17.998,-3.4514,0.2741,0.3308,0.9449,0.0235,142.7811
0.4546,-7.9833,0.0235,0.0581,0.2343,0.0972,0.4378,272735.97,0.8223,4.5456,12.5163,3.0,2.0,0.3738,-6.5649,0.3601,0.2578,-0.7643,0.0023,13.9257,-1.7563,0.304,0.2875,0.8223,0.0235,107.8296
0.7069,-3.0019,0.0974,0.1854,0.0686,0.0657,0.6989,274621.94,0.4975,4.577,12.5232,3.0,4.0,0.3517,-1.4934,0.3477,0.166,-0.3121,0.0064,2.6694,-0.6559,0.3315,0.2942,0.7069,0.0657,153.8669
0.7464,-1.357,0.0702,0.4489,0.4451,0.3358,0.978,271677.4,0.1286,4.528,12.5124,3.0,4.0,0.096,-0.1745,0.1258,0.5152,0.3203,0.0236,0.2858,-0.2997,0.4504,0.3233,0.978,0.0702,150.1358
0.7046,-7.9767,0.0235,0.0374,0.0,0.2186,0.4731,261242.31,0.8263,4.354,12.4732,3.0,2.0,0.5823,-6.5914,0.3909,0.0235,-0.789,0.0051,21.5401,-1.832,0.3262,0.3435,0.8263,0.0,93.1482
0.6379,-8.2958,0.1422,0.0,0.0,0.3688,0.2739,184581.86,0.2911,3.0764,12.1259,1.0,2.0,0.1857,-2.4152,0.0797,0.1422,-0.2911,0.0525,289.5812,-2.6966,0.2448,0.2248,0.6379,0.0,107.4035
0.4917,-1.357,0.0852,0.1251,0.0,0.4817,0.2337,306465.0,0.6562,5.1078,12.6329,4.0,4.0,0.3226,-0.8905,0.1534,0.0852,-0.5311,0.041,5.2047,-0.2657,0.2962,0.2475,0.6562,0.0,103.0313
0.975,-2.5968,0.0235,0.0517,0.0519,0.2712,0.7392,165762.8,0.7585,2.7627,12.0183,0.0,4.0,0.7395,-1.9696,0.5607,0.0754,-0.7067,0.0064,14.3851,-0.9399,0.4101,0.403,0.975,0.0235,121.9762
0.405,-2.8231,0.0235,0.566,0.0058,0.3089,0.5969,209921.47,0.5408,3.4987,12.2545,1.0,4.0,0.219,-1.5267,0.3228,0.0293,0.0252,0.0073,0.9538,-0.8069,0.3496,0.2496,0.5969,0.0058,134.0668
0.5765,-11.2437,0.0235,0.2514,0.0,0.2163,0.4127,221376.72,0.2995,3.6896,12.3076,1.0,1.0,0.1726,-3.3671,0.1236,0.0235,-0.0481,0.0051,1.1864,-3.0474,0.2543,0.2043,0.5765,0.0,116.4047
0.7433,-3.2723,0.0266,0.1266,0.127,0.0243,0.6817,171894.34,0.7284,2.8649,12.0546,0.0,4.0,0.5414,-2.3835,0.4965,0.1536,-0.6018,0.0006,5.709,-1.1422,0.3511,0.346,0.7433,0.0243,92.2765
0.6513,-5.784,0.2048,0.437,0.0699,0.1489,0.7596,246022.77,0.0789,4.1004,12.4132,2.0,3.0,0.0514,-0.4565,0.06,0.2746,0.358,0.0305,0.1802,-1.4106,0.3358,0.2823,0.7596,0.0699,101.3206
0.8825,-7.3539,0.0411,0.3745,0.3632,0.0243,0.5672,157729.4,0.7693,2.6288,11.9686,0.0,2.0,0.679,-5.6576,0.4364,0.4043,-0.3949,0.001,2.049,-2.7974,0.4317,0.3322,0.8825,0.0243,148.3556
0.3936,-10.0587,0.086,0.0941,0.0,0.0243,0.3986,267422.06,0.9533,4.457,12.4966,3.0,1.0,0.3753,-9.5893,0.38,0.086,-0.8593,0.0021,10.029,-2.2568,0.2786,0.3407,0.9533,0.0,173.3013
0.6422,-8.8149,0.0235,0.3811,0.33,0.2479,0.764,359941.16,0.1152,5.999,12.7937,4.0,2.0,0.074,-1.0155,0.088,0.3535,0.2659,0.0058,0.3015,-1.4694,0.3577,0.2677,0.764,0.0235,153.7458
0.476,-8.7766,0.0838,0.1313,0.0,0.0243,0.865,184420.98,0.8078,3.0737,12.125,1.0,2.0,0.3845,-7.0897,0.6988,0.0838,-0.6765,0.002,6.1046,-2.8554,0.3412,0.3736,0.865,0.0,115.8058
0.4477,-15.2299,0.0235,0.0639,0.0039,0.1486,0.5697,275824.3,0.9087,4.5971,12.5275,3.0,0.0,0.4068,-13.8389,0.5177,0.0274,-0.8447,0.0035,13.9952,-3.313,0.3094,0.3433,0.9087,0.0039,130.3881
0.5869,-12.8657,0.0365,0.4481,0.0221,0.4316,0.6926,173895.31,0.0495,2.8983,12.0662,0.0,0.0,0.029,-0.6364,0.0343,0.0586,0.3986,0.0157,0.1102,-4.4391,0.3239,0.2832,0.6926,0.0221,185.4272
0.6636,-10.0716,0.1103,0.4817,0.056,0.0746,0.7162,161788.52,0.1549,2.6965,11.9941,0.0,1.0,0.1028,-1.5598,0.1109,0.1663,0.3269,0.0082,0.3208,-3.7351,0.3225,0.2893,0.7162,0.056,90.9421
0.4948,-4.6546,0.0235,0.3179,0.1499,0.2906,0.4443,236549.02,0.8048,3.9425,12.3739,2.0,3.0,0.3982,-3.746,0.3576,0.1734,-0.4869,0.0068,2.5235,-1.1806,0.3608,0.254,0.8048,0.0235,88.464
0.7354,-6.324,0.0947,0.2219,0.0,0.2778,0.3069,226638.97,0.7609,3.7773,12.3311,1.0,3.0,0.5595,-4.8117,0.2335,0.0947,-0.539,0.0263,3.4139,-1.6742,0.3425,0.2967,0.7609,0.0,103.8271
0.7942,-9.6876,0.0519,0.2907,0.0,0.2689,0.633,161617.47,0.3107,2.6936,11.993,0.0,1.0,0.2468,-3.0103,0.1967,0.0519,-0.02,0.014,1.0651,-3.5965,0.3356,0.2884,0.7942,0.0,96.8221
0.7036,-9.3424,0.0235,0.3559,0.0794,0.1341,0.798,210875.45,0.065,3.5146,12.259,1.0,2.0,0.0457,-0.6073,0.0519,0.1029,0.2909,0.0032,0.1821,-2.6582,0.3085,0.3218,0.798,0.0235,87.3318
0.32,-1.357,0.0474,0.2398,0.0,0.0681,0.4938,288916.94,0.918,4.8153,12.5739,3.0,4.0,0.2938,-1.2457,0.4533,0.0474,-0.6782,0.0032,3.8128,-0.2818,0.2982,0.3243,0.918,0.0,127.0214
0.3522,-1.357,0.0685,0.0,0.0,0.0463,0.5712,374491.75,0.874,6.2415,12.8333,4.0,4.0,0.3078,-1.186,0.4992,0.0685,-0.874,0.0032,869.3403,-0.2174,0.2732,0.3412,0.874,0.0,180.3125
0.3567,-5.8903,0.0835,0.0636,0.0,0.0243,0.3776,259725.47,0.6355,4.3288,12.4674,3.0,3.0,0.2267,-3.7431,0.24,0.0835,-0.5719,0.002,9.8444,-1.3607,0.2202,0.2401,0.6355,0.0,140.9056
0.4829,-6.277,0.0419,0.0,0.0,0.3936,0.6127,135946.36,0.4931,2.2658,11.82,0.0,3.0,0.2381,-3.095,0.3021,0.0419,-0.4931,0.0165,490.438,-2.7704,0.2892,0.2655,0.6127,0.0,182.8489
0.8499,-6.3864,0.1116,0.0,0.0798,0.0243,0.8187,350021.72,0.6585,5.8337,12.7658,4.0,3.0,0.5597,-4.2057,0.5391,0.1914,-0.6585,0.0027,655.0224,-1.0948,0.3633,0.392,0.8499,0.0,121.8155
0.4441,-5.8033,0.0235,0.0617,0.0324,0.1605,0.0256,220079.6,0.8869,3.668,12.3017,1.0,3.0,0.3938,-5.1472,0.0227,0.0559,-0.8252,0.0038,14.1438,-1.5822,0.2335,0.325,0.8869,0.0235,153.6442
0.4845,-1.357,0.0841,0.138,0.1371,0.0536,0.2439,281808.84,0.7243,4.6968,12.549,3.0,4.0,0.3509,-0.9828,0.1767,0.2212,-0.5862,0.0045,5.2092,-0.2889,0.2665,0.2481,0.7243,0.0536,103.8717
0.867,-9.5732,0.0235,0.4518,0.0176,0.3905,0.6487,203436.42,0.0719,3.3906,12.2231,1.0,1.0,0.0624,-0.6886,0.0467,0.0411,0.3798,0.0092,0.1589,-2.8235,0.353,0.3324,0.867,0.0176,144.9174
0.6511,-23.7848,0.0458,0.0,0.3147,0.1094,0.4959,234549.66,0.732,3.9092,12.3654,2.0,0.0,0.4766,-17.4105,0.363,0.3605,-0.732,0.005,728.0974,-6.0844,0.3356,0.2974,0.732,0.0,150.6951
0.8245,-11.021,0.0466,0.3065,0.1717,0.0243,0.7401,307345.53,0.6975,5.1224,12.6357,4.0,1.0,0.575,-7.6868,0.5162,0.2183,-0.3909,0.0011,2.268,-2.1515,0.4016,0.3443,0.8245,0.0243,146.7942
0.6628,-15.2299,0.0645,0.995,0.0,0.1526,0.3327,247846.34,0.0079,4.1308,12.4206,2.0,0.0,0.0053,-0.1208,0.0026,0.0645,0.9871,0.0098,0.008,-3.6869,0.3165,0.38,0.995,0.0,120.3699
0.4612,-8.7711,0.1001,0.8186,0.287,0.2363,0.3777,220427.75,0.076,3.6738,12.3033,1.0,2.0,0.0351,-0.6666,0.0287,0.3871,0.7426,0.0237,0.0927,-2.3875,0.3367,0.2536,0.8186,0.076,157.1633
0.4969,-13.0383,0.0479,0.1144,0.0,0.3517,0.5037,237638.86,0.7585,3.9606,12.3785,2.0,0.0,0.3769,-9.8891,0.3821,0.0479,-0.6441,0.0168,6.5725,-3.292,0.3247,0.2819,0.7585,0.0,56.6552
0.649,-6.3903,0.0502,0.5821,0.0415,0.39,0.2999,316421.28,0.2989,5.2737,12.6648,4.0,3.0,0.194,-1.9099,0.0896,0.0916,0.2832,0.0196,0.5126,-1.2117,0.3302,0.2353,0.649,0.0415,121.2839
0.6573,-10.9741,0.0549,0.4243,0.0176,0.1198,0.3865,349914.22,0.0724,5.8319,12.7654,4.0,1.0,0.0476,-0.7945,0.028,0.0725,0.3519,0.0066,0.1702,-1.8817,0.2476,0.2434,0.6573,0.0176,104.2826
0.4418,-12.5858,0.0528,0.0914,0.0471,0.1323,0.4037,239865.81,0.6813,3.9978,12.3878,2.0,0.0,0.301,-8.5751,0.2751,0.0998,-0.59,0.007,7.3769,-3.1482,0.2643,0.2463,0.6813,0.0471,117.5596
0.7106,-2.9776,0.0235,0.2222,0.0434,0.2699,0.4056,256064.25,0.2836,4.2677,12.4532,2.0,4.0,0.2015,-0.8445,0.115,0.0669,-0.0614,0.0063,1.2705,-0.6977,0.2798,0.2332,0.7106,0.0235,97.8674
0.3885,-15.5649,0.0235,0.1845,0.1876,0.3138,0.7433,165063.88,0.3115,2.7511,12.0141,0.0,0.0,0.121,-4.848,0.2315,0.2111,-0.1269,0.0074,1.6789,-5.6578,0.3075,0.2261,0.7433,0.0235,95.0783
0.524,-12.9451,0.146,0.2538,0.0,0.1546,0.6384,139130.16,0.2419,2.3188,11.8432,0.0,0.0,0.1267,-3.131,0.1544,0.146,0.012,0.0226,0.9491,-5.5826,0.2798,0.2244,0.6384,0.0,138.0771
0.7049,-11.1502,0.0899,0.2048,0.339,0.287,0.0256,256971.86,0.6935,4.2829,12.4567,2.0,1.0,0.4889,-7.733,0.0178,0.4288,-0.4888,0.0258,3.3705,-2.6034,0.3349,0.2709,0.7049,0.0256,165.7736
0.4041,-9.3328,0.0792,0.0421,0.0,0.2249,0.9592,246621.12,0.6068,4.1104,12.4156,2.0,2.0,0.2452,-5.6631,0.582,0.0792,-0.5647,0.0178,14.0635,-2.2705,0.3309,0.3521,0.9592,0.0,165.1445
0.7153,-2.5559,0.0235,0.3476,0.0,0.2616,0.0256,236410.3,0.4733,3.9402,12.3733,2.0,4.0,0.3386,-1.2098,0.0121,0.0235,-0.1258,0.0061,1.358,-0.6487,0.2638,0.2704,0.7153,0.0,127.2865
0.5428,-6.898,0.1547,0.4277,0.2299,0.2685,0.4845,236823.94,0.5185,3.9471,12.3751,2.0,3.0,0.2814,-3.5764,0.2512,0.3846,-0.0908,0.0415,1.2094,-1.7476,0.3752,0.1551,0.5428,0.1547,122.4058
0.4477,-6.4115,0.1633,0.0102,0.1177,0.2078,0.0256,305030.3,0.9966,5.0838,12.6282,4.0,3.0,0.4462,-6.3897,0.0255,0.2811,-0.9864,0.0339,88.9956,-1.2612,0.2813,0.3474,0.9966,0.0102,78.4645
0.5524,-6.0393,0.2316,0.3653,0.3285,0.2928,0.6833,328527.62,0.5598,5.4755,12.7024,4.0,3.0,0.3092,-3.3808,0.3825,0.5602,-0.1945,0.0678,1.5282,-1.103,0.4305,0.1677,0.6833,0.2316,130.6072
0.6944,-11.4525,0.0567,0.006,0.1434,0.2296,0.3531,145976.27,0.7155,2.4329,11.8912,0.0,1.0,0.4968,-8.1939,0.2526,0.2002,-0.7095,0.013,102.8217,-4.7073,0.3141,0.29,0.7155,0.006,152.6016
0.8263,-6.6929,0.0708,0.2417,0.0427,0.2708,0.5927,272708.56,0.5309,4.5451,12.5162,3.0,3.0,0.4387,-3.553,0.3146,0.1135,-0.2892,0.0192,2.1874,-1.4725,0.368,0.2906,0.8263,0.0427,106.9047
0.6678,-11.4926,0.1413,0.0,0.2039,0.0243,0.2417,231413.7,0.6939,3.8569,12.352,2.0,1.0,0.4634,-7.9751,0.1677,0.3452,-0.6939,0.0034,690.2337,-2.9798,0.2818,0.2864,0.6939,0.0,145.0662
0.5348,-17.8696,0.0235,0.0125,0.0977,0.0567,0.5641,144580.8,0.9944,2.4097,11.8816,0.0,0.0,0.5318,-17.7695,0.561,0.1212,-0.9819,0.0013,73.5906,-7.4158,0.3263,0.3789,0.9944,0.0125,114.4038
0.6906,-4.8716,0.2357,0.1237,0.067,0.2598,0.6383,302793.34,0.2108,5.0466,12.6208,4.0,3.0,0.1456,-1.0269,0.1346,0.3027,-0.0871,0.0612,1.6911,-0.9653,0.318,0.2462,0.6906,0.067,100.9666
0.6545,-6.7165,0.1089,0.3413,0.07,0.1711,0.3943,241939.73,0.1695,4.0323,12.3964,2.0,3.0,0.111,-1.1387,0.0669,0.1789,0.1717,0.0186,0.4953,-1.6657,0.2728,0.2058,0.6545,0.07,124.9324
0.3366,-13.3467,0.0235,0.0,0.2638,0.1325,0.6581,170184.4,0.2867,2.8364,12.0446,0.0,0.0,0.0965,-3.826,0.1886,0.2873,-0.2867,0.0031,285.1383,-4.7055,0.243,0.2246,0.6581,0.0,137.8922
0.8359,-5.7191,0.099,0.0515,0.0,0.0243,0.931,177700.14,0.6637,2.9617,12.0879,0.0,3.0,0.5548,-3.7956,0.6178,0.099,-0.6122,0.0024,12.6421,-1.9311,0.3722,0.4182,0.931,0.0,142.554
0.3949,-13.0749,0.026,0.077,0.0,0.1191,0.5059,230302.84,0.9879,3.8384,12.3472,2.0,0.0,0.3901,-12.9171,0.4998,0.026,-0.9109,0.0031,12.6663,-3.4064,0.3015,0.3587,0.9879,0.0,147.0794
0.9057,-14.8914,0.0235,0.1849,0.0055,0.4498,0.28,264523.16,0.1709,4.4087,12.4857,3.0,0.0,0.1548,-2.5444,0.0478,0.029,0.0141,0.0106,0.919,-3.3777,0.2886,0.3114,0.9057,0.0055,143.2932
0.554,-13.9233,0.0235,0.4918,0.0,0.117,0.7247,175023.98,0.2226,2.9171,12.0727,0.0,0.0,0.1233,-3.0993,0.1613,0.0235,0.2692,0.0028,0.4517,-4.7731,0.3048,0.285,0.7247,0.0,112.2152
0.6548,-2.8392,0.0235,0.5391,0.1456,0.141,0.5839,177951.22,0.2661,2.9659,12.0893,0.0,4.0,0.1742,-0.7554,0.1553,0.1691,0.273,0.0033,0.4926,-0.9573,0.3363,0.252,0.6548,0.0235,133.311
0.7595,-10.6714,0.0587,0.1323,0.1605,0.0881,0.5857,222912.52,0.2651,3.7152,12.3145,1.0,1.0,0.2013,-2.8286,0.1553,0.2192,-0.1328,0.0052,1.9887,-2.8724,0.2928,0.2721,0.7595,0.0587,134.1213
0.7681,-4.45,0.1112,0.7477,0.1631,0.3736,0.6478,230631.19,0.1372,3.8439,12.3486,2.0,3.0,0.1054,-0.6105,0.0889,0.2743,0.6105,0.0416,0.1832,-1.1577,0.4212,0.2955,0.7681,0.1112,92.8815
0.6907,-7.7837,0.2027,0.0,0.0,0.326,0.978,247055.2,0.8885,4.1176,12.4174,2.0,2.0,0.6137,-6.9155,0.8689,0.2027,-0.8885,0.0661,883.7299,-1.8903,0.4409,0.4103,0.978,0.0,143.973
0.4881,-15.0383,0.0235,0.5966,0.103,0.1699,0.4571,267049.0,0.5275,4.4508,12.4952,3.0,0.0,0.2574,-7.9322,0.2411,0.1265,0.0692,0.004,0.8826,-3.3788,0.3379,0.2316,0.5966,0.0235,105.583
0.6469,-8.9433,0.1539,0.0,0.1437,0.0672,0.2417,312424.78,0.7261,5.2071,12.6521,4.0,2.0,0.4698,-6.4941,0.1755,0.2975,-0.7261,0.0103,722.262,-1.7175,0.2828,0.2867,0.7261,0.0,147.0085
0.7715,-11.9981,0.1328,0.1337,0.0,0.1228,0.6521,237055.72,0.5804,3.9509,12.3761,2.0,1.0,0.4478,-6.9637,0.3785,0.1328,-0.4467,0.0163,4.3079,-3.0368,0.3419,0.3135,0.7715,0.0,53.3841
0.3836,-7.4585,0.1113,0.0,0.0,0.2383,0.5356,151410.3,0.9535,2.5235,11.9278,0.0,2.0,0.3658,-7.112,0.5107,0.1113,-0.9535,0.0265,948.4496,-2.9556,0.3175,0.3432,0.9535,0.0,84.8975
0.6308,-14.0956,0.153,0.3671,0.1265,0.362,0.0256,246078.44,0.68,4.1013,12.4134,2.0,0.0,0.429,-9.585,0.0174,0.2795,-0.3129,0.0554,1.8475,-3.4369,0.335,0.2519,0.68,0.0256,108.0192
0.4895,-2.6057,0.1269,0.0,0.2597,0.4053,0.3512,291326.72,0.5274,4.8554,12.5822,4.0,4.0,0.2582,-1.3743,0.1852,0.3866,-0.5274,0.0514,524.5882,-0.5367,0.3086,0.1925,0.5274,0.0,97.1919
0.975,-15.8788,0.1151,0.0847,0.0,0.0949,0.3546,217502.27,0.7551,3.625,12.29,1.0,0.0,0.7362,-11.9895,0.2677,0.1151,-0.6704,0.0109,8.8151,-4.3803,0.3399,0.3802,0.975,0.0,88.7053
0.7371,-1.6945,0.1181,0.0,0.0,0.3229,0.3975,169994.58,0.5645,2.8332,12.0435,0.0,4.0,0.4161,-0.9566,0.2244,0.1181,-0.5645,0.0381,561.5236,-0.5981,0.3057,0.284,0.7371,0.0,98.3235
0.6466,-5.6344,0.1836,0.0,0.1388,0.0243,0.7899,266840.84,0.4861,4.4473,12.4944,3.0,3.0,0.3143,-2.7387,0.3839,0.3225,-0.4861,0.0045,483.4752,-1.2669,0.3242,0.3152,0.7899,0.0,127.3044
0.5078,-10.0711,0.1105,0.5392,0.0,0.0939,0.978,313414.7,0.0945,5.2236,12.6553,4.0,1.0,0.048,-0.9514,0.0924,0.1105,0.4448,0.0104,0.1749,-1.928,0.332,0.3567,0.978,0.0,135.0379
0.7908,-6.8723,0.0838,0.3095,0.1881,0.2751,0.488,165931.94,0.1017,2.7655,12.0193,0.0,3.0,0.0804,-0.6987,0.0496,0.2719,0.2078,0.023,0.3274,-2.485,0.3196,0.2493,0.7908,0.0838,97.7084
0.5526,-2.9488,0.0235,0.2037,0.0,0.0944,0.4608,241404.42,0.7949,4.0234,12.3942,2.0,4.0,0.4393,-2.3439,0.3663,0.0235,-0.5911,0.0022,3.8822,-0.7329,0.3043,0.3034,0.7949,0.0,107.9476
0.975,-6.8849,0.0795,0.0,0.0493,0.2328,0.4956,268047.03,0.5419,4.4675,12.4989,3.0,3.0,0.5283,-3.7307,0.2686,0.1288,-0.5419,0.0185,538.9777,-1.5411,0.3392,0.353,0.975,0.0,165.0399
0.6654,-2.1633,0.0316,0.5673,0.0,0.2226,0.5501,244481.52,0.2434,4.0747,12.4069,2.0,4.0,0.162,-0.5266,0.1339,0.0316,0.3239,0.007,0.4283,-0.5309,0.3258,0.269,0.6654,0.0,117.0144
0.4855,-10.2711,0.1169,0.23,0.043,0.1326,0.6111,315881.0,0.1392,5.2647,12.6631,4.0,1.0,0.0676,-1.4297,0.0851,0.1599,0.0908,0.0155,0.6027,-1.9509,0.2512,0.2133,0.6111,0.043,154.8519
0.7889,-5.9147,0.1301,0.3436,0.0,0.0243,0.4524,161371.81,0.6994,2.6895,11.9915,0.0,3.0,0.5517,-4.1368,0.3164,0.1301,-0.3558,0.0032,2.0299,-2.1992,0.3484,0.3168,0.7889,0.0,165.8365
0.6342,-5.9182,0.0235,0.4834,0.1537,0.078,0.3319,137094.94,0.3613,2.2849,11.8284,0.0,3.0,0.2291,-2.138,0.1199,0.1772,0.1222,0.0018,0.7458,-2.5901,0.2952,0.2225,0.6342,0.0235,125.8157
0.569,-9.0957,0.0235,0.066,0.0793,0.3261,0.3769,237962.14,0.3692,3.966,12.3799,2.0,2.0,0.2101,-3.3581,0.1392,0.1028,-0.3032,0.0077,5.5118,-2.2934,0.2586,0.2048,0.569,0.0235,125.8157
0.6764,-11.9775,0.1689,0.0924,0.0,0.23,0.7343,223844.02,0.2494,3.7307,12.3187,1.0,1.0,0.1687,-2.9872,0.1831,0.1689,-0.157,0.0388,2.6695,-3.2105,0.3073,0.2851,0.7343,0.0,111.7791
0.5316,-17.5969,0.0567,0.2445,0.0523,0.0409,0.2621,280014.66,0.6605,4.6669,12.5426,3.0,0.0,0.3511,-11.6221,0.1731,0.1091,-0.416,0.0023,2.6907,-3.7706,0.2641,0.2472,0.6605,0.0409,150.093
0.68,-5.4569,0.06,0.0,0.1599,0.3146,0.5517,295527.84,0.4881,4.9255,12.5965,4.0,3.0,0.3319,-2.6633,0.2693,0.2199,-0.4881,0.0189,485.4646,-1.1079,0.322,0.2605,0.68,0.0,107.0333
0.7812,-7.2986,0.0235,0.2678,0.1134,0.1239,0.7236,325732.1,0.5037,5.4289,12.6938,4.0,2.0,0.3935,-3.676,0.3645,0.1369,-0.2359,0.0029,1.874,-1.3444,0.3624,0.3078,0.7812,0.0235,126.1442
0.5717,-2.4811,0.0864,0.2351,0.2628,0.2314,0.6825,63973.0,0.3306,1.0662,11.0662,0.0,4.0,0.189,-0.8203,0.2256,0.3492,-0.0955,0.02,1.4003,-2.327,0.3429,0.2098,0.6825,0.0864,144.3794
0.5784,-11.6691,0.091,0.1936,0.0,0.1726,0.7968,302850.06,0.0961,5.0475,12.621,4.0,1.0,0.0556,-1.1218,0.0766,0.091,0.0975,0.0157,0.4939,-2.3118,0.2755,0.2952,0.7968,0.0,97.1232
0.678,-7.8344,0.0235,0.2761,0.0301,0.1714,0.7681,168967.97,0.0993,2.8161,12.0375,0.0,2.0,0.0673,-0.7777,0.0762,0.0536,0.1768,0.004,0.3582,-2.782,0.2924,0.3077,0.7681,0.0235,80.5592
0.7907,-5.0047,0.0235,0.0,0.118,0.119,0.3865,220709.56,0.9643,3.6785,12.3046,1.0,3.0,0.7625,-4.8259,0.3727,0.1415,-0.9643,0.0028,959.1257,-1.3605,0.3431,0.3892,0.9643,0.0,93.4329
0.7392,-2.0773,0.0258,0.0925,0.0,0.2339,0.552,210837.66,0.3475,3.514,12.2588,1.0,4.0,0.2569,-0.7219,0.1918,0.0258,-0.255,0.006,3.7159,-0.5912,0.2844,0.2798,0.7392,0.0,131.9813
0.975,-9.3716,0.0235,0.0,0.237,0.0301,0.373,241151.67,0.2461,4.0192,12.3932,2.0,2.0,0.2399,-2.306,0.0918,0.2605,-0.2461,0.0007,244.7548,-2.3317,0.2692,0.3417,0.975,0.0,134.6916
0.7575,-4.3823,0.0235,0.6391,0.3029,0.1425,0.654,360024.8,0.0784,6.0004,12.7939,4.0,3.0,0.0594,-0.3436,0.0513,0.3264,0.5607,0.0033,0.1225,-0.7303,0.3711,0.3067,0.7575,0.0235,104.9124
0.8265,-7.0775,0.1423,0.0417,0.0866,0.4568,0.9075,270027.8,0.5179,4.5005,12.5063,3.0,2.0,0.428,-3.6652,0.47,0.2289,-0.4762,0.065,12.1257,-1.5726,0.4256,0.3524,0.9075,0.0417,84.4938
0.7343,-17.3759,0.0838,0.454,0.23,0.1491,0.9269,250278.06,0.1955,4.1713,12.4303,2.0,0.0,0.1436,-3.3976,0.1812,0.3138,0.2585,0.0125,0.4297,-4.1656,0.3962,0.323,0.9269,0.0838,88.1444
0.5835,-4.5691,0.0235,0.5343,0.0,0.0774,0.6596,316523.78,0.3202,5.2754,12.6652,4.0,3.0,0.1868,-1.463,0.2112,0.0235,0.2141,0.0018,0.5981,-0.8661,0.3141,0.2827,0.6596,0.0,115.4687
0.5691,-5.2215,0.0235,0.0,0.009,0.3514,0.5916,250518.05,0.7838,4.1753,12.4313,2.0,3.0,0.4461,-4.0926,0.4637,0.0325,-0.7838,0.0083,779.6212,-1.2506,0.3326,0.326,0.7838,0.0,138.8233
0.446,-17.177,0.0559,0.471,0.0,0.0243,0.6535,133860.23,0.844,2.231,11.8046,0.0,0.0,0.3764,-14.4974,0.5515,0.0559,-0.373,0.0014,1.788,-7.6992,0.3564,0.3354,0.844,0.0,146.5478
0.8273,-12.6736,0.1689,0.2266,0.0,0.2214,0.9384,359946.88,0.0989,5.9991,12.7937,4.0,0.0,0.0818,-1.253,0.0928,0.1689,0.1277,0.0374,0.4344,-2.1126,0.3545,0.3706,0.9384,0.0,107.4166
0.8828,-7.9591,0.0235,0.0,0.2362,0.1664,0.6093,310870.78,0.6825,5.1812,12.6471,4.0,2.0,0.6025,-5.4318,0.4158,0.2597,-0.6825,0.0039,678.8281,-1.5361,0.3715,0.3498,0.8828,0.0,62.509
0.975,-6.0735,0.0477,0.0865,0.0965,0.1239,0.598,255862.62,0.6965,4.2644,12.4524,2.0,3.0,0.6791,-4.23,0.4165,0.1442,-0.6099,0.0059,7.958,-1.4242,0.3749,0.3751,0.975,0.0477,114.8049
0.4025,-1.357,0.0716,0.3279,0.141,0.1265,0.978,275823.6,0.2379,4.5971,12.5275,3.0,4.0,0.0957,-0.3228,0.2326,0.2126,0.0901,0.0091,0.7231,-0.2952,0.3265,0.3102,0.978,0.0716,125.7426
0.6869,-13.0838,0.0235,0.373,0.1408,0.2925,0.0256,203352.06,0.5645,3.3892,12.2227,1.0,0.0,0.3878,-7.3853,0.0145,0.1643,-0.1915,0.0069,1.5093,-3.8604,0.301,0.2589,0.6869,0.0235,122.1437
0.6221,-3.9864,0.1188,0.2799,0.1334,0.0243,0.4026,277538.38,0.5715,4.6256,12.5337,3.0,3.0,0.3555,-2.2781,0.2301,0.2521,-0.2916,0.0029,2.0347,-0.8618,0.3075,0.2326,0.6221,0.0243,158.9105
0.544,-13.7389,0.1719,0.0,0.3898,0.1386,0.4415,241917.08,0.9988,4.032,12.3964,2.0,0.0,0.5434,-13.7224,0.441,0.5617,-0.9988,0.0238,993.475,-3.4075,0.3835,0.3316,0.9988,0.0,79.6002
0.381,-6.2341,0.0235,0.0983,0.2565,0.0469,0.2424,222655.39,0.6926,3.7109,12.3134,1.0,3.0,0.2639,-4.3177,0.1679,0.28,-0.5943,0.0011,6.9771,-1.6799,0.2487,0.2341,0.6926,0.0235,100.8652
0.6579,-6.3906,0.171,0.3856,0.0164,0.2571,0.6467,241664.52,0.2185,4.0277,12.3953,2.0,3.0,0.1438,-1.3965,0.1413,0.1875,0.167,0.044,0.5653,-1.5866,0.3362,0.2422,0.6579,0.0164,151.5512
0.7374,-1.357,0.0469,0.0,0.0,0.1145,0.6933,224494.05,0.5259,3.7416,12.3216,1.0,4.0,0.3878,-0.7136,0.3646,0.0469,-0.5259,0.0054,523.063,-0.3627,0.3026,0.3355,0.7374,0.0,117.8378
0.6618,-14.8987,0.0508,0.0086,0.0298,0.056,0.6322,233535.83,0.5771,3.8923,12.3611,2.0,0.0,0.3819,-8.5976,0.3648,0.0807,-0.5684,0.0028,59.9149,-3.8278,0.288,0.3153,0.6618,0.0086,130.3881
0.975,-11.8146,0.0892,0.3481,0.2281,0.2465,0.7159,309044.5,0.0254,5.1507,12.6412,4.0,1.0,0.0248,-0.3001,0.0182,0.3172,0.3227,0.022,0.0728,-2.2938,0.3754,0.3462,0.975,0.0254,88.9629
0.8577,-12.9291,0.097,0.3049,0.0,0.045,0.7597,236599.9,0.8957,3.9433,12.3741,2.0,0.0,0.7682,-11.5802,0.6805,0.0971,-0.5907,0.0044,2.9275,-3.2787,0.4229,0.4016,0.8957,0.0,112.2883
0.7229,-1.357,0.0235,0.1059,0.0,0.1366,0.3029,141226.28,0.7433,2.3538,11.8581,0.0,4.0,0.5374,-1.0087,0.2251,0.0235,-0.6374,0.0032,6.952,-0.5765,0.2907,0.3177,0.7433,0.0,65.1936
0.4596,-13.8821,0.0397,0.0,0.1918,0.2479,0.755,231856.36,0.5663,3.8643,12.3539,2.0,0.0,0.2603,-7.8619,0.4276,0.2315,-0.5663,0.0098,563.314,-3.5924,0.3229,0.2805,0.755,0.0,132.1079
0.6896,-9.7338,0.0858,0.1924,0.2396,0.1828,0.978,172459.33,0.2048,2.8743,12.0579,0.0,1.0,0.1412,-1.9935,0.2003,0.3254,-0.0124,0.0157,1.0588,-3.3865,0.3676,0.3325,0.978,0.0858,77.8252
0.8589,-12.148,0.0987,0.0788,0.069,0.0243,0.7352,141449.64,0.6517,2.3575,11.8597,0.0,1.0,0.5597,-7.9164,0.4791,0.1677,-0.5728,0.0024,8.1638,-5.1529,0.3595,0.3696,0.8589,0.0243,129.3614
0.5812,-8.2958,0.0979,0.0997,0.4108,0.0243,0.6529,232977.08,0.7223,3.883,12.3587,2.0,2.0,0.4198,-5.9918,0.4716,0.5087,-0.6225,0.0024,7.1709,-2.1365,0.3699,0.2936,0.7223,0.0243,115.4178
0.6647,-13.4904,0.0276,0.1546,0.2746,0.1433,0.4926,156685.14,0.1054,2.6114,11.962,0.0,0.0,0.0701,-1.4219,0.0519,0.3023,0.0492,0.004,0.6775,-5.1659,0.2661,0.2311,0.6647,0.0276,76.4711
0.5946,-1.7266,0.0783,0.1233,0.0,0.0243,0.5673,141851.55,0.6828,2.3642,11.8625,0.0,4.0,0.406,-1.179,0.3874,0.0783,-0.5595,0.0019,5.4916,-0.7303,0.2958,0.3031,0.6828,0.0,99.5717
0.4618,-18.0906,0.0918,0.1867,0.0,0.0243,0.6934,244910.72,0.4028,4.0818,12.4087,2.0,0.0,0.186,-7.2869,0.2793,0.0918,-0.2161,0.0022,2.1457,-4.432,0.2658,0.26,0.6934,0.0,84.5232
0.7171,-9.8591,0.0774,0.3741,0.0106,0.2869,0.4938,232899.56,0.054,3.8817,12.3584,2.0,1.0,0.0387,-0.5324,0.0267,0.088,0.3201,0.0222,0.144,-2.5399,0.2877,0.2614,0.7171,0.0106,148.2578
0.774,-8.3379,0.0889,0.454,0.0,0.1524,0.5349,271416.34,0.0636,4.5236,12.5114,3.0,2.0,0.0492,-0.5303,0.034,0.0889,0.3904,0.0135,0.1398,-1.8432,0.2954,0.2932,0.774,0.0,144.863
0.5564,-5.876,0.0256,0.4856,0.0,0.2187,0.9287,267047.3,0.6035,4.4508,12.4952,3.0,3.0,0.3358,-3.5464,0.5605,0.0256,-0.118,0.0056,1.2404,-1.3202,0.4026,0.3381,0.9287,0.0,133.7154
0.5391,-9.8792,0.0235,0.3095,0.0496,0.171,0.528,296877.75,0.1224,4.948,12.6011,4.0,1.0,0.066,-1.2092,0.0646,0.0731,0.1871,0.004,0.3942,-1.9966,0.249,0.2154,0.5391,0.0235,110.1701
0.6401,-11.9596,0.1556,0.1869,0.0527,0.0876,0.7665,283301.72,0.094,4.7217,12.5543,3.0,1.0,0.0602,-1.1242,0.072,0.2083,0.0929,0.0136,0.5002,-2.5329,0.2833,0.2926,0.7665,0.0527,129.6589
0.5589,-4.9396,0.07,0.2234,0.065,0.0243,0.2668,171895.8,0.7921,2.8649,12.0546,0.0,3.0,0.4428,-3.9129,0.2114,0.135,-0.5687,0.0017,3.5297,-1.7242,0.2858,0.2884,0.7921,0.0243,131.6651
0.716,-11.9343,0.0626,0.4579,0.0,0.0243,0.6689,315580.3,0.6605,5.2597,12.6622,4.0,1.0,0.4729,-7.8822,0.4418,0.0626,-0.2025,0.0015,1.4391,-2.269,0.37,0.3297,0.716,0.0,137.2346
0.5059,-7.1859,0.0752,0.0,0.3379,0.4057,0.0256,172876.75,0.9463,2.8813,12.0603,0.0,2.0,0.4788,-6.8002,0.0242,0.4132,-0.9463,0.0305,941.288,-2.494,0.3281,0.3374,0.9463,0.0,68.145
0.5736,-1.357,0.1457,0.995,0.3474,0.0983,0.8671,367918.8,0.8472,6.132,12.8156,4.0,4.0,0.486,-1.1497,0.7346,0.4932,0.1478,0.0143,0.8506,-0.2213,0.5535,0.3642,0.995,0.0983,126.4711
0.6588,-11.2761,0.0235,0.3838,0.0,0.1857,0.6111,208886.97,0.0393,3.4814,12.2496,1.0,1.0,0.0259,-0.4428,0.024,0.0235,0.3445,0.0044,0.1021,-3.2389,0.2718,0.2812,0.6588,0.0,163.2288
0.4924,-9.4697,0.1928,0.2959,0.0939,0.297,0.4778,259941.7,0.4668,4.3324,12.4682,3.0,2.0,0.2299,-4.4205,0.2231,0.2868,-0.1709,0.0573,1.572,-2.1858,0.331,0.1548,0.4924,0.0939,96.9434
0.9588,-1.357,0.0235,0.1669,0.0865,0.2781,0.454,168862.33,0.6789,2.8144,12.0368,0.0,4.0,0.6509,-0.9212,0.3082,0.11,-0.512,0.0065,4.0432,-0.4822,0.3781,0.3413,0.9588,0.0235,82.5954
0.4599,-15.9572,0.1613,0.4714,0.0923,0.2771,0.6918,252281.38,0.0644,4.2047,12.4383,2.0,0.0,0.0296,-1.0276,0.0446,0.2536,0.407,0.0447,0.1363,-3.7951,0.3169,0.2327,0.6918,0.0644,131.3206
0.6394,-11.0533,0.0685,0.4848,0.1369,0.2645,0.3812,250845.19,0.5968,4.1808,12.4326,2.0,1.0,0.3816,-6.5966,0.2275,0.2054,-0.112,0.0181,1.2284,-2.6439,0.3675,0.2212,0.6394,0.0685,91.6848
0.8045,-9.6876,0.0645,0.995,0.0,0.2364,0.6672,288427.2,0.2813,4.8071,12.5722,3.0,1.0,0.2263,-2.7248,0.1877,0.0645,0.7137,0.0152,0.2824,-2.0153,0.4356,0.3859,0.995,0.0,84.6539
0.8691,-9.8674,0.0814,0.3436,0.1414,0.3028,0.4596,182993.23,0.0394,3.0499,12.1172,1.0,1.0,0.0342,-0.3888,0.0181,0.2229,0.3042,0.0247,0.1143,-3.2353,0.3196,0.2856,0.8691,0.0394,95.6622
0.832,-12.6127,0.0919,0.5067,0.2729,0.2945,0.472,173731.0,0.1675,2.8955,12.0653,0.0,0.0,0.1393,-2.1122,0.0791,0.3648,0.3393,0.0271,0.3298,-4.3559,0.3768,0.2502,0.832,0.0919,115.7038
0.5389,-1.357,0.0879,0.4499,0.2217,0.1539,0.8142,174516.75,0.5717,2.9086,12.0698,0.0,4.0,0.3081,-0.7758,0.4654,0.3096,-0.1218,0.0135,1.2678,-0.4665,0.4055,0.2622,0.8142,0.0879,137.9778
0.5679,-1.357,0.0529,0.4814,0.0,0.3056,0.0256,226557.62,0.5879,3.776,12.3308,1.0,4.0,0.3339,-0.7977,0.015,0.0529,-0.1064,0.0162,1.2186,-0.3594,0.2888,0.2624,0.5879,0.0,87.8574
0.7889,-1.7049,0.057,0.0,0.2336,0.0243,0.0383,161393.66,0.8763,2.6899,11.9916,0.0,4.0,0.6913,-1.4939,0.0335,0.2906,-0.8763,0.0014,871.5949,-0.6338,0.2883,0.3804,0.8763,0.0,103.1063
0.6988,-9.6463,0.1406,0.5612,0.0566,0.45,0.978,177060.62,0.0045,2.951,12.0843,0.0,1.0,0.0032,-0.0437,0.0044,0.1973,0.5566,0.0633,0.0081,-3.2688,0.4128,0.3634,0.978,0.0045,114.0398
0.8494,-2.0801,0.1185,0.0,0.0,0.0663,0.978,266946.12,0.9223,4.4491,12.4948,3.0,4.0,0.7833,-1.9184,0.902,0.1185,-0.9223,0.0079,917.3497,-0.4675,0.4192,0.4685,0.978,0.0,98.2323
0.6399,-13.9366,0.0939,0.3924,0.2856,0.3469,0.5666,253723.31,0.1144,4.2287,12.444,2.0,0.0,0.0732,-1.5943,0.0648,0.3796,0.278,0.0326,0.2908,-3.2957,0.3485,0.2074,0.6399,0.0939,111.3019
0.32,-5.3316,0.0956,0.4728,0.0909,0.0409,0.0256,224249.75,0.9235,3.7375,12.3205,1.0,3.0,0.2956,-4.9235,0.0236,0.1866,-0.4507,0.0039,1.9491,-1.4265,0.2813,0.3277,0.9235,0.0256,66.7203
0.6698,-8.7529,0.1249,0.2533,0.0799,0.0243,0.352,208062.44,0.7259,3.4677,12.2456,1.0,2.0,0.4862,-6.3534,0.2555,0.2048,-0.4726,0.003,2.8542,-2.5241,0.3186,0.2816,0.7259,0.0243,112.1626
0.8791,-13.6071,0.1459,0.5128,0.067,0.2363,0.3975,265934.47,0.074,4.4322,12.491,3.0,0.0,0.0651,-1.0069,0.0294,0.2129,0.4388,0.0345,0.144,-3.07,0.3304,0.2935,0.8791,0.067,123.9323
0.5342,-8.8595,0.0812,0.0583,0.0,0.123,0.4024,210417.52,0.4967,3.507,12.2569,1.0,2.0,0.2653,-4.4008,0.1999,0.0812,-0.4384,0.01,8.3703,-2.5262,0.2423,0.2267,0.5342,0.0,110.2042
0.5299,-3.2589,0.2371,0.1067,0.2759,0.0243,0.3534,252901.1,0.939,4.215,12.4408,2.0,4.0,0.4976,-3.0601,0.3319,0.513,-0.8323,0.0058,8.7214,-0.7732,0.3523,0.3063,0.939,0.0243,85.3384
0.8268,-5.9818,0.0235,0.1205,0.1659,0.0998,0.2625,276967.3,0.5035,4.6161,12.5317,3.0,3.0,0.4163,-3.0116,0.1322,0.1894,-0.3829,0.0023,4.1431,-1.2958,0.2861,0.2845,0.8268,0.0235,150.476
0.6528,-4.6571,0.1003,0.4834,0.0839,0.2806,0.4166,227837.64,0.3178,3.7973,12.3364,1.0,3.0,0.2075,-1.48,0.1324,0.1842,0.1656,0.0281,0.656,-1.2264,0.3336,0.2046,0.6528,0.0839,136.7682
0.4467,-11.1048,0.0235,0.0963,0.0,0.107,0.3469,264109.1,0.823,4.4018,12.4841,3.0,1.0,0.3677,-9.1392,0.2855,0.0235,-0.7267,0.0025,8.4552,-2.5228,0.2633,0.2981,0.823,0.0,90.0003
0.6769,-5.3888,0.1566,0.2416,0.1867,0.1169,0.978,156830.02,0.3901,2.6138,11.9629,0.0,3.0,0.264,-2.102,0.3815,0.3434,-0.1485,0.0183,1.6081,-2.0617,0.3924,0.3216,0.978,0.1169,104.836
0.6461,-10.9171,0.0557,0.2769,0.2024,0.0622,0.0256,282819.72,0.6864,4.7137,12.5526,3.0,1.0,0.4435,-7.4935,0.0176,0.2581,-0.4095,0.0035,2.4702,-2.316,0.2793,0.2792,0.6864,0.0256,114.407
0.678,-1.357,0.0995,0.3556,0.126,0.3414,0.7716,216732.36,0.3058,3.6122,12.2864,1.0,4.0,0.2073,-0.415,0.236,0.2255,0.0498,0.034,0.8575,-0.3757,0.3826,0.2559,0.7716,0.0995,110.2183
0.975,-7.7444,0.137,0.0425,0.0994,0.3538,0.667,278922.9,0.5599,4.6487,12.5387,3.0,2.0,0.5459,-4.3358,0.3734,0.2364,-0.5174,0.0485,12.8757,-1.6659,0.4049,0.3456,0.975,0.0425,139.3574
0.975,-13.693,0.0554,0.0818,0.2925,0.2268,0.611,313475.88,0.9533,5.2246,12.6555,4.0,0.0,0.9295,-13.054,0.5825,0.3479,-0.8715,0.0126,11.5082,-2.6209,0.4566,0.3917,0.975,0.0554,96.8979
0.6331,-4.245,0.0235,0.2221,0.0,0.2856,0.3956,233506.72,0.5082,3.8918,12.361,2.0,3.0,0.3217,-2.1573,0.2011,0.0235,-0.2861,0.0067,2.2782,-1.0908,0.2954,0.2367,0.6331,0.0,137.165
0.4314,-5.7201,0.0906,0.7155,0.3298,0.271,0.0256,177729.67,0.6879,2.9622,12.088,0.0,3.0,0.2968,-3.9351,0.0176,0.4204,0.0276,0.0245,0.9601,-1.9311,0.3645,0.2684,0.7155,0.0256,99.9434
0.4636,-12.7548,0.1087,0.2333,0.144,0.0243,0.462,349919.88,0.5518,5.832,12.7655,4.0,0.0,0.2558,-7.0381,0.255,0.2527,-0.3185,0.0026,2.3546,-2.187,0.284,0.2066,0.5518,0.0243,92.9148
0.5661,-5.304,0.0235,0.0573,0.1423,0.1176,0.4023,217829.34,0.8321,3.6305,12.2915,1.0,3.0,0.4711,-4.4136,0.3348,0.1658,-0.7748,0.0028,14.2697,-1.461,0.3059,0.3049,0.8321,0.0235,104.5872
0.975,-14.162,0.0235,0.0661,0.0595,0.3147,0.3727,317973.5,0.6105,5.2996,12.6697,4.0,0.0,0.5952,-8.6454,0.2275,0.083,-0.5443,0.0074,9.0938,-2.6723,0.346,0.3492,0.975,0.0235,145.7811
0.7538,-8.8476,0.077,0.1577,0.0257,0.1689,0.4846,269879.44,0.5105,4.498,12.5057,3.0,2.0,0.3848,-4.517,0.2474,0.1026,-0.3528,0.013,3.216,-1.967,0.3112,0.2726,0.7538,0.0257,138.6567
0.6834,-8.0041,0.0345,0.4149,0.2924,0.1314,0.3623,331100.1,0.0817,5.5183,12.7102,4.0,2.0,0.0559,-0.6542,0.0296,0.3269,0.3332,0.0045,0.1965,-1.4505,0.2858,0.227,0.6834,0.0345,95.371
0.8069,-11.1887,0.0888,0.3678,0.0621,0.3976,0.5921,209533.81,0.0675,3.4922,12.2526,1.0,1.0,0.0544,-0.7549,0.0399,0.151,0.3003,0.0353,0.183,-3.2039,0.3404,0.2887,0.8069,0.0621,91.8837
0.7546,-11.0148,0.0934,0.0456,0.2437,0.2765,0.5736,228238.77,0.4777,3.804,12.3382,1.0,1.0,0.3605,-5.2621,0.274,0.3371,-0.4321,0.0258,10.2481,-2.8956,0.3522,0.2599,0.7546,0.0456,95.8334
0.4879,-11.4913,0.064,0.5666,0.0515,0.3559,0.8562,205568.64,0.0519,3.4261,12.2335,1.0,1.0,0.0253,-0.5968,0.0445,0.1155,0.5146,0.0228,0.0915,-3.354,0.3477,0.3114,0.8562,0.0515,115.0398
0.9591,-9.2901,0.1167,0.3039,0.0,0.2434,0.4827,224371.72,0.1378,3.7395,12.3211,1.0,2.0,0.1322,-1.2802,0.0665,0.1167,0.1661,0.0284,0.4519,-2.4843,0.3205,0.3209,0.9591,0.0,117.6034
0.4414,-15.0414,0.0243,0.0,0.0,0.0614,0.978,291226.62,0.5668,4.8538,12.5819,3.0,0.0,0.2502,-8.5255,0.5543,0.0243,-0.5668,0.0015,563.7782,-3.0989,0.296,0.3794,0.978,0.0,103.0862
0.4612,-1.357,0.1121,0.2617,0.0,0.0243,0.6836,221823.95,0.4309,3.6971,12.3096,1.0,4.0,0.1987,-0.5847,0.2945,0.1121,-0.1691,0.0027,1.6399,-0.367,0.282,0.2552,0.6836,0.0,118.457
0.5826,-6.2646,0.0235,0.0,0.365,0.365,0.3558,231812.02,0.8543,3.8635,12.3537,2.0,3.0,0.4977,-5.3517,0.3039,0.3885,-0.8543,0.0086,849.7122,-1.6215,0.3637,0.2991,0.8543,0.0,103.6312
0.6766,-3.6758,0.0235,0.0,0.0,0.181,0.4866,270167.8,0.3821,4.5028,12.5068,3.0,4.0,0.2585,-1.4044,0.1859,0.0235,-0.3821,0.0043,380.0297,-0.8163,0.25,0.2697,0.6766,0.0,124.8907
0.5557,-9.1028,0.0851,0.1134,0.0751,0.0845,0.631,307577.44,0.6936,5.1263,12.6365,4.0,2.0,0.3855,-6.3137,0.4376,0.1602,-0.5802,0.0072,6.0608,-1.7757,0.3198,0.2902,0.6936,0.0751,106.1853
0.8391,-7.947,0.104,0.2033,0.157,0.3898,0.5312,157967.56,0.2837,2.6328,11.9702,0.0,2.0,0.238,-2.2543,0.1507,0.2611,-0.0803,0.0406,1.3883,-3.0185,0.3583,0.2571,0.8391,0.104,98.9311
0.3531,-7.1425,0.1636,0.1065,0.0,0.3301,0.4725,171276.88,0.8193,2.8546,12.051,0.0,2.0,0.2893,-5.8516,0.3871,0.1636,-0.7128,0.054,7.6237,-2.5021,0.3207,0.2727,0.8193,0.0,163.9747
0.4064,-7.004,0.032,0.407,0.0,0.137,0.8561,283513.12,0.2039,4.7252,12.555,3.0,2.0,0.0829,-1.4279,0.1745,0.032,0.2032,0.0044,0.4996,-1.4823,0.2918,0.297,0.8561,0.0,58.2233
0.975,-9.8912,0.1603,0.323,0.0,0.0243,0.8583,181586.53,0.8293,3.0264,12.1095,0.0,1.0,0.8086,-8.2031,0.7118,0.1603,-0.5064,0.0039,2.5599,-3.2683,0.4529,0.4223,0.975,0.0,100.2726
0.5615,-6.7801,0.0456,0.4818,0.023,0.2058,0.978,284819.03,0.5048,4.747,12.5596,3.0,3.0,0.2834,-3.4226,0.4937,0.0686,-0.023,0.0094,1.0456,-1.4283,0.4001,0.3375,0.978,0.023,143.1757
0.8986,-14.8276,0.0242,0.4908,0.2514,0.0243,0.4812,220423.73,0.2225,3.6737,12.3033,1.0,0.0,0.2,-3.2996,0.1071,0.2757,0.2683,0.0006,0.4525,-4.0361,0.3419,0.3097,0.8986,0.0242,112.8152
0.8594,-1.357,0.0235,0.3425,0.3767,0.3557,0.6671,267370.9,0.5736,4.4562,12.4964,3.0,4.0,0.493,-0.7784,0.3826,0.4002,-0.2311,0.0084,1.6701,-0.3045,0.4569,0.27,0.8594,0.0235,133.4035
0.6835,-3.2558,0.0235,0.2518,0.3595,0.3255,0.5088,264139.66,0.3813,4.4023,12.4842,3.0,4.0,0.2606,-1.2413,0.194,0.383,-0.1295,0.0076,1.5084,-0.7396,0.362,0.2055,0.6835,0.0235,135.1466
0.5869,-10.6228,0.0397,0.2678,0.4944,0.3473,0.8171,277596.47,0.0905,4.6266,12.5339,3.0,1.0,0.0531,-0.961,0.0739,0.5341,0.1773,0.0138,0.3366,-2.296,0.3777,0.277,0.8171,0.0397,110.8177
0.9587,-13.3577,0.0235,0.0054,0.0,0.1355,0.3613,230998.14,0.7409,3.85,12.3502,2.0,0.0,0.7103,-9.8963,0.2677,0.0235,-0.7355,0.0032,115.829,-3.4696,0.3179,0.3895,0.9587,0.0,137.0248
0.4556,-11.1314,0.0235,0.4929,0.0,0.207,0.6815,238910.16,0.7321,3.9818,12.3838,2.0,1.0,0.3335,-8.1497,0.499,0.0235,-0.2392,0.0049,1.4823,-2.7955,0.3704,0.2984,0.7321,0.0,128.0716
0.3496,-9.5674,0.0415,0.8223,0.0258,0.193,0.3778,382381.8,0.3699,6.373,12.8542,4.0,2.0,0.1293,-3.5387,0.1397,0.0673,0.4525,0.008,0.4492,-1.5012,0.3114,0.2704,0.8223,0.0258,155.2316
0.7883,-6.9772,0.0235,0.2527,0.065,0.0515,0.5278,213971.27,0.4438,3.5662,12.2736,1.0,2.0,0.3498,-3.0965,0.2342,0.0885,-0.1911,0.0012,1.7494,-1.9565,0.3075,0.2905,0.7883,0.0235,138.6849
0.7227,-1.357,0.0235,0.0,0.2389,0.227,0.8456,258122.55,0.9261,4.302,12.4612,2.0,4.0,0.6693,-1.2568,0.7831,0.2624,-0.9261,0.0053,921.1957,-0.3154,0.4262,0.3942,0.9261,0.0,147.1666
0.7738,-1.357,0.0235,0.1697,0.2867,0.2701,0.566,124084.87,0.7189,2.0681,11.7287,0.0,4.0,0.5562,-0.9755,0.4069,0.3102,-0.5491,0.0063,4.2101,-0.6562,0.4013,0.2868,0.7738,0.0235,130.2919
0.7958,-9.1449,0.1425,0.3166,0.0,0.2746,0.3895,267727.84,0.0259,4.4621,12.4977,3.0,2.0,0.0206,-0.2365,0.0101,0.1426,0.2908,0.0391,0.0814,-2.0494,0.2779,0.2712,0.7958,0.0,87.1305
0.4813,-11.7129,0.0235,0.0328,0.1023,0.0989,0.4824,248473.02,0.7232,4.1412,12.4231,2.0,1.0,0.3481,-8.4708,0.3489,0.1258,-0.6904,0.0023,21.3847,-2.8284,0.2778,0.2796,0.7232,0.0235,152.2128
0.5397,-11.8795,0.0589,0.0,0.0515,0.1759,0.5398,272931.44,0.4241,4.5489,12.517,3.0,1.0,0.2289,-5.0377,0.2289,0.1104,-0.4241,0.0104,421.8058,-2.6115,0.2557,0.2387,0.5398,0.0,93.9111
0.895,-6.3276,0.0643,0.0,0.0,0.3868,0.6094,185710.52,0.7167,3.0952,12.1319,1.0,3.0,0.6414,-4.5348,0.4367,0.0643,-0.7167,0.0249,712.8458,-2.0443,0.3817,0.3696,0.895,0.0,92.8782
0.5717,-8.7249,0.0251,0.1119,0.0831,0.2045,0.275,282029.3,0.7942,4.7005,12.5498,3.0,2.0,0.4541,-6.9293,0.2184,0.1082,-0.6823,0.0051,7.0324,-1.8562,0.2951,0.2845,0.7942,0.0251,138.463
0.5316,-16.6737,0.0636,0.5067,0.0,0.1903,0.5906,156870.92,0.1167,2.6145,11.9632,0.0,0.0,0.062,-1.9453,0.0689,0.0636,0.3901,0.0121,0.2298,-6.3773,0.2856,0.2486,0.5906,0.0,108.9594
0.5538,-2.5959,0.1724,0.0,0.0701,0.0898,0.827,274716.88,0.9105,4.5786,12.5235,3.0,4.0,0.5042,-2.3634,0.7529,0.2425,-0.9105,0.0155,905.6126,-0.567,0.3748,0.3827,0.9105,0.0,157.3634
0.6598,-12.9923,0.0907,0.0301,0.0662,0.2836,0.3519,255876.4,0.3513,4.2646,12.4525,2.0,0.0,0.2318,-4.5638,0.1236,0.1569,-0.3212,0.0257,11.2914,-3.0465,0.2619,0.2222,0.6598,0.0301,130.219
0.5116,-12.6741,0.0324,0.0,0.0587,0.0243,0.4437,241817.5,0.9183,4.0303,12.3959,2.0,0.0,0.4698,-11.639,0.4074,0.0911,-0.9183,0.0008,913.4373,-3.1447,0.2841,0.3516,0.9183,0.0,154.079
0.5691,-17.2616,0.0986,0.0947,0.4109,0.2405,0.7432,220636.16,0.876,3.6773,12.3043,1.0,0.0,0.4985,-15.1212,0.651,0.5095,-0.7813,0.0237,9.1514,-4.6941,0.4333,0.3095,0.876,0.0947,134.9855
0.8093,-10.6092,0.1018,0.0088,0.0,0.2856,0.4437,121270.734,0.9781,2.0212,11.7058,0.0,1.0,0.7916,-10.3773,0.434,0.1018,-0.9693,0.0291,99.557,-5.249,0.3753,0.3904,0.9781,0.0,80.0928
0.7243,-1.357,0.0235,0.4817,0.2578,0.3823,0.4401,237636.73,0.2026,3.9606,12.3785,2.0,4.0,0.1467,-0.2749,0.0892,0.2813,0.2791,0.009,0.4197,-0.3426,0.3589,0.2247,0.7243,0.0235,124.4948
0.5397,-1.357,0.0585,0.0,0.2571,0.0476,0.3559,266037.5,0.9869,4.434,12.4914,3.0,4.0,0.5326,-1.3392,0.3512,0.3156,-0.9869,0.0028,981.6053,-0.306,0.3208,0.3519,0.9869,0.0,90.9487
0.6195,-15.6712,0.0235,0.0,0.1531,0.098,0.7051,206052.9,0.2674,3.4342,12.2359,1.0,0.0,0.1657,-4.1905,0.1885,0.1766,-0.2674,0.0023,265.9744,-4.5633,0.2667,0.2853,0.7051,0.0,85.6134
0.547,-10.7255,0.1751,0.5566,0.0,0.387,0.6847,223192.25,0.0458,3.7199,12.3158,1.0,1.0,0.0251,-0.4912,0.0314,0.1751,0.5108,0.0678,0.0821,-2.8833,0.3423,0.2708,0.6847,0.0,127.128
0.9138,-6.9935,0.0775,0.0,0.0378,0.2386,0.5343,63973.0,0.7969,1.0662,11.0662,0.0,2.0,0.7282,-5.5729,0.4258,0.1153,-0.7969,0.0185,792.6182,-6.5592,0.3713,0.3775,0.9138,0.0,119.3899
0.8187,-6.1777,0.0235,0.0,0.0,0.3978,0.5571,251842.94,0.9041,4.1974,12.4366,2.0,3.0,0.7402,-5.5855,0.5037,0.0235,-0.9041,0.0093,899.313,-1.4718,0.3859,0.3904,0.9041,0.0,96.5993
0.3667,-3.6718,0.0235,0.0,0.0475,0.166,0.6385,209532.45,0.8793,3.4922,12.2526,1.0,4.0,0.3224,-3.2285,0.5614,0.071,-0.8793,0.0039,874.5789,-1.0514,0.3031,0.3422,0.8793,0.0,123.887
0.5046,-14.7909,0.0865,0.5398,0.0,0.1436,0.4746,287027.03,0.0289,4.7838,12.5673,3.0,0.0,0.0146,-0.427,0.0137,0.0866,0.511,0.0124,0.0534,-3.0919,0.254,0.241,0.5398,0.0,103.6202
0.3128,-4.7264,0.1351,0.1329,0.0,0.0243,0.7999,181826.72,0.8233,3.0304,12.1108,0.0,3.0,0.2575,-3.8911,0.6586,0.1351,-0.6904,0.0033,6.1502,-1.5596,0.3183,0.3518,0.8233,0.0,152.9864
0.5869,-5.8655,0.1369,0.4136,0.0742,0.0841,0.5271,166957.72,0.5421,2.7826,12.0255,0.0,3.0,0.3182,-3.1799,0.2858,0.2111,-0.1286,0.0115,1.3077,-2.1079,0.3378,0.2308,0.5869,0.0742,175.9233
0.477,-19.9288,0.083,0.0,0.1224,0.0243,0.6823,309518.6,0.9553,5.1586,12.6428,4.0,0.0,0.4557,-19.0386,0.6518,0.2054,-0.9553,0.002,950.2401,-3.8632,0.3349,0.3748,0.9553,0.0,148.7573
0.6728,-8.6481,0.1092,0.3863,0.0851,0.363,0.978,182351.14,0.0519,3.0392,12.1137,0.0,2.0,0.0349,-0.4485,0.0507,0.1942,0.3344,0.0396,0.1339,-2.8455,0.378,0.3444,0.978,0.0519,112.9144
0.5966,-6.6342,0.1813,0.2211,0.2331,0.41,0.5719,186780.98,0.3625,3.113,12.1377,1.0,3.0,0.2162,-2.4047,0.2073,0.4144,-0.1413,0.0743,1.6317,-2.1311,0.3681,0.1684,0.5966,0.1813,120.8352
0.975,-10.3096,0.0384,0.0,0.0696,0.2715,0.4414,147844.62,0.6634,2.4641,11.9039,0.0,1.0,0.6468,-6.8394,0.2929,0.108,-0.6634,0.0104,659.8632,-4.1839,0.3513,0.3655,0.975,0.0,97.9707
0.584,-2.9775,0.0235,0.478,0.2756,0.0432,0.393,259844.78,0.8096,4.3307,12.4678,3.0,4.0,0.4728,-2.4106,0.3182,0.2991,-0.3316,0.001,1.6903,-0.6875,0.3724,0.2849,0.8096,0.0235,109.5357
0.5908,-2.9037,0.0235,0.0,0.0,0.0822,0.378,154466.67,0.9227,2.5744,11.9477,0.0,4.0,0.5451,-2.6791,0.3488,0.0235,-0.9227,0.0019,917.7476,-1.1279,0.2853,0.3607,0.9227,0.0,62.4674
0.7117,-10.4059,0.1,0.0,0.056,0.0243,0.6868,292721.9,0.3228,4.8787,12.587,4.0,1.0,0.2297,-3.359,0.2217,0.1561,-0.3228,0.0024,321.079,-2.1329,0.2717,0.3108,0.7117,0.0,105.4634
0.4544,-8.5696,0.0235,0.625,0.5032,0.1868,0.5919,162992.75,0.4954,2.7165,12.0015,0.0,2.0,0.2251,-4.2454,0.2932,0.5267,0.1296,0.0044,0.7914,-3.1546,0.4115,0.2223,0.625,0.0235,133.4848
0.656,-16.1489,0.1559,0.5279,0.106,0.2931,0.5325,275946.4,0.0328,4.5991,12.528,3.0,0.0,0.0215,-0.5297,0.0175,0.2619,0.4951,0.0457,0.062,-3.5113,0.3292,0.2438,0.656,0.0328,110.9913
0.4096,-9.9976,0.0596,0.0016,0.271,0.1825,0.8132,168862.69,0.8937,2.8144,12.0368,0.0,1.0,0.3661,-8.9352,0.7267,0.3306,-0.8921,0.0109,341.7672,-3.5523,0.3759,0.3533,0.8937,0.0016,105.3083
0.975,-9.1622,0.0235,0.2099,0.3424,0.2638,0.5036,228031.39,0.1314,3.8005,12.3372,1.0,2.0,0.1281,-1.2039,0.0662,0.3659,0.0785,0.0062,0.6231,-2.4108,0.3499,0.3151,0.975,0.0235,99.5472
0.7818,-6.8177,0.0425,0.1056,0.4731,0.0243,0.4249,292098.4,0.7125,4.8683,12.5848,4.0,3.0,0.557,-4.8574,0.3027,0.5156,-0.6068,0.001,6.6824,-1.4004,0.3664,0.3155,0.7818,0.0243,104.286
0.5391,-8.3742,0.1523,0.3836,0.0028,0.0243,0.291,303310.53,0.6195,5.0552,12.6225,4.0,2.0,0.3339,-5.1875,0.1803,0.1551,-0.2358,0.0037,1.6105,-1.6566,0.2875,0.242,0.6195,0.0028,118.9315
0.6825,-8.5177,0.1018,0.2713,0.0,0.0249,0.5901,208886.97,0.6982,3.4814,12.2496,1.0,2.0,0.4765,-5.9471,0.412,0.1018,-0.4269,0.0025,2.5637,-2.4466,0.3384,0.3121,0.6982,0.0,115.0489
0.6801,-4.9144,0.0701,0.2576,0.3187,0.0243,0.2551,219949.28,0.7151,3.6658,12.3012,1.0,3.0,0.4864,-3.5144,0.1824,0.3888,-0.4576,0.0017,2.7657,-1.3406,0.3316,0.2717,0.7151,0.0243,92.5366
0.4622,-7.599,0.1074,0.4428,0.0,0.2856,0.2658,146920.53,0.9793,2.4487,11.8977,0.0,2.0,0.4526,-7.442,0.2603,0.1074,-0.5365,0.0307,2.2065,-3.1033,0.3633,0.3185,0.9793,0.0,152.8261
0.9641,-11.7667,0.1267,0.6111,0.0,0.1432,0.2378,324575.1,0.0681,5.4096,12.6903,4.0,1.0,0.0657,-0.8017,0.0162,0.1267,0.543,0.0181,0.1113,-2.1751,0.3073,0.3511,0.9641,0.0,149.8231
0.7037,-13.7663,0.058,0.5643,0.0,0.1251,0.7728,220103.3,0.0683,3.6684,12.3019,1.0,0.0,0.0481,-0.9407,0.0528,0.058,0.496,0.0073,0.1209,-3.7527,0.3275,0.3376,0.7728,0.0,120.278
0.6819,-4.903,0.0895,0.2033,0.0,0.0989,0.7996,291318.34,0.5372,4.8553,12.5822,4.0,3.0,0.3663,-2.6339,0.4295,0.0895,-0.3339,0.0089,2.6289,-1.0098,0.3443,0.322,0.7996,0.0,109.9795
0.8298,-9.9543,0.1798,0.243,0.0124,0.0243,0.3385,291880.84,0.532,4.8647,12.5841,4.0,1.0,0.4414,-5.2957,0.1801,0.1922,-0.289,0.0044,2.1805,-2.0462,0.3085,0.2921,0.8298,0.0124,133.0374
0.586,-1.357,0.0433,0.5404,0.3304,0.0243,0.5348,213614.58,0.8092,3.5602,12.2719,1.0,4.0,0.4742,-1.0981,0.4327,0.3738,-0.2688,0.0011,1.4946,-0.3812,0.4098,0.2923,0.8092,0.0243,142.6474
0.5899,-5.4749,0.0324,0.2513,0.3514,0.2157,0.5556,300698.94,0.858,5.0116,12.6139,4.0,3.0,0.5062,-4.6975,0.4767,0.3838,-0.6067,0.007,3.4008,-1.0924,0.4078,0.2778,0.858,0.0324,160.4486
0.5798,-18.403,0.107,0.0361,0.0,0.0243,0.304,169994.58,0.9918,2.8332,12.0435,0.0,0.0,0.5751,-18.2521,0.3015,0.107,-0.9557,0.0026,26.7205,-6.4954,0.2919,0.3718,0.9918,0.0,116.5845
0.5697,-11.5472,0.0235,0.4243,0.3315,0.1633,0.607,157776.81,0.2389,2.6296,11.9689,0.0,1.0,0.1361,-2.7582,0.145,0.355,0.1855,0.0038,0.5616,-4.3912,0.3369,0.2132,0.607,0.0235,140.2197
0.5349,-1.357,0.0235,0.2846,0.0,0.0825,0.3916,273584.03,0.7948,4.5597,12.5194,3.0,4.0,0.4251,-1.0785,0.3113,0.0235,-0.5102,0.0019,2.7827,-0.2976,0.3017,0.2951,0.7948,0.0,110.7056
0.6637,-2.6275,0.0235,0.0906,0.0,0.2405,0.3476,166711.97,0.6737,2.7785,12.024,0.0,4.0,0.4471,-1.7701,0.2342,0.0235,-0.5831,0.0057,7.3563,-0.9456,0.2914,0.285,0.6737,0.0,93.605
0.4636,-12.5968,0.0582,0.0,0.0,0.2628,0.978,293841.1,0.6405,4.8974,12.5908,4.0,0.0,0.2969,-8.0678,0.6264,0.0582,-0.6405,0.0153,637.052,-2.5722,0.3433,0.3717,0.978,0.0,137.9676
0.4028,-20.5568,0.1849,0.0534,0.1618,0.1694,0.0256,269093.1,0.9663,4.4849,12.5028,3.0,0.0,0.3893,-19.8647,0.0247,0.3468,-0.9129,0.0313,17.7559,-4.5836,0.2806,0.3259,0.9663,0.0256,138.5768
0.4912,-10.0953,0.1407,0.5613,0.1425,0.2856,0.581,280033.34,0.0884,4.6672,12.5427,3.0,1.0,0.0434,-0.8924,0.0514,0.2832,0.4729,0.0402,0.1572,-2.163,0.3272,0.2136,0.581,0.0884,140.0949
0.6574,-11.6367,0.0519,0.0019,0.5643,0.1549,0.444,290943.4,0.9723,4.8491,12.5809,3.0,1.0,0.6392,-11.3148,0.4317,0.6162,-0.9704,0.008,336.4158,-2.3998,0.4067,0.3564,0.9723,0.0019,85.4375
0.697,-15.4389,0.0364,0.5432,0.1824,0.3888,0.6481,315314.78,0.2549,5.2552,12.6613,4.0,0.0,0.1777,-3.9349,0.1652,0.2188,0.2883,0.0142,0.4684,-2.9378,0.393,0.2486,0.697,0.0364,165.0516
0.3516,-12.0747,0.0522,0.2336,0.0,0.0243,0.4914,183601.88,0.6148,3.06,12.1205,1.0,1.0,0.2162,-7.4235,0.3021,0.0522,-0.3812,0.0013,2.621,-3.9459,0.2526,0.2431,0.6148,0.0,148.8146
0.5981,-8.9949,0.0235,0.562,0.2636,0.2755,0.598,172948.36,0.0906,2.8825,12.0608,0.0,2.0,0.0542,-0.8149,0.0542,0.2871,0.4714,0.0065,0.1609,-3.1205,0.3445,0.2431,0.5981,0.0235,127.457
0.7914,-10.9332,0.0235,0.0693,0.0,0.0457,0.5613,131472.12,0.9371,2.1912,11.7866,0.0,1.0,0.7417,-10.2459,0.526,0.0235,-0.8679,0.0011,13.3391,-4.9896,0.3469,0.4051,0.9371,0.0,120.9967
0.5577,-1.357,0.1331,0.1959,0.2799,0.4149,0.4156,276089.6,0.2036,4.6015,12.5285,3.0,4.0,0.1136,-0.2763,0.0846,0.413,-0.0077,0.0552,1.0343,-0.2949,0.3144,0.1527,0.5577,0.1331,111.2227
0.7669,-11.9839,0.0989,0.2399,0.3025,0.1255,0.7344,277722.03,0.0027,4.6287,12.5344,3.0,1.0,0.002,-0.032,0.002,0.4014,0.2372,0.0124,0.0111,-2.589,0.3244,0.307,0.7669,0.0027,68.127
0.3302,-1.357,0.0235,0.0,0.0,0.2749,0.7494,281215.75,0.895,4.6869,12.5469,3.0,4.0,0.2955,-1.2145,0.6707,0.0235,-0.895,0.0065,890.2284,-0.2895,0.3247,0.3674,0.895,0.0,134.8548
0.385,-7.9476,0.056,0.1271,0.3039,0.0243,0.7342,298042.94,0.9712,4.9674,12.605,4.0,2.0,0.374,-7.7188,0.7131,0.3599,-0.8441,0.0014,7.5828,-1.6,0.3717,0.3596,0.9712,0.0243,118.3866
0.8291,-5.6529,0.0652,0.1837,0.2574,0.0467,0.4154,172315.39,0.3105,2.8719,12.0571,0.0,3.0,0.2575,-1.7554,0.129,0.3227,-0.1268,0.003,1.6808,-1.9683,0.3012,0.2671,0.8291,0.0467,88.8425
0.5593,-11.0716,0.0351,0.3801,0.0843,0.0243,0.3613,227461.9,0.5238,3.791,12.3347,1.0,1.0,0.293,-5.7993,0.1892,0.1194,-0.1437,0.0009,1.3743,-2.9205,0.2812,0.2301,0.5593,0.0243,126.6554
0.7223,-4.752,0.1201,0.3497,0.0533,0.0556,0.8296,304473.25,0.6575,5.0746,12.6263,4.0,3.0,0.4749,-3.1243,0.5454,0.1735,-0.3077,0.0067,1.8746,-0.9364,0.3983,0.3353,0.8296,0.0533,85.2064
0.4896,-1.357,0.0601,0.1511,0.1919,0.0243,0.3368,277072.44,0.7827,4.6179,12.532,3.0,4.0,0.3832,-1.0621,0.2636,0.2521,-0.6315,0.0015,5.1442,-0.2939,0.291,0.2699,0.7827,0.0243,87.9465
0.7311,-15.1603,0.1029,0.2466,0.022,0.2801,0.7857,232439.98,0.0978,3.874,12.3564,2.0,0.0,0.0715,-1.4827,0.0768,0.1249,0.1488,0.0288,0.395,-3.9133,0.3237,0.3104,0.7857,0.022,140.1645
0.8176,-8.9597,0.1869,0.478,0.0,0.2566,0.6497,205381.77,0.2486,3.423,12.2326,1.0,2.0,0.2032,-2.2274,0.1615,0.1869,0.2294,0.048,0.519,-2.6175,0.3768,0.2852,0.8176,0.0,118.5523
0.4336,-7.132,0.0325,0.3976,0.0,0.2968,0.7922,156635.58,0.3027,2.6106,11.9617,0.0,2.0,0.1313,-2.1591,0.2398,0.0325,0.0948,0.0097,0.7595,-2.7319,0.3222,0.267,0.7922,0.0,61.8849
0.4768,-7.9362,0.066,0.0,0.0,0.2438,0.4474,63973.0,0.8687,1.0662,11.0662,0.0,2.0,0.4142,-6.8939,0.3887,0.0661,-0.8687,0.0161,864.0355,-7.4433,0.3004,0.32,0.8687,0.0,151.1072
0.4437,-6.5033,0.0235,0.1168,0.0,0.2094,0.566,238814.92,0.2601,3.9802,12.3834,2.0,3.0,0.1154,-1.6917,0.1472,0.0235,-0.1433,0.0049,2.2076,-1.6339,0.2314,0.2114,0.566,0.0,128.5866
0.7575,-14.3565,0.0235,0.0,0.1115,0.1035,0.5692,166897.81,0.9661,2.7816,12.0251,0.0,0.0,0.7319,-13.8703,0.5499,0.135,-0.9661,0.0024,960.9825,-5.1612,0.3616,0.3957,0.9661,0.0,120.8796
0.5616,-5.7785,0.0235,0.0,0.0,0.1848,0.3888,123300.48,0.8923,2.055,11.7224,0.0,3.0,0.5011,-5.1559,0.347,0.0235,-0.8923,0.0043,887.5096,-2.8119,0.293,0.3407,0.8923,0.0,132.249
0.8591,-7.9472,0.0235,0.4907,0.2637,0.2468,0.5673,216864.45,0.1776,3.6144,12.287,1.0,2.0,0.1526,-1.4114,0.1008,0.2872,0.3131,0.0058,0.3612,-2.1987,0.3755,0.2817,0.8591,0.0235,83.8901
0.75,-7.3157,0.2094,0.4479,0.0,0.1935,0.7433,229033.27,0.3887,3.8172,12.3416,1.0,2.0,0.2915,-2.8439,0.2889,0.2094,0.0591,0.0405,0.866,-1.9165,0.3904,0.2832,0.75,0.0,110.1219
0.4866,-16.1448,0.0806,0.438,0.0564,0.365,0.7267,154908.17,0.0416,2.5818,11.9506,0.0,0.0,0.0202,-0.6716,0.0302,0.137,0.3964,0.0294,0.0948,-6.2533,0.3136,0.2624,0.7267,0.0416,155.0621
0.3799,-1.357,0.0527,0.0,0.1469,0.0824,0.6226,365541.28,0.5916,6.0924,12.8091,4.0,4.0,0.2247,-0.8028,0.3684,0.1996,-0.5916,0.0043,588.4459,-0.2227,0.268,0.2615,0.6226,0.0,85.7145
0.4909,-18.9596,0.1307,0.0,0.0391,0.0243,0.6859,126546.42,0.3295,2.1091,11.7484,0.0,0.0,0.1617,-6.2466,0.226,0.1697,-0.3295,0.0032,327.7102,-8.9894,0.2429,0.2665,0.6859,0.0,120.8078
0.483,-6.6191,0.0235,0.7365,0.1746,0.1098,0.7643,237039.19,0.1461,3.9507,12.376,2.0,3.0,0.0706,-0.9668,0.1116,0.1981,0.5904,0.0026,0.1981,-1.6754,0.3482,0.3097,0.7643,0.0235,92.5366
0.5738,-7.3202,0.0842,0.4449,0.0,0.0797,0.978,120926.35,0.8583,2.0154,11.7029,0.0,2.0,0.4925,-6.2827,0.8394,0.0842,-0.4134,0.0067,1.9249,-3.6321,0.4313,0.3941,0.978,0.0,111.5567
0.8287,-22.5853,0.0235,0.1034,0.0,0.0535,0.4519,254903.34,0.7609,4.2484,12.4486,2.0,0.0,0.6305,-17.1844,0.3439,0.0235,-0.6575,0.0013,7.2879,-5.3162,0.3174,0.3603,0.8287,0.0,110.8221
0.7537,-2.0953,0.2085,0.5027,0.0,0.3345,0.4875,238788.61,0.3114,3.9798,12.3833,2.0,4.0,0.2347,-0.6525,0.1518,0.2085,0.1913,0.0698,0.6183,-0.5265,0.3712,0.2402,0.7537,0.0,76.3097
0.3512,-9.0377,0.0235,0.6457,0.2074,0.3058,0.9138,143071.0,0.0535,2.3845,11.8711,0.0,2.0,0.0188,-0.4832,0.0489,0.2309,0.5923,0.0072,0.0827,-3.7902,0.3573,0.3219,0.9138,0.0235,156.1755
0.8292,-8.7697,0.0838,0.7662,0.0,0.3486,0.4769,259517.34,0.0025,4.3253,12.4666,3.0,2.0,0.002,-0.0216,0.0012,0.0838,0.7637,0.0292,0.0032,-2.0275,0.3582,0.3494,0.8292,0.0,104.0273
0.638,-7.4609,0.206,0.2969,0.226,0.1135,0.4099,290193.03,0.638,4.8366,12.5783,3.0,2.0,0.4071,-4.76,0.2615,0.432,-0.3411,0.0234,2.1415,-1.5426,0.3612,0.2096,0.638,0.1135,63.0859
0.7922,-12.8544,0.0643,0.224,0.0745,0.0376,0.6684,165531.86,0.4348,2.7589,12.0169,0.0,0.0,0.3445,-5.5891,0.2906,0.1388,-0.2108,0.0024,1.9327,-4.6593,0.328,0.3087,0.7922,0.0376,111.0537
0.6988,-4.8672,0.0888,0.2468,0.1624,0.253,0.8742,252996.42,0.3192,4.2166,12.4411,2.0,3.0,0.2231,-1.5536,0.279,0.2512,-0.0724,0.0225,1.2883,-1.1543,0.3776,0.2931,0.8742,0.0888,122.5584
0.4617,-8.4514,0.1121,0.6248,0.0426,0.1913,0.978,142071.95,0.3169,2.3679,11.8641,0.0,2.0,0.1463,-2.678,0.3099,0.1548,0.3079,0.0215,0.5063,-3.5692,0.3896,0.3288,0.978,0.0426,78.1559
0.632,-21.1061,0.0235,0.2056,0.3702,0.076,0.8747,273585.53,0.3776,4.5598,12.5194,3.0,0.0,0.2386,-7.9697,0.3303,0.3937,-0.172,0.0018,1.828,-4.6288,0.3656,0.3046,0.8747,0.0235,127.9977
0.7548,-4.9734,0.0355,0.144,0.183,0.0243,0.7239,162320.86,0.3726,2.7053,11.9973,0.0,3.0,0.2812,-1.8531,0.2697,0.2185,-0.2286,0.0009,2.5699,-1.8384,0.3197,0.3091,0.7548,0.0243,120.9682
0.4158,-17.3826,0.0414,0.0129,0.2811,0.0601,0.7667,223030.61,0.7626,3.7172,12.3151,1.0,0.0,0.3171,-13.256,0.5847,0.3224,-0.7497,0.0025,54.7958,-4.6763,0.3344,0.3277,0.7667,0.0129,140.3906
0.6959,-10.6391,0.0867,0.0869,0.1315,0.1449,0.3469,316439.62,0.3495,5.274,12.6649,4.0,1.0,0.2432,-3.7187,0.1213,0.2181,-0.2627,0.0126,3.9784,-2.0173,0.2632,0.2218,0.6959,0.0867,158.5659
0.8039,-7.937,0.0838,0.1958,0.0,0.0243,0.5039,230106.11,0.7161,3.8351,12.3463,1.0,2.0,0.5757,-5.684,0.3608,0.0838,-0.5203,0.002,3.6383,-2.0696,0.3325,0.3378,0.8039,0.0,120.4926
0.6687,-12.0671,0.0636,0.0,0.0291,0.0663,0.6688,209921.36,0.8693,3.4987,12.2545,1.0,1.0,0.5813,-10.4903,0.5814,0.0927,-0.8693,0.0042,864.6985,-3.449,0.338,0.3786,0.8693,0.0,104.2045
0.546,-1.357,0.0235,0.3488,0.3626,0.1245,0.5159,291431.03,0.8822,4.8572,12.5826,4.0,4.0,0.4817,-1.1971,0.4551,0.3861,-0.5334,0.0029,2.5218,-0.2794,0.4005,0.2855,0.8822,0.0235,131.2183
0.8885,-3.7565,0.1829,0.1226,0.0,0.1035,0.6517,288052.78,0.3635,4.8009,12.5709,3.0,4.0,0.323,-1.3654,0.2369,0.1829,-0.2409,0.0189,2.9418,-0.7825,0.3304,0.327,0.8885,0.0,119.6167
0.461,-4.7345,0.1585,0.0,0.297,0.0621,0.443,337918.16,0.8945,5.632,12.7306,4.0,3.0,0.4124,-4.2348,0.3962,0.4555,-0.8945,0.0099,889.6979,-0.8406,0.3309,0.3054,0.8945,0.0,128.8545
0.5612,-8.867,0.0522,0.0961,0.246,0.1836,0.7909,272058.62,0.5923,4.5343,12.5138,3.0,2.0,0.3324,-5.2516,0.4684,0.2982,-0.4962,0.0096,6.0991,-1.9555,0.3603,0.2854,0.7909,0.0522,118.3973
0.4631,-11.6408,0.0478,0.2713,0.0556,0.14,0.4888,263839.12,0.1842,4.3973,12.4831,3.0,1.0,0.0853,-2.1442,0.09,0.1034,0.0871,0.0067,0.6764,-2.6473,0.2358,0.181,0.4888,0.0478,121.6018
0.7154,-2.5833,0.1526,0.0749,0.2319,0.1193,0.2757,167782.61,0.7185,2.7964,12.0304,0.0,4.0,0.514,-1.856,0.1981,0.3845,-0.6435,0.0182,9.4625,-0.9238,0.3269,0.2747,0.7185,0.0749,127.9799
0.7156,-12.3889,0.1157,0.4922,0.0,0.1578,0.7176,243586.66,0.1388,4.0598,12.4032,2.0,0.0,0.0993,-1.7196,0.0996,0.1157,0.3534,0.0183,0.2814,-3.0516,0.334,0.3017,0.7176,0.0,109.8953
0.9269,-18.5538,0.0564,0.2695,0.1047,0.1935,0.5889,256439.75,0.0823,4.274,12.4547,2.0,0.0,0.0763,-1.5264,0.0484,0.1612,0.1873,0.0109,0.3041,-4.3411,0.3175,0.3244,0.9269,0.0564,112.9253
0.9487,-7.4144,0.0564,0.3156,0.013,0.0243,0.3148,215846.1,0.6239,3.5974,12.2823,1.0,2.0,0.5919,-4.6256,0.1964,0.0694,-0.3082,0.0014,1.9704,-2.061,0.3281,0.3508,0.9487,0.013,147.8532
0.6869,-15.838,0.0235,0.2567,0.099,0.2705,0.4038,153076.0,0.087,2.5513,11.9387,0.0,0.0,0.0598,-1.3779,0.0351,0.1225,0.1697,0.0064,0.3377,-6.2079,0.261,0.2291,0.6869,0.0235,115.7334
0.6398,-13.4258,0.1296,0.3067,0.2089,0.1069,0.373,232013.55,0.1288,3.8669,12.3546,2.0,0.0,0.0824,-1.7292,0.048,0.3385,0.1779,0.0139,0.4186,-3.472,0.2705,0.1909,0.6398,0.1069,93.3193
0.865,-10.586,0.1605,0.2818,0.0467,0.087,0.2835,121070.44,0.3295,2.0178,11.7041,0.0,1.0,0.285,-3.4877,0.0934,0.2073,-0.0477,0.014,1.1651,-5.2462,0.2934,0.2737,0.865,0.0467,107.6762
0.4616,-8.8716,0.1124,0.7177,0.0,0.1416,0.0256,174551.53,0.9077,2.9092,12.07,0.0,2.0,0.419,-8.0525,0.0232,0.1124,-0.19,0.0159,1.263,-3.0495,0.3381,0.3618,0.9077,0.0,92.584
0.6498,-7.9748,0.0235,0.0,0.2719,0.2056,0.8373,224127.11,0.4774,3.7355,12.32,1.0,2.0,0.3102,-3.8072,0.3997,0.2954,-0.4774,0.0048,474.8548,-2.1349,0.3522,0.3161,0.8373,0.0,92.8657
0.5467,-11.1099,0.1284,0.0,0.3411,0.1624,0.978,264821.0,0.3622,4.4137,12.4868,3.0,1.0,0.198,-4.024,0.3542,0.4695,-0.3622,0.0209,360.269,-2.5171,0.3598,0.3264,0.978,0.0,92.9213
0.374,-2.3671,0.069,0.2421,0.0,0.3767,0.6736,273567.72,0.7223,4.5595,12.5193,3.0,4.0,0.2701,-1.7098,0.4866,0.069,-0.4802,0.026,2.9714,-0.5192,0.3511,0.2762,0.7223,0.0,140.195
0.6048,-16.1089,0.1023,0.2362,0.209,0.1914,0.0256,307731.38,0.835,5.1289,12.637,4.0,0.0,0.505,-13.4509,0.0214,0.3113,-0.5988,0.0196,3.52,-3.1408,0.3149,0.2933,0.835,0.0256,128.8959
0.5289,-5.3666,0.1614,0.0,0.0142,0.4156,0.7811,237593.34,0.3285,3.9599,12.3783,2.0,3.0,0.1737,-1.7627,0.2566,0.1756,-0.3285,0.0671,326.7155,-1.3552,0.3185,0.2848,0.7811,0.0,103.139
0.6361,-8.7343,0.1412,0.995,0.0,0.271,0.5716,305969.06,0.1427,5.0995,12.6312,4.0,2.0,0.0907,-1.2461,0.0815,0.1412,0.8523,0.0383,0.1432,-1.7128,0.3939,0.3533,0.995,0.0,81.245
0.443,-1.357,0.0235,0.2937,0.1671,0.3421,0.7163,241368.1,0.1516,4.0228,12.3941,2.0,4.0,0.0672,-0.2057,0.1086,0.1906,0.1421,0.008,0.5144,-0.3373,0.3053,0.2278,0.7163,0.0235,185.3141
0.9031,-10.684,0.0747,0.0,0.2426,0.084,0.572,241258.3,0.5889,4.021,12.3936,2.0,1.0,0.5318,-6.2915,0.3368,0.3173,-0.5889,0.0063,585.7272,-2.6571,0.3522,0.3398,0.9031,0.0,115.3882
0.5869,-16.8689,0.0235,0.0533,0.2513,0.0843,0.6193,215836.62,0.3322,3.5973,12.2823,1.0,0.0,0.195,-5.6039,0.2057,0.2748,-0.2789,0.002,6.1125,-4.6894,0.2787,0.2477,0.6193,0.0235,112.0126
0.4688,-10.2033,0.0235,0.5925,0.0824,0.3687,0.7349,249069.52,0.0875,4.1512,12.4255,2.0,1.0,0.041,-0.8925,0.0643,0.1059,0.5051,0.0087,0.1474,-2.458,0.3369,0.2791,0.7349,0.0235,107.6502
0.7179,-1.357,0.0235,0.8432,0.2908,0.1646,0.5477,255500.44,0.0618,4.2583,12.451,2.0,4.0,0.0444,-0.0839,0.0338,0.3143,0.7814,0.0039,0.0732,-0.3187,0.3785,0.3265,0.8432,0.0235,91.4923
0.7825,-9.6629,0.0835,0.1466,0.3517,0.153,0.5349,272579.72,0.2664,4.543,12.5157,3.0,1.0,0.2084,-2.5742,0.1425,0.4352,-0.1198,0.0128,1.8045,-2.127,0.3312,0.2506,0.7825,0.0835,71.6009
0.6369,-7.7118,0.0709,0.0,0.1956,0.1756,0.0256,273047.62,0.8673,4.5508,12.5174,3.0,2.0,0.5523,-6.6882,0.0222,0.2665,-0.8673,0.0124,862.6429,-1.6946,0.2817,0.3359,0.8673,0.0,123.3934
0.4026,-7.1807,0.0235,0.1213,0.0669,0.188,0.7354,149519.14,0.8273,2.492,11.9152,0.0,2.0,0.3331,-5.9403,0.6084,0.0904,-0.706,0.0044,6.7661,-2.8815,0.3379,0.3275,0.8273,0.0235,75.7518
0.8145,-3.0909,0.1488,0.1207,0.355,0.0848,0.0256,203429.4,0.9811,3.3905,12.2231,1.0,4.0,0.7991,-3.0326,0.0251,0.5039,-0.8604,0.0126,8.06,-0.9116,0.3615,0.3833,0.9811,0.0256,92.5287
0.7155,-12.9364,0.0794,0.4843,0.1608,0.3279,0.6397,241688.73,0.0835,4.0281,12.3954,2.0,0.0,0.0597,-1.0798,0.0534,0.2402,0.4009,0.026,0.172,-3.2115,0.3559,0.2633,0.7155,0.0794,127.172
0.8241,-5.894,0.0464,0.1879,0.0861,0.0243,0.4378,256042.88,0.6299,4.2674,12.4531,2.0,3.0,0.5191,-3.7124,0.2758,0.1325,-0.442,0.0011,3.3342,-1.3812,0.3195,0.3158,0.8241,0.0243,151.0216
0.8171,-9.772,0.0469,0.0903,0.1143,0.1358,0.6722,159846.88,0.3035,2.6641,11.982,0.0,1.0,0.248,-2.9661,0.204,0.1613,-0.2132,0.0064,3.3241,-3.668,0.3115,0.3094,0.8171,0.0469,168.8611
0.4327,-12.9264,0.0235,0.0,0.0,0.0791,0.5666,133969.72,0.7163,2.2328,11.8054,0.0,0.0,0.31,-9.2596,0.4059,0.0235,-0.7163,0.0019,712.5143,-5.7892,0.2598,0.3044,0.7163,0.0,100.3154
0.6333,-9.4749,0.0692,0.3898,0.1437,0.2377,0.5466,226864.69,0.0778,3.7811,12.3321,1.0,2.0,0.0493,-0.7371,0.0425,0.2129,0.312,0.0165,0.1991,-2.5059,0.2997,0.2276,0.6333,0.0692,91.4191
0.7934,-1.357,0.0235,0.615,0.0542,0.185,0.4548,271247.06,0.3859,4.5208,12.5108,3.0,4.0,0.3062,-0.5236,0.1755,0.0777,0.2291,0.0043,0.6264,-0.3002,0.3588,0.2886,0.7934,0.0235,121.3372
0.4567,-3.79,0.0986,0.0744,0.0,0.1805,0.5711,166793.27,0.9709,2.7799,12.0245,0.0,4.0,0.4433,-3.6796,0.5544,0.0986,-0.8965,0.0178,12.8803,-1.3634,0.336,0.3499,0.9709,0.0,133.9639
0.4339,-1.357,0.1112,0.3397,0.0661,0.0243,0.2865,229515.86,0.9573,3.8253,12.3437,1.0,4.0,0.4154,-1.2991,0.2742,0.1773,-0.6176,0.0027,2.8096,-0.3547,0.317,0.3204,0.9573,0.0243,72.6611
0.389,-16.2577,0.0732,0.6118,0.0446,0.0694,0.375,295032.2,0.1289,4.9172,12.5948,4.0,0.0,0.0501,-2.0962,0.0484,0.1178,0.4828,0.0051,0.2104,-3.3063,0.2417,0.2183,0.6118,0.0446,110.2362
0.3716,-11.9384,0.2077,0.0165,0.3867,0.0243,0.5767,381407.1,0.5928,6.3568,12.8516,4.0,1.0,0.2203,-7.0771,0.3419,0.5944,-0.5763,0.005,33.82,-1.8781,0.3109,0.2377,0.5928,0.0165,100.8541
0.7224,-1.357,0.0888,0.4288,0.2089,0.0313,0.978,295765.9,0.7518,4.9294,12.5973,4.0,4.0,0.5431,-1.0202,0.7353,0.2977,-0.323,0.0028,1.7493,-0.2753,0.4586,0.3669,0.978,0.0313,96.8762
0.658,-11.3944,0.0913,0.209,0.2337,0.2355,0.7981,263482.72,0.0663,4.3914,12.4817,3.0,1.0,0.0436,-0.7558,0.0529,0.325,0.1427,0.0215,0.3158,-2.5947,0.3274,0.2846,0.7981,0.0663,123.6703
0.69,-6.9462,0.1159,0.0,0.0439,0.0922,0.5445,283853.9,0.5155,4.7309,12.5562,3.0,2.0,0.3557,-3.5805,0.2807,0.1597,-0.5155,0.0107,512.7185,-1.4683,0.286,0.2857,0.69,0.0,128.8384
0.4613,-2.6083,0.1126,0.4275,0.014,0.117,0.2899,255789.19,0.2746,4.2632,12.4521,2.0,4.0,0.1267,-0.7162,0.0796,0.1266,0.1529,0.0132,0.6408,-0.6118,0.2424,0.1684,0.4613,0.014,130.3373
0.7039,-1.357,0.0235,0.1608,0.1045,0.2878,0.8232,316899.84,0.3779,5.2817,12.6663,4.0,4.0,0.266,-0.5128,0.311,0.128,-0.2171,0.0068,2.3355,-0.2569,0.3545,0.3045,0.8232,0.0235,114.8451
0.4129,-10.6109,0.0475,0.1029,0.1699,0.2044,0.5437,142358.23,0.9923,2.3726,11.8661,0.0,1.0,0.4097,-10.5296,0.5395,0.2174,-0.8894,0.0097,9.5511,-4.4722,0.3534,0.3317,0.9923,0.0475,119.7726
0.8782,-7.0816,0.1228,0.3489,0.2656,0.0962,0.4629,291617.44,0.5144,4.8603,12.5832,4.0,2.0,0.4517,-3.6428,0.2381,0.3884,-0.1655,0.0118,1.47,-1.457,0.3841,0.2689,0.8782,0.0962,164.278
0.6239,-7.7464,0.0313,0.2536,0.0221,0.0672,0.0256,232063.03,0.9293,3.8677,12.3548,2.0,2.0,0.5798,-7.1984,0.0238,0.0534,-0.6757,0.0021,3.6504,-2.0028,0.279,0.3603,0.9293,0.0221,73.1621
0.3777,-6.0974,0.0235,0.0,0.2355,0.2479,0.6114,324829.75,0.8925,5.4138,12.6911,4.0,3.0,0.3371,-5.4417,0.5457,0.259,-0.8925,0.0058,887.7086,-1.1263,0.3412,0.3203,0.8925,0.0,97.5243
0.4502,-1.5945,0.0753,0.4618,0.0,0.0243,0.9553,346946.56,0.9743,5.7824,12.7569,4.0,4.0,0.4386,-1.5535,0.9307,0.0753,-0.5125,0.0018,2.1052,-0.2757,0.4202,0.418,0.9743,0.0,99.2155
0.6899,-16.9136,0.0958,0.0696,0.241,0.3069,0.6396,217545.02,0.8581,3.6258,12.2902,1.0,0.0,0.592,-14.5141,0.5489,0.3368,-0.7886,0.0294,12.1618,-4.6648,0.4144,0.3124,0.8581,0.0696,77.3518
0.2765,-15.1813,0.0235,0.4025,0.0,0.0839,0.0256,254775.45,0.9825,4.2463,12.4481,2.0,0.0,0.2716,-14.9151,0.0252,0.0235,-0.58,0.002,2.435,-3.5752,0.2564,0.354,0.9825,0.0,116.3363
0.538,-10.6093,0.0747,0.2551,0.018,0.118,0.0996,275751.62,0.8846,4.5959,12.5273,3.0,1.0,0.476,-9.385,0.0881,0.0927,-0.6295,0.0088,3.4544,-2.3085,0.284,0.3168,0.8846,0.018,109.3113
0.3536,-4.8934,0.0811,0.3671,0.0435,0.387,0.6939,252883.78,0.4895,4.2147,12.4407,2.0,3.0,0.1731,-2.3951,0.3397,0.1246,-0.1224,0.0314,1.3299,-1.161,0.3451,0.2256,0.6939,0.0435,97.851
0.4436,-9.0965,0.0284,0.0586,0.2028,0.1609,0.5595,286090.66,0.9861,4.7682,12.5641,3.0,2.0,0.4375,-8.9704,0.5518,0.2312,-0.9276,0.0046,16.558,-1.9078,0.3486,0.3423,0.9861,0.0284,86.0138
0.6723,-17.6516,0.0701,0.2716,0.241,0.0243,0.7516,306023.22,0.547,5.1004,12.6314,4.0,0.0,0.3678,-9.6554,0.4112,0.3111,-0.2754,0.0017,2.0068,-3.4608,0.3683,0.2899,0.7516,0.0243,70.8486
0.6128,-3.3798,0.0235,0.1669,0.2166,0.2746,0.248,362071.75,0.5519,6.0345,12.7996,4.0,4.0,0.3382,-1.8652,0.1368,0.2401,-0.385,0.0065,3.2867,-0.5601,0.2992,0.2105,0.6128,0.0235,155.1267
0.4713,-8.8314,0.0287,0.4884,0.1074,0.0383,0.8438,326749.62,0.9905,5.4458,12.697,4.0,2.0,0.4668,-8.7472,0.8357,0.1361,-0.5021,0.0011,2.024,-1.6217,0.424,0.3892,0.9905,0.0287,118.7606
0.4814,-6.0714,0.0235,0.2901,0.0,0.1358,0.8169,312468.78,0.9071,5.2078,12.6523,4.0,3.0,0.4367,-5.5076,0.741,0.0235,-0.617,0.0032,3.1158,-1.1658,0.3793,0.3693,0.9071,0.0,121.8699
0.6566,-10.8798,0.0235,0.7264,0.2376,0.0913,0.5924,281829.28,0.2328,4.6972,12.5491,3.0,1.0,0.1529,-2.5328,0.1379,0.2611,0.4936,0.0021,0.32,-2.3162,0.3658,0.2865,0.7264,0.0235,124.765
0.5677,-9.3335,0.0361,0.0,0.1798,0.0243,0.6901,170828.08,0.8763,2.8471,12.0484,0.0,2.0,0.4975,-8.1793,0.6048,0.216,-0.8763,0.0009,871.6613,-3.2782,0.3392,0.3641,0.8763,0.0,141.3345
0.5498,-1.357,0.0235,0.631,0.2514,0.105,0.5299,185810.27,0.2989,3.0968,12.1325,1.0,4.0,0.1643,-0.4056,0.1584,0.2749,0.3321,0.0025,0.4729,-0.4382,0.3414,0.2344,0.631,0.0235,132.1127
0.975,-5.6754,0.1645,0.2389,0.3346,0.2325,0.3848,250284.27,0.2339,4.1714,12.4304,2.0,3.0,0.2281,-1.3277,0.09,0.4991,0.005,0.0382,0.9749,-1.3606,0.3663,0.2782,0.975,0.1645,116.967
0.5824,-11.9596,0.085,0.1117,0.0774,0.0243,0.8246,242032.69,0.4149,4.0339,12.3968,2.0,1.0,0.2416,-4.9617,0.3421,0.1624,-0.3032,0.0021,3.6825,-2.9648,0.3029,0.3097,0.8246,0.0243,109.4328
0.7114,-2.9865,0.0235,0.0877,0.0197,0.1569,0.2365,319731.12,0.4434,5.3289,12.6752,4.0,4.0,0.3154,-1.3242,0.1049,0.0432,-0.3557,0.0037,4.9962,-0.5604,0.2399,0.2546,0.7114,0.0197,131.8404
0.7501,-10.228,0.1722,0.1548,0.2729,0.0567,0.6725,264806.8,0.7175,4.4134,12.4868,3.0,1.0,0.5382,-7.3382,0.4825,0.4451,-0.5627,0.0098,4.6058,-2.3175,0.3995,0.301,0.7501,0.0567,75.8009
0.6371,-1.357,0.0235,0.1728,0.1076,0.1614,0.4766,230137.6,0.4852,3.8356,12.3464,1.0,4.0,0.3091,-0.6584,0.2313,0.1311,-0.3124,0.0038,2.791,-0.3538,0.2949,0.2337,0.6371,0.0235,123.9916
0.5064,-1.357,0.153,0.8228,0.1314,0.2536,0.5672,255976.27,0.5341,4.2663,12.4528,2.0,4.0,0.2705,-0.7248,0.3029,0.2844,0.2886,0.0388,0.6484,-0.3181,0.4241,0.2538,0.8228,0.1314,88.2517
0.6813,-3.6222,0.0559,0.2688,0.3887,0.0841,0.4027,291494.53,0.2659,4.8582,12.5828,4.0,4.0,0.1812,-0.9633,0.1071,0.4446,0.0029,0.0047,0.9856,-0.7456,0.3068,0.2128,0.6813,0.0559,114.9447
0.6158,-8.6986,0.1229,0.3849,0.2819,0.3301,0.6819,336046.47,0.4255,5.6008,12.725,4.0,2.0,0.262,-3.7016,0.2902,0.4048,-0.0406,0.0406,1.1027,-1.5531,0.4061,0.1925,0.6819,0.1229,131.8963
0.5485,-8.5356,0.1296,0.4734,0.0686,0.253,0.7588,131472.19,0.1039,2.1912,11.7866,0.0,2.0,0.057,-0.8866,0.0788,0.1982,0.3695,0.0328,0.2189,-3.8954,0.3337,0.2638,0.7588,0.0686,122.0313
0.6374,-5.4824,0.0235,0.1949,0.0,0.4159,0.8147,106035.64,0.4668,1.7673,11.5715,0.0,3.0,0.2975,-2.5592,0.3803,0.0235,-0.2719,0.0098,2.383,-3.1022,0.3647,0.3077,0.8147,0.0,122.656
0.5643,-6.6923,0.0235,0.0,0.0055,0.2965,0.7663,233824.44,0.3132,3.8971,12.3623,2.0,3.0,0.1767,-2.096,0.24,0.029,-0.3132,0.007,311.5302,-1.7173,0.2813,0.2995,0.7663,0.0,201.5088
0.6958,-11.9458,0.0235,0.5969,0.0,0.3838,0.9124,121360.54,0.1082,2.0227,11.7065,0.0,1.0,0.0753,-1.2925,0.0987,0.0235,0.4887,0.009,0.181,-5.9059,0.3887,0.3594,0.9124,0.0,122.3112
0.8122,-4.658,0.1645,0.2623,0.4205,0.1633,0.7744,248607.75,0.2654,4.1435,12.4236,2.0,3.0,0.2155,-1.2362,0.2055,0.5851,-0.0031,0.0269,1.0081,-1.1242,0.409,0.2764,0.8122,0.1633,139.3574
0.8878,-7.3056,0.071,0.0,0.1868,0.2461,0.5709,202875.9,0.4305,3.3813,12.2204,1.0,2.0,0.3822,-3.1448,0.2458,0.2578,-0.4305,0.0175,428.1716,-2.1606,0.3419,0.3114,0.8878,0.0,94.0502
0.5396,-3.937,0.0637,0.0404,0.0,0.2379,0.9551,267919.44,0.8068,4.4653,12.4984,3.0,4.0,0.4353,-3.1764,0.7706,0.0637,-0.7664,0.0152,19.4791,-0.8817,0.3776,0.3912,0.9551,0.0,119.9991
0.5727,-12.946,0.153,0.0,0.0,0.0243,0.8763,321731.12,0.7859,5.3622,12.6815,4.0,0.0,0.4501,-10.1747,0.6887,0.153,-0.7859,0.0037,781.7432,-2.4143,0.3446,0.3887,0.8763,0.0,105.4576
0.6737,-9.9558,0.1345,0.2986,0.199,0.1429,0.3943,210880.86,0.1409,3.5147,12.2591,1.0,1.0,0.0949,-1.4024,0.0555,0.3335,0.1577,0.0192,0.4702,-2.8326,0.2834,0.1976,0.6737,0.1345,143.6703
0.4376,-6.6966,0.1238,0.379,0.0,0.0243,0.2948,280014.56,0.9047,4.6669,12.5426,3.0,3.0,0.3959,-6.0582,0.2667,0.1238,-0.5257,0.003,2.3808,-1.4349,0.3092,0.3129,0.9047,0.0,144.7531
0.7755,-1.357,0.0421,0.0994,0.0,0.2934,0.4087,144466.61,0.2615,2.4078,11.8808,0.0,4.0,0.2028,-0.3549,0.1069,0.0421,-0.1621,0.0124,2.6045,-0.5636,0.2687,0.2675,0.7755,0.0,116.027
0.5158,-1.357,0.1109,0.995,0.0876,0.0243,0.5089,267825.56,0.8455,4.4638,12.4981,3.0,4.0,0.4361,-1.1473,0.4303,0.1985,0.1495,0.0027,0.8489,-0.304,0.4411,0.3848,0.995,0.0243,151.3656
0.5392,-9.5392,0.0858,0.1876,0.3515,0.1423,0.978,344526.88,0.3919,5.7421,12.7499,4.0,2.0,0.2113,-3.7381,0.3832,0.4374,-0.2043,0.0122,2.0776,-1.6613,0.3823,0.3066,0.978,0.0858,134.9389
0.6424,-10.6828,0.03,0.2028,0.0126,0.2748,0.7432,125581.94,0.2651,2.093,11.7407,0.0,1.0,0.1703,-2.8317,0.197,0.0427,-0.0623,0.0083,1.3005,-5.104,0.3101,0.2827,0.7432,0.0126,150.2586
0.8267,-3.3593,0.0986,0.3025,0.017,0.155,0.7356,166896.97,0.4423,2.7816,12.0251,0.0,4.0,0.3657,-1.4859,0.3254,0.1157,-0.1398,0.0153,1.4572,-1.2077,0.3683,0.3153,0.8267,0.017,106.4644
0.6223,-2.8542,0.0235,0.2678,0.0,0.2458,0.2816,229293.48,0.9293,3.8216,12.3428,1.0,4.0,0.5783,-2.6523,0.2617,0.0235,-0.6615,0.0058,3.4572,-0.7469,0.3386,0.3317,0.9293,0.0,118.866
0.3545,-7.9064,0.0969,0.1422,0.1479,0.2868,0.6117,280133.1,0.1494,4.6689,12.543,3.0,2.0,0.053,-1.1812,0.0914,0.2447,-0.0072,0.0278,1.043,-1.6934,0.2556,0.1819,0.6117,0.0969,118.7606
0.4847,-2.4305,0.0282,0.1235,0.4069,0.1436,0.3099,282884.28,0.9573,4.7147,12.5528,3.0,4.0,0.464,-2.3266,0.2967,0.4351,-0.8338,0.004,7.6879,-0.5155,0.3506,0.3134,0.9573,0.0282,168.9262
0.7372,-13.7777,0.1154,0.256,0.0776,0.0691,0.6969,265933.1,0.3679,4.4322,12.491,3.0,0.0,0.2712,-5.0693,0.2564,0.193,-0.112,0.008,1.4318,-3.1085,0.3314,0.2844,0.7372,0.0691,118.045
0.4145,-1.357,0.0235,0.3878,0.0099,0.0701,0.2736,245920.28,0.9869,4.0987,12.4128,2.0,4.0,0.4091,-1.3393,0.27,0.0334,-0.5991,0.0016,2.5383,-0.3311,0.3095,0.3431,0.9869,0.0099,141.0253
0.528,-15.1245,0.0556,0.0955,0.0,0.0243,0.3196,162750.33,0.868,2.7125,12.0,0.0,0.0,0.4583,-13.1281,0.2774,0.0556,-0.7725,0.0014,8.9927,-5.5759,0.2701,0.3256,0.868,0.0,161.401
0.7725,-5.6989,0.0418,0.3049,0.237,0.0243,0.5678,248671.75,0.4789,4.1445,12.4239,2.0,3.0,0.3699,-2.729,0.2719,0.2788,-0.174,0.001,1.5656,-1.375,0.3467,0.2764,0.7725,0.0243,102.915
0.8798,-7.1916,0.0634,0.4731,0.0,0.0886,0.7266,170847.23,0.0918,2.8475,12.0485,0.0,2.0,0.0808,-0.6602,0.0667,0.0634,0.3813,0.0056,0.1936,-2.5256,0.3319,0.3594,0.8798,0.0,115.0096
0.8573,-7.3198,0.0235,0.5698,0.0,0.2077,0.5475,205983.17,0.7157,3.4331,12.2356,1.0,2.0,0.6136,-5.2385,0.3918,0.0235,-0.1459,0.0049,1.2538,-2.1322,0.4174,0.3406,0.8573,0.0,105.9023
0.7639,-11.1528,0.0235,0.0,0.0648,0.268,0.5276,236597.56,0.5475,3.9433,12.3741,2.0,1.0,0.4182,-6.1058,0.2888,0.0883,-0.5475,0.0063,544.5479,-2.8283,0.3136,0.3027,0.7639,0.0,98.346
0.6924,-7.3744,0.2045,0.0,0.0,0.1819,0.2457,240748.39,0.4985,4.0125,12.3915,2.0,2.0,0.3451,-3.6759,0.1225,0.2045,-0.4985,0.0372,495.8092,-1.8379,0.2604,0.2544,0.6924,0.0,119.9958
0.5399,-9.6194,0.13,0.1667,0.0684,0.1459,0.967,337060.03,0.1089,5.6177,12.728,4.0,1.0,0.0588,-1.0472,0.1053,0.1984,0.0578,0.019,0.6492,-1.7123,0.3038,0.3324,0.967,0.0684,145.4665
0.7585,-2.53,0.0879,0.2857,0.0697,0.3499,0.7156,166488.47,0.1867,2.7748,12.0227,0.0,4.0,0.1416,-0.4724,0.1336,0.1576,0.099,0.0308,0.6513,-0.9118,0.3506,0.2824,0.7585,0.0697,136.2444
0.8363,-6.5902,0.0859,0.4255,0.0,0.0544,0.6127,217536.03,0.4129,3.6256,12.2901,1.0,3.0,0.3453,-2.7209,0.253,0.0859,0.0127,0.0047,0.9679,-1.8177,0.3468,0.3148,0.8363,0.0,122.1437
0.8958,-1.357,0.0235,0.2659,0.0,0.3516,0.5949,321342.3,0.9883,5.3557,12.6803,4.0,4.0,0.8853,-1.3412,0.5879,0.0235,-0.7224,0.0083,3.7032,-0.2534,0.4457,0.3953,0.9883,0.0,82.4482
0.7377,-2.4959,0.0858,0.3051,0.0437,0.1609,0.7166,234560.92,0.6969,3.9093,12.3655,2.0,4.0,0.5141,-1.7393,0.4994,0.1295,-0.3918,0.0138,2.2767,-0.6384,0.3924,0.3146,0.7377,0.0437,86.6362
0.7172,-2.4881,0.1121,0.0236,0.0,0.161,0.3689,245872.11,0.7163,4.0979,12.4126,2.0,4.0,0.5137,-1.7821,0.2642,0.1121,-0.6927,0.018,29.1551,-0.6072,0.2999,0.3091,0.7172,0.0,131.9618
0.4277,-1.357,0.0235,0.8458,0.0,0.1727,0.6048,266057.78,0.4479,4.4343,12.4915,3.0,4.0,0.1916,-0.6078,0.2709,0.0235,0.3979,0.0041,0.5289,-0.306,0.3604,0.3126,0.8458,0.0,128.0526
0.6531,-22.885,0.0235,0.0,0.1844,0.085,0.38,310829.44,0.7037,5.1805,12.647,4.0,0.0,0.4595,-16.1034,0.2674,0.2079,-0.7037,0.002,699.9151,-4.4175,0.2899,0.2942,0.7037,0.0,167.664
0.3578,-14.7487,0.0473,0.8564,0.1621,0.3416,0.4129,224904.5,0.0681,3.7484,12.3234,1.0,0.0,0.0244,-1.0039,0.0281,0.2094,0.7883,0.0162,0.0794,-3.9347,0.3209,0.2772,0.8564,0.0473,120.8982
0.6346,-12.0499,0.1378,0.0,0.0,0.3688,0.658,217446.33,0.8137,3.6241,12.2897,1.0,1.0,0.5164,-9.8046,0.5354,0.1378,-0.8137,0.0508,809.3286,-3.3249,0.3733,0.336,0.8137,0.0,112.3776
0.8273,-8.8989,0.1313,0.2099,0.1018,0.0734,0.7199,297895.62,0.9363,4.9649,12.6045,4.0,2.0,0.7746,-8.3317,0.674,0.2331,-0.7264,0.0096,4.4399,-1.7923,0.4286,0.3809,0.9363,0.0734,95.7745
0.6288,-7.6157,0.1083,0.5159,0.0,0.0243,0.234,357916.62,0.5885,5.9653,12.7881,4.0,2.0,0.37,-4.4816,0.1377,0.1083,-0.0726,0.0026,1.1384,-1.2767,0.3,0.2723,0.6288,0.0,89.2136
0.6196,-6.0021,0.0464,0.3723,0.2863,0.0571,0.8445,246586.11,0.6288,4.1098,12.4155,2.0,3.0,0.3896,-3.7741,0.531,0.3327,-0.2565,0.0026,1.6844,-1.4604,0.4079,0.3039,0.8445,0.0464,90.2443
0.4207,-7.1399,0.0235,0.093,0.0,0.0823,0.5732,122927.06,0.7599,2.0488,11.7194,0.0,2.0,0.3197,-5.4254,0.4356,0.0235,-0.6669,0.0019,8.0856,-3.485,0.2789,0.3039,0.7599,0.0,114.0578
0.3775,-6.3939,0.0235,0.0,0.0,0.2959,0.6385,140957.28,0.6341,2.3493,11.8562,0.0,3.0,0.2394,-4.0546,0.4049,0.0235,-0.6341,0.007,630.7525,-2.7216,0.2814,0.2847,0.6385,0.0,70.4914
0.8039,-15.2619,0.051,0.099,0.0,0.137,0.3969,280156.16,0.8105,4.6693,12.5431,3.0,0.0,0.6515,-12.3692,0.3216,0.051,-0.7115,0.007,8.1036,-3.2686,0.3283,0.3505,0.8105,0.0,78.2652
0.4889,-7.9474,0.0235,0.4347,0.013,0.4688,0.0256,221778.44,0.8363,3.6963,12.3094,1.0,2.0,0.4089,-6.6466,0.0214,0.0365,-0.4016,0.011,1.9193,-2.1501,0.3273,0.3159,0.8363,0.013,152.4666
0.384,-7.0815,0.0235,0.1578,0.0,0.1616,0.7066,251284.12,0.6898,4.1881,12.4343,2.0,2.0,0.2649,-4.8848,0.4874,0.0235,-0.532,0.0038,4.3432,-1.6909,0.3033,0.2972,0.7066,0.0,109.888
0.5436,-16.4135,0.0235,0.1415,0.3478,0.0826,0.5674,279531.6,0.2479,4.6589,12.5409,3.0,0.0,0.1348,-4.0695,0.1407,0.3713,-0.1064,0.0019,1.7399,-3.5231,0.2792,0.2167,0.5674,0.0235,91.9811
0.6643,-5.9291,0.0235,0.4765,0.0842,0.2416,0.4714,280169.75,0.2495,4.6695,12.5432,3.0,3.0,0.1657,-1.4791,0.1176,0.1077,0.2271,0.0057,0.5224,-1.2698,0.3159,0.2311,0.6643,0.0235,95.2944
0.7227,-6.6191,0.1213,0.0649,0.0,0.2489,0.6857,226867.28,0.7441,3.7811,12.3321,1.0,3.0,0.5378,-4.9255,0.5103,0.1213,-0.6792,0.0302,11.2863,-1.7506,0.3697,0.3343,0.7441,0.0,124.9386
0.8168,-6.8472,0.0235,0.0,0.0,0.0953,0.9125,241688.47,0.6431,4.0281,12.3954,2.0,3.0,0.5253,-4.4036,0.5869,0.0235,-0.6431,0.0022,639.7046,-1.6998,0.3559,0.4156,0.9125,0.0,67.2367
0.6348,-7.3182,0.0235,0.243,0.0,0.1734,0.489,258697.19,0.9397,4.3116,12.4634,2.0,2.0,0.5965,-6.8767,0.4595,0.0235,-0.6966,0.0041,3.8507,-1.6973,0.3576,0.3463,0.9397,0.0,132.0912
0.6436,-3.3388,0.1102,0.0034,0.0858,0.2909,0.3312,257562.66,0.4589,4.2927,12.459,2.0,4.0,0.2953,-1.5321,0.152,0.196,-0.4554,0.0321,103.6864,-0.7778,0.2749,0.2272,0.6436,0.0034,148.0252
0.6365,-2.5808,0.2238,0.5299,0.0,0.2427,0.7269,262593.62,0.5769,4.3766,12.4784,3.0,4.0,0.3672,-1.489,0.4194,0.2238,-0.0471,0.0543,1.0868,-0.5897,0.4195,0.2659,0.7269,0.0,130.8312
0.7643,-16.0371,0.0646,0.069,0.0,0.1255,0.0256,281423.94,0.7029,4.6904,12.5476,3.0,0.0,0.5372,-11.272,0.018,0.0646,-0.6338,0.0081,10.0349,-3.4191,0.2503,0.3329,0.7643,0.0,139.3123
0.4718,-6.0589,0.0235,0.3702,0.0556,0.0585,0.5022,166488.31,0.7299,2.7748,12.0227,0.0,3.0,0.3443,-4.4222,0.3666,0.0791,-0.3597,0.0014,1.9664,-2.1835,0.3159,0.2747,0.7299,0.0235,121.4419
0.5439,-9.534,0.0235,0.3828,0.3439,0.2523,0.4859,362147.6,0.2785,6.0358,12.7998,4.0,2.0,0.1515,-2.6555,0.1353,0.3674,0.1042,0.0059,0.7258,-1.5796,0.3301,0.1711,0.5439,0.0235,150.4551
0.3579,-12.2044,0.0714,0.0,0.0,0.0474,0.3558,133907.8,0.8573,2.2318,11.8049,0.0,1.0,0.3068,-10.4632,0.305,0.0714,-0.8573,0.0034,852.7625,-5.4684,0.2414,0.3133,0.8573,0.0,112.5334
0.6749,-16.9768,0.0312,0.1956,0.0,0.0525,0.8221,277585.12,0.8193,4.6264,12.5339,3.0,0.0,0.5529,-13.9096,0.6736,0.0312,-0.6237,0.0016,4.1669,-3.6695,0.3708,0.3834,0.8221,0.0,88.8801
0.313,-15.0816,0.0235,0.0,0.1826,0.3916,0.7736,295960.38,0.8721,4.9327,12.598,4.0,0.0,0.2729,-13.1532,0.6747,0.2061,-0.8721,0.0092,867.4836,-3.0575,0.3652,0.3442,0.8721,0.0,150.1316
0.5098,-7.5397,0.0976,0.0,0.0,0.0243,0.7955,264073.8,0.6221,4.4012,12.484,3.0,2.0,0.3172,-4.6907,0.4949,0.0976,-0.6221,0.0024,618.8164,-1.7131,0.2928,0.3391,0.7955,0.0,122.1993
0.3799,-7.191,0.0444,0.316,0.1315,0.0243,0.6666,206940.72,0.8327,3.449,12.2402,1.0,2.0,0.3164,-5.9882,0.5551,0.1759,-0.5167,0.0011,2.6265,-2.0849,0.3422,0.3115,0.8327,0.0243,102.8802
0.5619,-12.0802,0.1163,0.1867,0.0,0.1235,0.566,241831.11,0.1523,4.0305,12.396,2.0,1.0,0.0856,-1.8402,0.0862,0.1163,0.0343,0.0144,0.8117,-2.9972,0.2438,0.2261,0.566,0.0,97.6136
0.5025,-1.357,0.0662,0.0,0.1934,0.0243,0.5341,218657.95,0.7965,3.6443,12.2953,1.0,4.0,0.4002,-1.0808,0.4254,0.2596,-0.7965,0.0016,792.2204,-0.3724,0.3024,0.3094,0.7965,0.0,110.2093
0.5908,-2.8283,0.1846,0.4389,0.0,0.2567,0.7355,248916.77,0.1679,4.1486,12.4249,2.0,4.0,0.0992,-0.4748,0.1235,0.1846,0.2711,0.0474,0.3816,-0.6818,0.3392,0.2599,0.7355,0.0,100.1445
0.4129,-4.9144,0.0235,0.4499,0.049,0.0612,0.279,224522.72,0.7833,3.742,12.3217,1.0,3.0,0.3234,-3.8496,0.2185,0.0725,-0.3335,0.0014,1.7374,-1.3133,0.2941,0.2785,0.7833,0.0235,90.5884
0.699,-8.8442,0.0235,0.5037,0.2069,0.1689,0.8792,214838.81,0.0899,3.5806,12.2776,1.0,2.0,0.0628,-0.7948,0.079,0.2304,0.4138,0.004,0.1781,-2.47,0.3673,0.3294,0.8792,0.0235,130.6072
0.6428,-1.357,0.0235,0.3139,0.1661,0.0783,0.2846,223473.16,0.6512,3.7246,12.3171,1.0,4.0,0.4186,-0.8837,0.1853,0.1896,-0.3373,0.0018,2.068,-0.3643,0.3086,0.2531,0.6512,0.0235,88.9629
0.7729,-6.7433,0.0944,0.1289,0.0,0.4325,0.7192,63973.0,0.0921,1.0662,11.0662,0.0,3.0,0.0712,-0.6213,0.0663,0.0944,0.0368,0.0408,0.7093,-6.3245,0.32,0.3212,0.7729,0.0,78.2893
0.5627,-4.0396,0.0569,0.7648,0.0,0.2175,0.6711,344832.03,0.6105,5.7472,12.7508,4.0,3.0,0.3435,-2.4663,0.4097,0.0569,0.1543,0.0124,0.7973,-0.7029,0.4119,0.3129,0.7648,0.0,116.2052
0.3713,-8.2445,0.0585,0.3567,0.0106,0.0243,0.6895,316580.8,0.848,5.2763,12.6653,4.0,2.0,0.3148,-6.9913,0.5847,0.0691,-0.4913,0.0014,2.3705,-1.5625,0.337,0.3339,0.848,0.0106,141.787
0.7175,-11.8841,0.0786,0.1157,0.0995,0.1389,0.7929,261871.39,0.3925,4.3645,12.4756,3.0,1.0,0.2816,-4.6641,0.3112,0.1782,-0.2767,0.0109,3.362,-2.7229,0.3337,0.3074,0.7929,0.0786,99.6956
0.7567,-4.0826,0.0599,0.995,0.2578,0.3859,0.6249,170171.19,0.3419,2.8362,12.0446,0.0,3.0,0.2587,-1.3957,0.2136,0.3177,0.6531,0.0231,0.3432,-1.4395,0.4889,0.3204,0.995,0.0599,103.6746
0.7156,-1.357,0.0235,0.0138,0.2579,0.2054,0.6801,221788.22,0.5347,3.6965,12.3095,1.0,4.0,0.3826,-0.7255,0.3636,0.2814,-0.5209,0.0048,36.1081,-0.3671,0.3473,0.296,0.7156,0.0138,94.8417
0.5577,-6.7937,0.1238,0.995,0.1056,0.117,0.291,251218.73,0.1931,4.187,12.4341,2.0,3.0,0.1077,-1.3116,0.0562,0.2294,0.8019,0.0145,0.1938,-1.6226,0.3405,0.3296,0.995,0.1056,121.8428
0.6738,-5.0596,0.033,0.2599,0.2641,0.0243,0.6579,272735.28,0.5527,4.5456,12.5163,3.0,3.0,0.3724,-2.7963,0.3636,0.2971,-0.2928,0.0008,2.1182,-1.1131,0.3522,0.2777,0.6738,0.0243,115.8476
0.7981,-2.0867,0.0235,0.0,0.0,0.2832,0.6614,235068.88,0.7647,3.9178,12.3676,2.0,4.0,0.6102,-1.5956,0.5057,0.0235,-0.7647,0.0067,760.5899,-0.5326,0.3615,0.3708,0.7981,0.0,95.0769
0.975,-2.8372,0.0235,0.0997,0.0,0.1705,0.2659,242401.81,0.8916,4.04,12.3984,2.0,4.0,0.8693,-2.5296,0.2371,0.0235,-0.7919,0.004,8.8574,-0.7023,0.3466,0.4113,0.975,0.0,115.9549
0.9186,-2.5078,0.0914,0.2827,0.0,0.133,0.4389,282355.3,0.3104,4.7059,12.5509,3.0,4.0,0.2851,-0.7784,0.1362,0.0914,-0.0277,0.0121,1.0942,-0.5329,0.3107,0.3063,0.9186,0.0,97.7378
0.638,-4.882,0.0235,0.2836,0.3628,0.0643,0.8131,248283.75,0.5824,4.1381,12.4223,2.0,3.0,0.3716,-2.8433,0.4736,0.3863,-0.2988,0.0015,2.0461,-1.1798,0.3954,0.2971,0.8131,0.0235,118.6264
0.6193,-10.8432,0.0754,0.224,0.1229,0.134,0.2699,207944.66,0.1902,3.4657,12.245,1.0,1.0,0.1178,-2.0624,0.0513,0.1983,0.0338,0.0101,0.8455,-3.1287,0.2337,0.1822,0.6193,0.0754,59.7681
0.5418,-5.9455,0.0299,0.1328,0.1588,0.2458,0.978,240634.16,0.4812,4.0106,12.391,2.0,3.0,0.2607,-2.861,0.4706,0.1887,-0.3484,0.0073,3.5973,-1.4824,0.3669,0.3275,0.978,0.0299,153.9247
0.337,-10.9045,0.1259,0.2024,0.0,0.0243,0.7196,232359.17,0.7221,3.8727,12.356,2.0,1.0,0.2434,-7.8745,0.5196,0.1259,-0.5198,0.0031,3.5506,-2.8158,0.3045,0.3059,0.7221,0.0,127.1123
0.4776,-17.5108,0.0781,0.516,0.0,0.0243,0.5614,213468.06,0.7713,3.5578,12.2712,1.0,0.0,0.3683,-13.5055,0.433,0.0781,-0.2553,0.0019,1.4919,-4.9218,0.3469,0.3078,0.7713,0.0,158.4073
0.975,-6.3267,0.1077,0.4928,0.058,0.0243,0.7887,241626.86,0.7263,4.0271,12.3952,2.0,3.0,0.7081,-4.5949,0.5728,0.1657,-0.2335,0.0026,1.4709,-1.571,0.4532,0.3917,0.975,0.0243,133.1893
0.7156,-9.168,0.1451,0.7386,0.2036,0.1116,0.4725,247955.58,0.1484,4.1326,12.421,2.0,2.0,0.1062,-1.3605,0.0701,0.3487,0.5902,0.0162,0.2007,-2.2185,0.3622,0.2767,0.7386,0.1116,135.8063
0.4169,-1.357,0.1445,0.4776,0.0,0.0243,0.5275,160167.62,0.7233,2.6695,11.984,0.0,4.0,0.3016,-0.9815,0.3816,0.1445,-0.2456,0.0035,1.5112,-0.5083,0.3306,0.2768,0.7233,0.0,72.729
0.958,-4.6547,0.0319,0.0,0.0,0.0569,0.6523,286599.6,0.4039,4.7767,12.5658,3.0,3.0,0.387,-1.8802,0.2635,0.0319,-0.4039,0.0018,401.7798,-0.9745,0.3004,0.3827,0.958,0.0,170.1345
0.5047,-17.829,0.0967,0.2924,0.0,0.0243,0.8599,277565.9,0.6255,4.6261,12.5338,3.0,0.0,0.3157,-11.1514,0.5378,0.0967,-0.3331,0.0024,2.1321,-3.854,0.3434,0.3305,0.8599,0.0,131.0825
0.8039,-13.808,0.0235,0.0944,0.0,0.2436,0.4089,307436.53,0.9243,5.1239,12.636,4.0,0.0,0.743,-12.7632,0.378,0.0235,-0.8299,0.0057,9.6874,-2.6948,0.3569,0.3752,0.9243,0.0,134.6454
0.671,-13.8045,0.0235,0.0726,0.0212,0.056,0.6528,384516.97,0.8393,6.4086,12.8597,4.0,0.0,0.5632,-11.5857,0.5479,0.0447,-0.7667,0.0013,11.4066,-2.1541,0.3338,0.3675,0.8393,0.0212,119.3267
0.5129,-10.5665,0.1738,0.3956,0.0,0.2328,0.6819,277071.4,0.1855,4.6179,12.532,3.0,1.0,0.0952,-1.9604,0.1265,0.1738,0.2101,0.0405,0.4678,-2.2882,0.3118,0.232,0.6819,0.0,110.7748
0.6927,-13.8653,0.0462,0.0,0.0,0.2045,0.7736,131413.48,0.2588,2.1902,11.7861,0.0,0.0,0.1793,-3.5883,0.2002,0.0462,-0.2588,0.0094,257.4202,-6.3305,0.2823,0.3244,0.7736,0.0,182.4904
0.8482,-12.0521,0.0695,0.3667,0.0,0.2031,0.9459,281099.4,0.0688,4.685,12.5465,3.0,1.0,0.0584,-0.8292,0.0651,0.0695,0.2979,0.0141,0.1871,-2.5725,0.3574,0.3884,0.9459,0.0,120.8934
0.975,-10.9468,0.0444,0.2823,0.1339,0.3813,0.3689,209376.8,0.0542,3.4896,12.2519,1.0,1.0,0.0528,-0.5933,0.02,0.1783,0.2281,0.0169,0.1913,-3.137,0.32,0.3209,0.975,0.0444,137.4531
0.6833,-1.357,0.0235,0.2705,0.0396,0.2058,0.5661,205566.95,0.4248,3.4261,12.2335,1.0,4.0,0.2903,-0.5765,0.2405,0.0631,-0.1543,0.0048,1.5645,-0.3961,0.3162,0.2535,0.6833,0.0235,148.4342
0.847,-12.7195,0.0235,0.5928,0.4045,0.1149,0.6908,258471.81,0.0319,4.3079,12.4625,2.0,0.0,0.027,-0.4062,0.0221,0.428,0.5608,0.0027,0.0538,-2.9526,0.3865,0.3363,0.847,0.0235,122.4425
0.3897,-9.419,0.0465,0.0,0.2471,0.0243,0.5465,217848.11,0.8837,3.6308,12.2916,1.0,2.0,0.3443,-8.3232,0.4829,0.2935,-0.8837,0.0011,878.9554,-2.5942,0.3054,0.3272,0.8837,0.0,148.6362
0.6629,-7.6544,0.1152,0.5446,0.2218,0.2649,0.668,163662.98,0.0714,2.7277,12.0056,0.0,2.0,0.0473,-0.5465,0.0477,0.3369,0.4732,0.0305,0.1309,-2.8062,0.3641,0.2556,0.668,0.0714,133.3689
0.4027,-6.7153,0.0235,0.448,0.2927,0.0982,0.4315,203794.6,0.3324,3.3966,12.2249,1.0,3.0,0.1339,-2.2322,0.1434,0.3162,0.1156,0.0023,0.7404,-1.9771,0.2899,0.167,0.448,0.0235,135.1289
0.6518,-8.23,0.0951,0.0498,0.0,0.3768,0.7419,161620.44,0.4713,2.6937,11.993,0.0,2.0,0.3072,-3.8785,0.3496,0.0951,-0.4215,0.0358,9.2779,-3.0553,0.341,0.2992,0.7419,0.0,127.8224
0.5113,-6.9663,0.0585,0.3487,0.0,0.0243,0.7446,216869.61,0.6909,3.6145,12.2871,1.0,2.0,0.3533,-4.8128,0.5144,0.0585,-0.3422,0.0014,1.9755,-1.9273,0.3398,0.3191,0.7446,0.0,150.8943
0.4985,-15.7778,0.0687,0.3639,0.1659,0.2417,0.978,272747.38,0.0542,4.5458,12.5163,3.0,0.0,0.027,-0.8552,0.053,0.2346,0.3097,0.0166,0.1485,-3.4709,0.3387,0.3235,0.978,0.0542,142.6157
0.6301,-7.8594,0.0235,0.4866,0.0,0.063,0.7347,178944.83,0.1588,2.9824,12.0948,0.0,2.0,0.1001,-1.2481,0.1167,0.0235,0.3278,0.0015,0.3257,-2.6352,0.2995,0.3096,0.7347,0.0,110.001
0.8286,-17.6023,0.0235,0.0,0.262,0.3316,0.836,247058.73,0.6409,4.1176,12.4174,2.0,0.0,0.531,-11.2807,0.5358,0.2855,-0.6409,0.0078,637.45,-4.2749,0.4175,0.3548,0.836,0.0,122.0513
0.8184,-2.8798,0.0235,0.0165,0.0,0.301,0.7045,220181.77,0.4501,3.6697,12.3022,1.0,4.0,0.3683,-1.2961,0.3171,0.0235,-0.4335,0.0071,25.658,-0.7847,0.3306,0.3404,0.8184,0.0,125.5845
0.8059,-3.5742,0.0235,0.1796,0.0,0.0888,0.4028,243471.75,0.5643,4.0579,12.4028,2.0,4.0,0.4548,-2.0171,0.2273,0.0235,-0.3847,0.0021,3.1244,-0.8808,0.295,0.306,0.8059,0.0,139.3574
0.6851,-6.7268,0.0905,0.3865,0.3079,0.2677,0.7728,255770.31,0.0149,4.2628,12.452,2.0,3.0,0.0102,-0.1,0.0115,0.3985,0.3716,0.0242,0.0384,-1.578,0.3608,0.2828,0.7728,0.0149,113.6201
0.3656,-4.9201,0.0235,0.0,0.2299,0.1267,0.2758,242029.56,0.6643,4.0338,12.3968,2.0,3.0,0.2428,-3.2683,0.1832,0.2534,-0.6643,0.003,660.7252,-1.2197,0.2408,0.2289,0.6643,0.0,114.2154
0.5531,-14.7747,0.0696,0.995,0.1845,0.0243,0.7352,221431.06,0.5522,3.6905,12.3079,1.0,0.0,0.3054,-8.1586,0.406,0.254,0.4428,0.0017,0.5544,-4.0034,0.4448,0.3642,0.995,0.0243,141.9267
0.4714,-7.2326,0.0235,0.1895,0.0,0.0744,0.6059,225241.47,0.1887,3.754,12.3249,1.0,2.0,0.089,-1.365,0.1143,0.0235,0.0008,0.0017,0.9905,-1.9266,0.2219,0.2317,0.6059,0.0,79.1892
0.769,-7.9471,0.1158,0.2598,0.067,0.1479,0.8444,316724.6,0.2316,5.2787,12.6658,4.0,2.0,0.1781,-1.8406,0.1956,0.1827,0.0282,0.0171,0.8879,-1.5055,0.3479,0.3209,0.8444,0.067,110.5351
0.4147,-1.357,0.0985,0.1208,0.0,0.167,0.7798,270944.56,0.6971,4.5157,12.5097,3.0,4.0,0.2891,-0.9459,0.5436,0.0985,-0.5763,0.0164,5.7224,-0.3005,0.3254,0.3101,0.7798,0.0,154.2865
0.556,-9.5672,0.0849,0.3637,0.1728,0.0243,0.7538,277027.22,0.7138,4.6171,12.5319,3.0,2.0,0.3968,-6.8291,0.5381,0.2577,-0.3501,0.0021,1.9575,-2.0721,0.3813,0.2997,0.7538,0.0243,119.1975
0.47,-10.3981,0.0235,0.0639,0.0,0.2689,0.0256,205875.1,0.9975,3.4313,12.235,1.0,1.0,0.4688,-10.3717,0.0255,0.0235,-0.9336,0.0063,15.3766,-3.0304,0.2642,0.3663,0.9975,0.0,110.2465
0.6424,-8.8668,0.0546,0.26,0.0598,0.0779,0.7322,159996.97,0.2528,2.6666,11.9829,0.0,2.0,0.1624,-2.2415,0.1851,0.1143,0.0072,0.0042,0.9685,-3.3251,0.2971,0.2814,0.7322,0.0546,137.9925
0.6642,-13.8704,0.1128,0.312,0.0,0.1038,0.2819,276664.78,0.5673,4.6111,12.5306,3.0,0.0,0.3768,-7.8692,0.1599,0.1128,-0.2553,0.0117,1.8124,-3.0081,0.2917,0.2475,0.6642,0.0,70.5212
0.8383,-10.9866,0.0478,0.145,0.0,0.2369,0.5791,335023.03,0.4249,5.5837,12.722,4.0,1.0,0.3562,-4.6678,0.246,0.0478,-0.2799,0.0113,2.9105,-1.9676,0.3246,0.3057,0.8383,0.0,128.3635
0.6319,-15.2461,0.0235,0.3469,0.0,0.2175,0.5599,269978.5,0.4238,4.4996,12.5061,3.0,0.0,0.2678,-6.4613,0.2373,0.0235,-0.0769,0.0051,1.2183,-3.3883,0.3148,0.2473,0.6319,0.0,76.1017
0.7179,-10.0619,0.0294,0.2534,0.0,0.0243,0.2686,266954.28,0.5355,4.4492,12.4948,3.0,1.0,0.3844,-5.3878,0.1438,0.0294,-0.282,0.0007,2.1046,-2.2615,0.2613,0.2775,0.7179,0.0,92.6959
0.5304,-4.396,0.0235,0.1702,0.0,0.3338,0.6376,305849.06,0.8705,5.0975,12.6308,4.0,3.0,0.4617,-3.8266,0.555,0.0235,-0.7003,0.0078,5.0855,-0.8624,0.3666,0.3281,0.8705,0.0,135.1361
0.6358,-5.6729,0.0819,0.0,0.0,0.0736,0.486,286054.44,0.9283,4.7676,12.5639,3.0,3.0,0.5902,-5.2659,0.4512,0.0819,-0.9283,0.006,923.3177,-1.1899,0.3151,0.3695,0.9283,0.0,127.0124
0.3449,-5.0772,0.0511,0.0694,0.0,0.0243,0.4655,291158.5,0.8679,4.8526,12.5816,3.0,3.0,0.2993,-4.4064,0.404,0.0511,-0.7984,0.0012,12.3244,-1.0463,0.2604,0.322,0.8679,0.0,146.7411
0.3929,-13.1462,0.1645,0.3871,0.2548,0.2132,0.6521,254734.36,0.2345,4.2456,12.448,2.0,0.0,0.0922,-3.0832,0.1529,0.4193,0.1526,0.0351,0.6043,-3.0965,0.3284,0.1667,0.6521,0.1645,65.0911
0.7888,-17.4376,0.0714,0.0675,0.354,0.0243,0.4964,304764.3,0.7164,5.0794,12.6273,4.0,0.0,0.5651,-12.4923,0.3556,0.4254,-0.6489,0.0017,10.4546,-3.433,0.3598,0.3191,0.7888,0.0243,83.9866
0.5719,-7.6306,0.1244,0.3095,0.0866,0.0896,0.654,286828.62,0.6445,4.7805,12.5666,3.0,2.0,0.3686,-4.9182,0.4215,0.211,-0.335,0.0111,2.0758,-1.5962,0.3543,0.2639,0.654,0.0866,143.6083
0.4529,-4.0686,0.1778,0.5588,0.4446,0.1116,0.4445,242311.89,0.8721,4.0385,12.398,2.0,3.0,0.395,-3.5483,0.3877,0.6224,-0.3133,0.0198,1.5579,-1.0074,0.4375,0.2509,0.8721,0.1116,135.4983
0.6019,-9.6816,0.0363,0.995,0.1277,0.27,0.7589,241513.38,0.0466,4.0252,12.3947,2.0,1.0,0.028,-0.4512,0.0354,0.1641,0.9484,0.0098,0.0468,-2.4052,0.4052,0.3811,0.995,0.0363,145.789
0.6388,-11.7838,0.0701,0.1689,0.0,0.0243,0.7713,245822.77,0.5169,4.097,12.4124,2.0,1.0,0.3302,-6.0907,0.3987,0.0701,-0.348,0.0017,3.0421,-2.8762,0.3129,0.3212,0.7713,0.0,146.1624
0.4065,-7.8797,0.0888,0.1615,0.2913,0.1658,0.398,135073.92,0.7525,2.2512,11.8136,0.0,2.0,0.3059,-5.9292,0.2995,0.3801,-0.5909,0.0147,4.6298,-3.5002,0.3235,0.225,0.7525,0.0888,75.6545
0.5617,-1.357,0.1297,0.0867,0.0,0.2649,0.4449,358062.47,0.972,5.9677,12.7885,4.0,4.0,0.5459,-1.319,0.4325,0.1297,-0.8853,0.0344,11.0836,-0.2274,0.3514,0.3387,0.972,0.0,142.5392
0.8041,-10.754,0.193,0.3076,0.0,0.0243,0.0997,250269.28,0.8861,4.1712,12.4303,2.0,1.0,0.7125,-9.5287,0.0884,0.193,-0.5784,0.0047,2.871,-2.5782,0.3307,0.3671,0.8861,0.0,114.3155
0.8115,-1.357,0.1901,0.1912,0.2323,0.2311,0.2964,153862.81,0.9923,2.5644,11.9438,0.0,4.0,0.8053,-1.3466,0.2942,0.4225,-0.8011,0.0439,5.1634,-0.5292,0.4207,0.3347,0.9923,0.1901,120.2809
0.6858,-10.8365,0.1606,0.1596,0.0917,0.1319,0.4569,164723.05,0.2095,2.7454,12.012,0.0,1.0,0.1437,-2.2706,0.0957,0.2522,-0.0499,0.0212,1.3047,-3.9472,0.2709,0.2185,0.6858,0.0917,131.1619
0.7388,-10.5304,0.0235,0.1339,0.2344,0.1644,0.6028,180177.64,0.3449,3.003,12.1017,0.0,1.0,0.2548,-3.6316,0.2079,0.2579,-0.2109,0.0039,2.556,-3.5067,0.3204,0.2614,0.7388,0.0235,158.5431
0.7265,-3.9478,0.0972,0.2937,0.3628,0.0902,0.4516,254562.52,0.3285,4.2427,12.4473,2.0,4.0,0.2386,-1.2967,0.1483,0.4599,-0.0348,0.0088,1.1148,-0.9305,0.3358,0.2183,0.7265,0.0902,73.88
0.477,-6.9559,0.1186,0.069,0.1065,0.1949,0.0256,127546.28,0.5169,2.1258,11.7562,0.0,2.0,0.2466,-3.5952,0.0132,0.2251,-0.4478,0.0231,7.3789,-3.2722,0.2155,0.1993,0.5169,0.0256,100.1809
0.858,-8.4595,0.0709,0.3667,0.185,0.0243,0.4095,357634.56,0.6862,5.9606,12.7873,4.0,2.0,0.5888,-5.8049,0.281,0.2558,-0.3195,0.0017,1.8664,-1.4192,0.3715,0.3117,0.858,0.0243,105.9781
0.3999,-2.0999,0.1557,0.2588,0.0,0.0243,0.6512,307613.44,0.4368,5.1269,12.6366,4.0,4.0,0.1747,-0.9172,0.2844,0.1557,-0.178,0.0038,1.6811,-0.4096,0.2753,0.2367,0.6512,0.0,77.3367
0.5501,-4.9444,0.1144,0.7353,0.1517,0.2875,0.0256,249558.33,0.8454,4.1593,12.4275,2.0,3.0,0.4651,-4.18,0.0216,0.2662,-0.1101,0.0329,1.1482,-1.1888,0.3872,0.3236,0.8454,0.0256,117.6336
0.3905,-6.6375,0.0668,0.0,0.0,0.173,0.5278,174581.23,0.3745,2.9097,12.0702,0.0,3.0,0.1462,-2.4855,0.1976,0.0668,-0.3745,0.0116,372.4702,-2.2812,0.2189,0.2122,0.5278,0.0,69.5567
0.4868,-10.7599,0.1611,0.4571,0.0,0.0243,0.4125,220089.86,0.9613,3.6682,12.3018,1.0,1.0,0.468,-10.3439,0.3966,0.1611,-0.5043,0.0039,2.0986,-2.9333,0.3576,0.3346,0.9613,0.0,104.7464
0.5529,-6.9139,0.0235,0.4713,0.0376,0.0772,0.4786,241260.28,0.817,4.021,12.3936,2.0,3.0,0.4517,-5.6487,0.391,0.0611,-0.3457,0.0018,1.7299,-1.7195,0.3512,0.308,0.817,0.0235,72.4037
0.775,-3.9277,0.0508,0.2656,0.0,0.0243,0.4726,151562.77,0.6059,2.526,11.9288,0.0,4.0,0.4695,-2.3796,0.2863,0.0508,-0.3402,0.0012,2.2723,-1.5549,0.3135,0.3101,0.775,0.0,140.409
0.5159,-16.5845,0.0235,0.5271,0.0795,0.3419,0.4439,293940.44,0.1177,4.899,12.5911,4.0,0.0,0.0607,-1.9525,0.0523,0.103,0.4094,0.008,0.2229,-3.3853,0.2928,0.2155,0.5271,0.0235,107.1
0.637,-6.0992,0.0919,0.0,0.0788,0.0796,0.5694,225014.05,0.5125,3.7502,12.3239,1.0,3.0,0.3265,-3.1256,0.2918,0.1708,-0.5125,0.0073,509.7345,-1.6264,0.2813,0.2768,0.637,0.0,115.928
0.8278,-8.256,0.1099,0.6039,0.121,0.1647,0.978,123666.93,0.2348,2.0611,11.7254,0.0,2.0,0.1944,-1.9385,0.2296,0.2309,0.3691,0.0181,0.3882,-4.0056,0.4343,0.364,0.978,0.1099,120.2866
0.3158,-18.7747,0.0235,0.3725,0.0038,0.1803,0.7909,244569.73,0.2777,4.0762,12.4073,2.0,0.0,0.0877,-5.2144,0.2196,0.0273,0.0948,0.0042,0.7435,-4.606,0.2807,0.2655,0.7909,0.0038,111.6049
0.8347,-8.8116,0.1159,0.2268,0.0,0.0243,0.411,223114.1,0.5605,3.7186,12.3154,1.0,2.0,0.4678,-4.9386,0.2303,0.1159,-0.3337,0.0028,2.4608,-2.3696,0.3104,0.3084,0.8347,0.0,106.3672
0.5679,-13.8355,0.1726,0.0,0.3479,0.0243,0.8238,273886.28,0.7764,4.5648,12.5205,3.0,0.0,0.4409,-10.7419,0.6396,0.5205,-0.7764,0.0042,772.2607,-3.0309,0.3876,0.3425,0.8238,0.0,125.446
0.7209,-8.73,0.163,0.3813,0.3722,0.1116,0.9458,243784.25,0.0988,4.0631,12.404,2.0,2.0,0.0712,-0.8625,0.0934,0.5352,0.2825,0.0182,0.2584,-2.1486,0.3991,0.3246,0.9458,0.0988,105.3572
0.6689,-12.619,0.1011,0.0788,0.0895,0.0243,0.2481,268042.5,0.4924,4.4674,12.4989,3.0,0.0,0.3294,-6.2136,0.1222,0.1907,-0.4136,0.0025,6.1704,-2.8247,0.2433,0.2457,0.6689,0.0243,148.3501
0.5931,-11.8784,0.0691,0.4828,0.0438,0.0782,0.5734,270068.4,0.1023,4.5011,12.5064,3.0,1.0,0.0607,-1.2156,0.0587,0.1129,0.3805,0.0054,0.2115,-2.639,0.2775,0.2575,0.5931,0.0438,115.9981
0.5989,-12.5867,0.0976,0.0993,0.0678,0.1645,0.581,235968.16,0.8859,3.9328,12.3715,2.0,0.0,0.5306,-11.151,0.5148,0.1654,-0.7867,0.0161,8.836,-3.2004,0.3564,0.3273,0.8859,0.0678,167.9
0.6392,-3.5677,0.0752,0.1235,0.309,0.0243,0.7329,293946.6,0.3719,4.8991,12.5912,4.0,4.0,0.2377,-1.3267,0.2725,0.3841,-0.2484,0.0018,2.9865,-0.7282,0.3251,0.2772,0.7329,0.0243,105.5089
0.6242,-16.374,0.0641,0.3875,0.2525,0.1419,0.6978,241540.94,0.0136,4.0257,12.3948,2.0,0.0,0.0085,-0.2227,0.0095,0.3165,0.3739,0.0091,0.035,-4.0674,0.3117,0.2693,0.6978,0.0136,150.1975
0.6529,-4.6711,0.0546,0.4486,0.0,0.3954,0.8587,243588.86,0.6823,4.0598,12.4032,2.0,3.0,0.4455,-3.1873,0.5859,0.0546,-0.2337,0.0216,1.5175,-1.1506,0.4418,0.3224,0.8587,0.0,155.1685
0.3195,-9.5698,0.047,0.4537,0.067,0.0243,0.6711,262358.1,0.8489,4.3726,12.4775,3.0,1.0,0.2712,-8.1235,0.5697,0.114,-0.3951,0.0011,1.8668,-2.1886,0.3474,0.327,0.8489,0.0243,118.319
0.6643,-9.8188,0.1244,0.344,0.3315,0.0243,0.4489,256449.25,0.6397,4.2742,12.4547,2.0,1.0,0.4249,-6.2807,0.2871,0.456,-0.2956,0.003,1.8539,-2.2972,0.3682,0.2406,0.6643,0.0243,117.7484
0.646,-13.8287,0.0857,0.5095,0.3945,0.2469,0.6417,279153.78,0.0871,4.6526,12.5395,3.0,0.0,0.0563,-1.2049,0.0559,0.4802,0.4224,0.0212,0.1707,-2.9723,0.3731,0.2401,0.646,0.0857,132.9719
0.4787,-8.2357,0.2336,0.0874,0.0,0.0243,0.6286,276639.16,0.9074,4.6107,12.5305,3.0,2.0,0.4344,-7.4731,0.5704,0.2336,-0.82,0.0057,10.2599,-1.7862,0.3372,0.3452,0.9074,0.0,132.8953
0.4921,-3.7698,0.1237,0.3933,0.0513,0.239,0.7395,254546.0,0.5455,4.2424,12.4472,2.0,4.0,0.2684,-2.0563,0.4034,0.175,-0.1521,0.0296,1.3833,-0.8886,0.3692,0.2457,0.7395,0.0513,110.8177
0.3845,-12.8144,0.0235,0.0948,0.0,0.1418,0.0256,246522.22,0.6198,4.1087,12.4152,2.0,0.0,0.2383,-7.9424,0.0159,0.0235,-0.525,0.0033,6.4681,-3.1189,0.1843,0.2326,0.6198,0.0,125.755
0.7115,-16.0771,0.1419,0.0394,0.0441,0.3558,0.3725,283539.4,0.5885,4.7257,12.5551,3.0,0.0,0.4187,-9.4619,0.2192,0.186,-0.5491,0.0505,14.5587,-3.4021,0.322,0.2633,0.7115,0.0394,102.8758
0.7437,-6.2579,0.1584,0.4659,0.2329,0.0243,0.4851,253841.88,0.4877,4.2307,12.4445,2.0,3.0,0.3627,-3.0522,0.2366,0.3913,-0.0218,0.0038,1.0445,-1.4792,0.3712,0.2446,0.7437,0.0243,154.2669
0.6372,-2.6613,0.0235,0.3311,0.0,0.4536,0.4946,250858.16,0.4445,4.181,12.4326,2.0,4.0,0.2833,-1.183,0.2199,0.0235,-0.1134,0.0107,1.3384,-0.6365,0.3407,0.2422,0.6372,0.0,78.6962
0.3308,-17.6438,0.0381,0.2724,0.0136,0.4024,0.4957,229441.73,0.1941,3.824,12.3434,1.0,0.0,0.0642,-3.4241,0.0962,0.0517,0.0783,0.0153,0.7099,-4.6139,0.2496,0.1801,0.4957,0.0136,82.8988
0.3328,-1.357,0.054,0.2588,0.1918,0.1208,0.7266,206695.16,0.4108,3.4449,12.239,1.0,4.0,0.1367,-0.5575,0.2985,0.2458,-0.152,0.0065,1.5811,-0.3939,0.2994,0.2241,0.7266,0.054,113.5676
0.6397,-4.9232,0.0585,0.0496,0.0,0.0243,0.6375,158840.11,0.5649,2.6473,11.9757,0.0,3.0,0.3614,-2.781,0.3601,0.0585,-0.5152,0.0014,11.1524,-1.8597,0.2821,0.312,0.6397,0.0,92.231
0.8142,-12.9869,0.073,0.2239,0.4779,0.0243,0.7968,242688.48,0.8031,4.0448,12.3995,2.0,0.0,0.6539,-10.4302,0.6399,0.5509,-0.5792,0.0018,3.5706,-3.2108,0.459,0.3541,0.8142,0.0243,101.0723
0.8189,-6.1933,0.0235,0.3399,0.4034,0.1268,0.5411,337941.66,0.4185,5.6324,12.7306,4.0,3.0,0.3427,-2.5917,0.2264,0.4269,-0.0785,0.003,1.2275,-1.0996,0.3817,0.2625,0.8189,0.0235,121.6137
0.4616,-5.3966,0.0958,0.1924,0.3,0.2901,0.5356,353512.4,0.4984,5.8919,12.7757,4.0,3.0,0.2301,-2.6897,0.2669,0.3958,-0.306,0.0278,2.5766,-0.9159,0.3391,0.1651,0.5356,0.0958,117.8306
0.5564,-7.0278,0.0604,0.0,0.0674,0.1259,0.4906,264126.56,0.7725,4.4021,12.4842,3.0,2.0,0.4298,-5.4288,0.379,0.1277,-0.7725,0.0076,768.3484,-1.5965,0.2962,0.3047,0.7725,0.0,157.9562
0.848,-7.2481,0.0594,0.4246,0.0,0.2537,0.3515,202852.94,0.5391,3.3809,12.2202,1.0,2.0,0.4572,-3.9077,0.1895,0.0594,-0.1145,0.0151,1.2667,-2.1438,0.3538,0.2902,0.848,0.0,124.0562
0.5318,-10.9396,0.167,0.0,0.2431,0.2339,0.8794,261513.9,0.0769,4.3586,12.4742,3.0,1.0,0.0409,-0.8416,0.0677,0.41,-0.0769,0.0391,76.5232,-2.5099,0.3046,0.3039,0.8794,0.0,84.6539
0.6529,-20.8049,0.0235,0.5076,0.0685,0.3085,0.5672,187775.33,0.5042,3.1296,12.143,1.0,0.0,0.3292,-10.4898,0.286,0.092,0.0034,0.0073,0.9913,-6.6478,0.3761,0.2484,0.6529,0.0235,136.5988
0.8869,-8.7157,0.0235,0.3898,0.0039,0.2165,0.5927,266783.2,0.2657,4.4464,12.4942,3.0,2.0,0.2357,-2.3161,0.1575,0.0274,0.1241,0.0051,0.68,-1.9602,0.3399,0.3161,0.8869,0.0039,91.21
0.6427,-11.0949,0.1255,0.4209,0.1159,0.1541,0.3511,255962.02,0.0658,4.266,12.4528,2.0,1.0,0.0423,-0.73,0.0231,0.2415,0.3551,0.0193,0.156,-2.6007,0.268,0.2113,0.6427,0.0658,106.857
0.5689,-11.1838,0.1182,0.0566,0.0,0.1795,0.0256,300977.75,0.6418,5.0163,12.6148,4.0,1.0,0.3651,-7.1778,0.0164,0.1182,-0.5852,0.0212,11.136,-2.2295,0.2272,0.2659,0.6418,0.0,133.8633
0.7392,-4.9341,0.0235,0.2887,0.319,0.0931,0.8571,237977.17,0.3634,3.9663,12.3799,2.0,3.0,0.2686,-1.793,0.3115,0.3425,-0.0747,0.0022,1.2542,-1.244,0.3834,0.3104,0.8571,0.0235,124.6541
0.6379,-1.357,0.0235,0.0,0.2512,0.2383,0.5087,284970.62,0.6228,4.7495,12.5601,3.0,4.0,0.3973,-0.8451,0.3168,0.2747,-0.6228,0.0056,619.4796,-0.2857,0.3261,0.2677,0.6379,0.0,140.159
0.5392,-7.9806,0.1168,0.268,0.0,0.332,0.783,271372.03,0.3659,4.5229,12.5112,3.0,2.0,0.1973,-2.9204,0.2865,0.1168,-0.0979,0.0388,1.3604,-1.7645,0.3436,0.2605,0.783,0.0,154.3182
0.7433,-6.8361,0.0317,0.25,0.03,0.0915,0.7586,266467.97,0.1551,4.4411,12.493,3.0,3.0,0.1153,-1.0601,0.1176,0.0618,0.0949,0.0029,0.6178,-1.5393,0.2943,0.321,0.7586,0.03,56.1844
0.5129,-8.5567,0.0235,0.056,0.4026,0.2879,0.5375,237921.17,0.8124,3.9654,12.3797,2.0,2.0,0.4167,-6.9515,0.4367,0.4261,-0.7564,0.0068,14.2583,-2.1579,0.3761,0.28,0.8124,0.0235,132.4675
0.635,-13.6765,0.0964,0.1177,0.0,0.3435,0.0256,220929.8,0.9722,3.6822,12.3056,1.0,0.0,0.6173,-13.2963,0.0249,0.0964,-0.8545,0.0331,8.1895,-3.7143,0.3129,0.3662,0.9722,0.0,89.7667
0.8372,-10.1619,0.0271,0.1359,0.0,0.0243,0.1755,255775.2,0.9473,4.2629,12.4521,2.0,1.0,0.7931,-9.6267,0.1663,0.0271,-0.8114,0.0007,6.9191,-2.3838,0.3068,0.4062,0.9473,0.0,104.801
0.7215,-23.7848,0.1225,0.2931,0.2228,0.0243,0.2837,236943.11,0.7643,3.9491,12.3756,2.0,0.0,0.5514,-18.1779,0.2168,0.3453,-0.4712,0.003,2.5987,-6.0229,0.3475,0.2861,0.7643,0.0243,125.4906
0.4875,-7.0493,0.1371,0.509,0.156,0.0243,0.8682,336874.4,0.5394,5.6146,12.7275,4.0,2.0,0.263,-3.8024,0.4683,0.2931,-0.0304,0.0033,1.0576,-1.2555,0.3888,0.2964,0.8682,0.0243,113.6824
0.8969,-13.6627,0.0928,0.1917,0.0,0.0243,0.3769,202776.62,0.2331,3.3796,12.2199,1.0,0.0,0.209,-3.1843,0.0878,0.0928,-0.0413,0.0023,1.2093,-4.0427,0.2594,0.3098,0.8969,0.0,175.102
0.4925,-8.7396,0.0235,0.106,0.0452,0.1512,0.7491,212515.45,0.4189,3.5419,12.2668,1.0,2.0,0.2063,-3.6607,0.3138,0.0687,-0.3129,0.0036,3.9162,-2.4675,0.2838,0.2745,0.7491,0.0235,104.7822
0.6039,-11.3965,0.0235,0.0475,0.0,0.1716,0.6036,186473.62,0.9581,3.1079,12.136,1.0,1.0,0.5786,-10.9194,0.5783,0.0235,-0.9106,0.004,19.7583,-3.667,0.344,0.3766,0.9581,0.0,154.3182
0.6346,-9.6924,0.0911,0.5767,0.2595,0.1238,0.5624,313965.94,0.0865,5.2328,12.657,4.0,1.0,0.0549,-0.8387,0.0487,0.3506,0.4902,0.0113,0.1498,-1.8523,0.3335,0.2488,0.6346,0.0865,86.4117
0.4385,-12.3924,0.0235,0.4489,0.0,0.1824,0.3059,202927.27,0.8783,3.3821,12.2206,1.0,0.0,0.3852,-10.8847,0.2687,0.0235,-0.4295,0.0043,1.9524,-3.6641,0.3254,0.3032,0.8783,0.0,64.8402
0.6432,-9.3359,0.1761,0.0,0.0,0.2056,0.978,315836.88,0.5278,5.2639,12.663,4.0,2.0,0.3395,-4.9275,0.5162,0.1761,-0.5278,0.0362,524.9861,-1.7736,0.3615,0.3668,0.978,0.0,112.87
0.427,-9.4902,0.0285,0.171,0.2678,0.238,0.4387,255578.03,0.6468,4.2596,12.4513,2.0,2.0,0.2762,-6.1383,0.2838,0.2963,-0.4758,0.0068,3.7607,-2.2279,0.3168,0.2037,0.6468,0.0285,163.3658
0.6534,-10.8791,0.0235,0.0991,0.1327,0.4318,0.6669,300979.75,0.9869,5.0163,12.6148,4.0,1.0,0.6448,-10.7362,0.6581,0.1562,-0.8877,0.0101,9.8569,-2.1687,0.4278,0.3604,0.9869,0.0235,121.0062
0.6363,-6.0198,0.0482,0.0,0.2979,0.2509,0.6518,203905.11,0.6265,3.3984,12.2254,1.0,3.0,0.3986,-3.7712,0.4083,0.3462,-0.6265,0.0121,623.1267,-1.7714,0.3588,0.2814,0.6518,0.0,117.6673
0.6924,-9.7188,0.0674,0.534,0.0,0.2578,0.4839,182989.67,0.0239,3.0498,12.1172,1.0,1.0,0.0165,-0.232,0.0115,0.0674,0.5102,0.0174,0.0446,-3.1867,0.2942,0.2782,0.6924,0.0,107.6097
0.6579,-11.2745,0.0658,0.2401,0.3308,0.2909,0.2528,285969.44,0.4178,4.7662,12.5636,3.0,1.0,0.2749,-4.7105,0.1056,0.3966,-0.1777,0.0191,1.7332,-2.3655,0.3223,0.1827,0.6579,0.0658,135.9322
0.7158,-9.0914,0.0739,0.5917,0.0691,0.1267,0.7322,226622.83,0.084,3.777,12.331,1.0,2.0,0.0601,-0.7637,0.0615,0.1431,0.5077,0.0094,0.1417,-2.407,0.3419,0.3198,0.7322,0.0691,117.5827
0.7445,-9.8598,0.0851,0.5344,0.3095,0.2226,0.4859,209637.42,0.0547,3.494,12.2531,1.0,1.0,0.0407,-0.539,0.0266,0.3946,0.4797,0.0189,0.1021,-2.822,0.3481,0.2527,0.7445,0.0547,96.9598
0.6588,-4.5771,0.1278,0.0,0.2214,0.4385,0.4023,229774.27,0.4155,3.8296,12.3449,1.0,3.0,0.2737,-1.9016,0.1671,0.3492,-0.4155,0.056,413.2516,-1.1952,0.3235,0.2213,0.6588,0.0,177.7366
0.598,-9.6248,0.0544,0.0691,0.2629,0.0243,0.6478,329523.4,0.6715,5.4921,12.7054,4.0,1.0,0.4016,-6.4627,0.435,0.3173,-0.6023,0.0013,9.5757,-1.7525,0.3326,0.2976,0.6715,0.0243,59.7777
0.6118,-6.9193,0.0374,0.0,0.1738,0.0398,0.4769,228884.0,0.5744,3.8147,12.341,1.0,3.0,0.3514,-3.9745,0.274,0.2113,-0.5744,0.0015,571.3376,-1.8138,0.2735,0.2712,0.6118,0.0,98.2379
0.5547,-4.6945,0.0457,0.207,0.0,0.0243,0.6602,169966.23,0.6699,2.8328,12.0434,0.0,3.0,0.3716,-3.1447,0.4422,0.0457,-0.4628,0.0011,3.2198,-1.6572,0.3088,0.3083,0.6699,0.0,149.851
0.4386,-2.5187,0.0235,0.1696,0.0979,0.1516,0.5325,241613.55,0.6805,4.0269,12.3951,2.0,4.0,0.2985,-1.7139,0.3623,0.1214,-0.5109,0.0036,3.9892,-0.6255,0.2992,0.2498,0.6805,0.0235,156.1364
0.6429,-5.0775,0.0939,0.1805,0.4714,0.1938,0.4339,221907.86,0.4768,3.6985,12.31,1.0,3.0,0.3065,-2.4209,0.2069,0.5653,-0.2963,0.0182,2.6264,-1.3729,0.3562,0.2009,0.6429,0.0939,122.9611
0.583,-1.7446,0.0235,0.995,0.3935,0.3716,0.9271,208092.19,0.8092,3.4682,12.2457,1.0,4.0,0.4717,-1.4117,0.7502,0.417,0.1858,0.0087,0.8124,-0.503,0.5861,0.3495,0.995,0.0235,169.3766
0.7128,-8.674,0.0235,0.4288,0.0,0.308,0.3727,351840.44,0.1229,5.864,12.7709,4.0,2.0,0.0876,-1.0663,0.0458,0.0235,0.3059,0.0072,0.286,-1.4792,0.2812,0.2542,0.7128,0.0,148.5478
0.5679,-1.357,0.1057,0.1055,0.0,0.3229,0.978,281375.8,0.5648,4.6896,12.5474,3.0,4.0,0.3208,-0.7664,0.5524,0.1057,-0.4593,0.0341,5.3028,-0.2894,0.3778,0.3477,0.978,0.0,139.8996
0.6577,-5.4599,0.161,0.1345,0.0,0.2326,0.6475,286767.25,0.2689,4.7795,12.5664,3.0,3.0,0.1768,-1.468,0.1741,0.161,-0.1343,0.0374,1.9837,-1.1424,0.3003,0.2553,0.6577,0.0,140.2029
0.7393,-11.8452,0.0235,0.1588,0.3895,0.1578,0.7151,183762.27,0.1445,3.0627,12.1214,1.0,1.0,0.1068,-1.712,0.1034,0.413,0.0143,0.0037,0.9043,-3.8675,0.3327,0.2906,0.7393,0.0235,141.2934
0.6928,-4.1661,0.0466,0.0,0.0,0.0749,0.3745,295816.7,0.8463,4.9303,12.5975,4.0,3.0,0.5863,-3.5256,0.317,0.0466,-0.8463,0.0035,841.7549,-0.845,0.2907,0.3541,0.8463,0.0,49.2608
0.2765,-11.9575,0.0235,0.275,0.0666,0.2613,0.8351,216712.73,0.2795,3.6119,12.2863,1.0,1.0,0.0773,-3.3425,0.2334,0.0901,-0.0045,0.0061,1.0128,-3.3106,0.2882,0.2644,0.8351,0.0235,57.52
0.5599,-13.8034,0.0567,0.0465,0.0,0.1179,0.32,264262.6,0.9273,4.4044,12.4847,3.0,0.0,0.5192,-12.7994,0.2967,0.0567,-0.8808,0.0067,19.5152,-3.134,0.2898,0.3433,0.9273,0.0,111.1108
0.7938,-15.4069,0.1416,0.4954,0.0,0.1401,0.8981,286049.06,0.1571,4.7675,12.5639,3.0,0.0,0.1247,-2.4199,0.1411,0.1416,0.3384,0.0198,0.3164,-3.2317,0.3752,0.3562,0.8981,0.0,155.7991
0.5375,-21.0919,0.1958,0.5432,0.4055,0.0243,0.4968,361021.8,0.927,6.017,12.7967,4.0,0.0,0.4983,-19.5522,0.4605,0.6013,-0.3838,0.0048,1.7036,-3.5054,0.4472,0.2869,0.927,0.0243,125.3111
0.5676,-1.357,0.0235,0.0,0.0,0.2326,0.7351,180901.12,0.955,3.015,12.1057,0.0,4.0,0.5421,-1.2959,0.7021,0.0235,-0.955,0.0055,949.9085,-0.4501,0.3591,0.393,0.955,0.0,143.5519
0.5376,-5.7174,0.0659,0.4117,0.3825,0.0516,0.6394,297094.72,0.732,4.9516,12.6018,4.0,3.0,0.3935,-4.1851,0.468,0.4484,-0.3203,0.0034,1.7736,-1.1547,0.403,0.2645,0.732,0.0516,128.3265
0.3886,-11.0178,0.1523,0.3377,0.0783,0.1872,0.4746,232926.05,0.2369,3.8821,12.3585,2.0,1.0,0.0921,-2.6105,0.1124,0.2306,0.1008,0.0285,0.6994,-2.8381,0.2651,0.1408,0.4746,0.0783,113.0606
0.7317,-5.2539,0.0561,0.3448,0.355,0.3011,0.5525,282062.78,0.0405,4.701,12.5499,3.0,3.0,0.0296,-0.2126,0.0224,0.4111,0.3043,0.0169,0.117,-1.1176,0.3402,0.2485,0.7317,0.0405,105.4967
0.4209,-7.0779,0.075,0.0579,0.0,0.3055,0.5618,259501.98,0.7184,4.325,12.4665,3.0,2.0,0.3024,-5.0848,0.4036,0.075,-0.6605,0.0229,12.191,-1.6365,0.3056,0.2761,0.7184,0.0,53.3841
0.7556,-23.7848,0.0235,0.6268,0.1869,0.1336,0.7089,268075.72,0.2382,4.4679,12.499,3.0,0.0,0.18,-5.6655,0.1689,0.2104,0.3886,0.0031,0.3794,-5.3234,0.3819,0.3042,0.7556,0.0235,117.5689
0.6243,-4.55,0.0959,0.995,0.0,0.1679,0.677,127546.38,0.1328,2.1258,11.7562,0.0,3.0,0.0829,-0.6042,0.0899,0.0959,0.8622,0.0161,0.1333,-2.1404,0.3847,0.378,0.995,0.0,108.611
0.9138,-11.6349,0.0651,0.3838,0.1168,0.3039,0.5724,249838.88,0.2416,4.164,12.4286,2.0,1.0,0.2208,-2.811,0.1383,0.1819,0.1422,0.0198,0.6279,-2.7942,0.371,0.2929,0.9138,0.0651,123.8506
0.3854,-5.6389,0.0823,0.0556,0.4589,0.3079,0.5028,163386.89,0.3939,2.7231,12.0039,0.0,3.0,0.1518,-2.221,0.198,0.5411,-0.3382,0.0253,6.9541,-2.0708,0.3124,0.1773,0.5028,0.0556,123.4769
0.5038,-14.7605,0.0364,0.1261,0.1513,0.0243,0.7444,364741.47,0.8567,6.079,12.8069,4.0,0.0,0.4316,-12.6458,0.6377,0.1877,-0.7307,0.0009,6.742,-2.4281,0.349,0.3488,0.8567,0.0243,120.5118
0.7549,-8.6801,0.058,0.995,0.134,0.0243,0.2728,162866.89,0.6605,2.7144,12.0007,0.0,2.0,0.4986,-5.7329,0.1802,0.192,0.3345,0.0014,0.6631,-3.1977,0.4142,0.3854,0.995,0.0243,84.8433
0.4436,-11.0966,0.1916,0.1542,0.1402,0.0243,0.6114,107724.21,0.9743,1.7954,11.5873,0.0,1.0,0.4322,-10.8111,0.5956,0.3318,-0.8201,0.0047,6.277,-6.1806,0.3628,0.3364,0.9743,0.0243,127.6192
0.7819,-13.5854,0.1227,0.4874,0.2409,0.0791,0.553,249407.12,0.0383,4.1568,12.4268,2.0,0.0,0.0299,-0.5199,0.0212,0.3636,0.4492,0.0097,0.0783,-3.2682,0.329,0.2822,0.7819,0.0383,100.2805
0.576,-8.349,0.0425,0.2471,0.0,0.1635,0.6376,163812.81,0.6415,2.7302,12.0065,0.0,2.0,0.3695,-5.3556,0.409,0.0425,-0.3944,0.007,2.5859,-3.058,0.3297,0.2823,0.6415,0.0,106.5181
0.7354,-6.2886,0.1276,0.0,0.0,0.3009,0.8357,336066.88,0.4575,5.6011,12.7251,4.0,3.0,0.3365,-2.8772,0.3823,0.1276,-0.4575,0.0384,455.094,-1.1227,0.351,0.3398,0.8357,0.0,49.0555
0.6688,-4.6519,0.0664,0.0,0.1646,0.1866,0.585,160133.38,0.2677,2.6689,11.9838,0.0,3.0,0.1791,-1.2455,0.1566,0.2311,-0.2677,0.0124,266.306,-1.743,0.277,0.2551,0.6688,0.0,142.1914
0.6976,-7.234,0.0235,0.1644,0.1736,0.0901,0.2778,182674.08,0.4358,3.0446,12.1155,0.0,2.0,0.304,-3.1526,0.1211,0.1971,-0.2714,0.0021,2.6341,-2.3761,0.2661,0.2323,0.6976,0.0235,158.0234
0.4023,-4.7516,0.0235,0.0661,0.0,0.1928,0.5044,142882.16,0.9243,2.3814,11.8698,0.0,3.0,0.3719,-4.392,0.4663,0.0235,-0.8582,0.0045,13.7692,-1.9953,0.3019,0.3353,0.9243,0.0,128.4856
0.7192,-1.357,0.0235,0.5342,0.0798,0.3799,0.8452,63973.0,0.2731,1.0662,11.0662,0.0,4.0,0.1964,-0.3706,0.2308,0.1033,0.2611,0.0089,0.5102,-1.2727,0.4078,0.3105,0.8452,0.0235,123.6004
0.6381,-11.6889,0.0235,0.1397,0.1933,0.338,0.3338,185831.84,0.2746,3.0972,12.1326,1.0,1.0,0.1752,-3.2098,0.0917,0.2168,-0.1349,0.0079,1.9517,-3.774,0.2773,0.1947,0.6381,0.0235,121.3484
0.975,-4.359,0.0984,0.7239,0.0209,0.0841,0.4534,246968.1,0.5205,4.1161,12.417,2.0,3.0,0.5075,-2.2687,0.236,0.1193,0.2035,0.0083,0.7179,-1.059,0.4109,0.3621,0.975,0.0209,111.0477
0.975,-9.7921,0.1745,0.1416,0.0,0.0243,0.327,166868.61,0.6913,2.7811,12.025,0.0,1.0,0.674,-6.7689,0.2261,0.1745,-0.5497,0.0042,4.8481,-3.5209,0.3334,0.3671,0.975,0.0,112.9539
0.4155,-13.9599,0.0856,0.0,0.0849,0.0243,0.6414,241399.9,0.8373,4.0233,12.3942,2.0,0.0,0.3479,-11.6891,0.5371,0.1705,-0.8373,0.0021,832.8692,-3.4697,0.2984,0.3359,0.8373,0.0,114.2715
0.4914,-1.357,0.1935,0.1899,0.0,0.0849,0.0256,296578.8,0.724,4.943,12.6001,4.0,4.0,0.3558,-0.9825,0.0185,0.1935,-0.5341,0.0164,3.7934,-0.2745,0.2442,0.2676,0.724,0.0,99.4478
0.5417,-11.2769,0.1261,0.4675,0.3337,0.2149,0.978,243699.44,0.1265,4.0617,12.4037,2.0,1.0,0.0685,-1.4262,0.1237,0.4598,0.3411,0.0271,0.2699,-2.7764,0.3983,0.302,0.978,0.1261,137.914
0.6038,-6.4189,0.0235,0.0,0.0,0.0654,0.4339,256075.52,0.7117,4.2679,12.4532,2.0,3.0,0.4297,-4.5681,0.3088,0.0235,-0.7117,0.0015,707.8725,-1.504,0.2626,0.3113,0.7117,0.0,134.6089
0.4469,-6.5472,0.0235,0.1675,0.2326,0.093,0.7237,217547.23,0.5535,3.6258,12.2902,1.0,3.0,0.2474,-3.6241,0.4006,0.2561,-0.386,0.0022,3.2848,-1.8057,0.3201,0.2595,0.7237,0.0235,111.6432
0.71,-7.0727,0.1206,0.3747,0.2299,0.1931,0.7259,291704.53,0.2997,4.8617,12.5835,4.0,2.0,0.2128,-2.1199,0.2176,0.3505,0.075,0.0233,0.7977,-1.4548,0.3791,0.2449,0.7259,0.1206,150.6053
0.4631,-10.8841,0.1107,0.6764,0.0,0.1641,0.7176,149433.9,0.1875,2.4906,11.9146,0.0,1.0,0.0868,-2.0411,0.1346,0.1107,0.4889,0.0182,0.2768,-4.3701,0.3314,0.2866,0.7176,0.0,126.741
0.5961,-8.392,0.0235,0.3139,0.3659,0.151,0.7394,176767.53,0.844,2.9461,12.0826,0.0,2.0,0.5031,-7.0828,0.624,0.3894,-0.5301,0.0035,2.68,-2.8485,0.4334,0.3042,0.844,0.0235,129.2553
0.9129,-13.7199,0.0584,0.1157,0.0,0.0243,0.5393,272734.44,0.6754,4.5456,12.5163,3.0,0.0,0.6166,-9.2664,0.3642,0.0584,-0.5597,0.0014,5.786,-3.0183,0.3323,0.3708,0.9129,0.0,80.2788
0.5695,-17.2459,0.0235,0.0,0.3522,0.2327,0.4551,284884.06,0.3674,4.7481,12.5598,3.0,0.0,0.2092,-6.3362,0.1672,0.3757,-0.3674,0.0055,365.4412,-3.6322,0.2858,0.2135,0.5695,0.0,93.4626
0.5537,-10.868,0.0235,0.0,0.0,0.3725,0.6379,178061.11,0.2282,2.9677,12.0899,0.0,1.0,0.1264,-2.4801,0.1456,0.0235,-0.2282,0.0088,226.9834,-3.6621,0.2594,0.2689,0.6379,0.0,122.5848
0.7179,-5.5274,0.0235,0.3383,0.2095,0.1746,0.7445,213436.72,0.3118,3.5573,12.2711,1.0,3.0,0.2238,-1.7234,0.2321,0.233,0.0265,0.0041,0.9189,-1.5538,0.36,0.2735,0.7445,0.0235,146.9239
0.743,-12.1647,0.0523,0.0,0.1523,0.1906,0.3836,234077.48,0.3546,3.9013,12.3634,2.0,1.0,0.2635,-4.3136,0.136,0.2046,-0.3546,0.01,352.7095,-3.1181,0.2681,0.2531,0.743,0.0,122.6394
0.433,-10.6602,0.1109,0.0,0.0,0.0243,0.7623,221598.77,0.6649,3.6933,12.3086,1.0,1.0,0.2879,-7.0876,0.5068,0.1109,-0.6649,0.0027,661.322,-2.8863,0.285,0.3303,0.7623,0.0,132.0982
0.583,-7.7573,0.0235,0.0,0.0,0.209,0.4837,254900.58,0.619,4.2483,12.4486,2.0,2.0,0.3609,-4.8018,0.2994,0.0235,-0.619,0.0049,615.6998,-1.826,0.274,0.2815,0.619,0.0,146.7141
0.584,-11.7202,0.0649,0.0039,0.0178,0.138,0.4641,286072.12,0.4762,4.7679,12.564,3.0,1.0,0.2781,-5.5812,0.221,0.0827,-0.4723,0.009,96.3454,-2.4582,0.2498,0.2483,0.584,0.0039,115.3739
0.678,-10.643,0.046,0.4713,0.0577,0.3236,0.378,298565.2,0.0387,4.9761,12.6067,4.0,1.0,0.0262,-0.4115,0.0146,0.1036,0.4326,0.0149,0.0819,-2.1388,0.2847,0.2479,0.678,0.0387,117.207
0.383,-6.1457,0.1876,0.0663,0.0,0.1729,0.4028,233824.03,0.9123,3.8971,12.3623,2.0,3.0,0.3494,-5.6066,0.3675,0.1876,-0.8459,0.0324,13.5472,-1.577,0.3036,0.307,0.9123,0.0,90.0965
0.7633,-9.5397,0.1098,0.0,0.4558,0.2626,0.6416,230830.92,0.4382,3.8472,12.3494,2.0,2.0,0.3345,-4.1803,0.2812,0.5656,-0.4382,0.0288,435.8638,-2.4797,0.3816,0.2756,0.7633,0.0,130.8565
0.3869,-13.497,0.0972,0.0,0.0,0.0243,0.3978,301657.44,0.8221,5.0276,12.617,4.0,0.0,0.318,-11.0963,0.327,0.0972,-0.8221,0.0024,817.7502,-2.6846,0.2469,0.3074,0.8221,0.0,95.1954
0.7244,-10.5071,0.1306,0.2667,0.2233,0.0243,0.7063,161014.9,0.7336,2.6836,11.9893,0.0,1.0,0.5314,-7.708,0.5182,0.354,-0.4669,0.0032,2.7408,-3.9153,0.4013,0.309,0.7336,0.0243,104.1721
0.555,-8.2428,0.0985,0.4556,0.0,0.1302,0.7726,231146.94,0.1395,3.8524,12.3508,2.0,2.0,0.0774,-1.1496,0.1078,0.0985,0.3161,0.0128,0.3054,-2.1396,0.3073,0.2879,0.7726,0.0,124.9466
0.5397,-11.1636,0.0962,0.1289,0.1628,0.1351,0.7939,264161.84,0.3228,4.4027,12.4843,3.0,1.0,0.1742,-3.6036,0.2563,0.2591,-0.1939,0.013,2.4859,-2.5356,0.3113,0.2639,0.7939,0.0962,88.2989
0.7526,-15.073,0.0829,0.3596,0.1158,0.2544,0.3929,233105.81,0.1775,3.8851,12.3593,2.0,0.0,0.1336,-2.676,0.0697,0.1986,0.1821,0.0211,0.4923,-3.8797,0.3051,0.2291,0.7526,0.0829,84.8924
0.8441,-10.9573,0.0235,0.4276,0.2699,0.3157,0.6377,236026.94,0.1594,3.9338,12.3717,2.0,1.0,0.1346,-1.7466,0.1016,0.2934,0.2682,0.0074,0.3719,-2.7854,0.3826,0.2817,0.8441,0.0235,123.8388
0.8383,-3.6665,0.099,0.3966,0.0,0.1701,0.2847,174700.23,0.2189,2.9117,12.0708,0.0,4.0,0.1835,-0.8025,0.0623,0.099,0.1777,0.0168,0.5505,-1.2593,0.2868,0.2745,0.8383,0.0,160.0452
0.975,-12.0876,0.0235,0.0606,0.0,0.1225,0.3346,292837.25,0.8347,4.8806,12.5874,4.0,1.0,0.8138,-10.0891,0.2792,0.0235,-0.774,0.0029,13.5458,-2.4767,0.3358,0.406,0.975,0.0,116.6743
0.6027,-11.5199,0.1444,0.075,0.3416,0.2908,0.978,64213.074,0.3315,1.0702,11.07,0.0,1.0,0.1998,-3.8192,0.3242,0.486,-0.2566,0.042,4.3637,-10.7641,0.3949,0.3071,0.978,0.075,139.7801
0.5609,-2.4557,0.1018,0.0429,0.0,0.3414,0.6514,222655.95,0.8939,3.7109,12.3134,1.0,4.0,0.5014,-2.1951,0.5822,0.1018,-0.851,0.0348,20.3826,-0.6618,0.3703,0.3432,0.8939,0.0,130.1727
0.9135,-4.9293,0.1369,0.0,0.0978,0.2187,0.6533,247028.28,0.4064,4.1171,12.4173,2.0,3.0,0.3712,-2.0033,0.2655,0.2348,-0.4064,0.0299,404.2333,-1.1973,0.3467,0.332,0.9135,0.0,96.3551
0.3813,-11.5715,0.0235,0.285,0.4525,0.0676,0.5578,244870.83,0.0724,4.0812,12.4085,2.0,1.0,0.0276,-0.8378,0.0404,0.476,0.2126,0.0016,0.2531,-2.8353,0.2629,0.2118,0.5578,0.0235,112.8874
0.6728,-11.113,0.2296,0.7383,0.3399,0.3556,0.4746,176593.03,0.0613,2.9432,12.0816,0.0,1.0,0.0412,-0.6809,0.0291,0.5695,0.6771,0.0817,0.0829,-3.7758,0.4103,0.2391,0.7383,0.0613,126.6381
0.7568,-8.7159,0.1596,0.995,0.0,0.0317,0.7533,250416.05,0.9708,4.1736,12.4309,2.0,2.0,0.7347,-8.4614,0.7313,0.1596,0.0242,0.0051,0.9747,-2.0883,0.5239,0.4431,0.995,0.0,113.5579
0.6384,-3.9693,0.0235,0.0135,0.0,0.1599,0.5672,264054.62,0.8983,4.4009,12.4839,3.0,3.0,0.5735,-3.5655,0.5095,0.0235,-0.8847,0.0038,61.8064,-0.9019,0.3287,0.3666,0.8983,0.0,147.8746
0.8591,-6.5128,0.0235,0.7379,0.0,0.2428,0.4966,319895.34,0.2182,5.3316,12.6758,4.0,3.0,0.1875,-1.4211,0.1084,0.0235,0.5197,0.0057,0.2953,-1.2216,0.3683,0.3383,0.8591,0.0,152.4503
0.5839,-4.176,0.0386,0.134,0.0,0.1519,0.5679,220421.5,0.5677,3.6737,12.3033,1.0,3.0,0.3314,-2.3706,0.3224,0.0386,-0.4337,0.0059,4.2057,-1.1367,0.292,0.2681,0.5839,0.0,135.83
0.8909,-10.9073,0.0729,0.2266,0.0,0.0735,0.3838,162942.25,0.7789,2.7157,12.0012,0.0,1.0,0.6939,-8.4953,0.2989,0.0729,-0.5522,0.0054,3.4217,-4.0164,0.3467,0.3579,0.8909,0.0,109.2593
0.6187,-3.2779,0.0235,0.2216,0.1245,0.3905,0.472,369931.78,0.3329,6.1655,12.8211,4.0,4.0,0.206,-1.0913,0.1572,0.148,-0.1113,0.0092,1.4954,-0.5317,0.312,0.2053,0.6187,0.0235,154.6194
0.59,-7.0565,0.1459,0.2451,0.0,0.0243,0.5674,186955.3,0.6018,3.1159,12.1386,1.0,2.0,0.3551,-4.2466,0.3414,0.1459,-0.3567,0.0035,2.4454,-2.2647,0.3106,0.2704,0.6018,0.0,79.6002
0.4129,-9.296,0.0235,0.091,0.0,0.1856,0.8563,170944.69,0.6604,2.8491,12.0491,0.0,2.0,0.2727,-6.1391,0.5655,0.0235,-0.5694,0.0044,7.1814,-3.2628,0.3185,0.3349,0.8563,0.0,115.9054
0.7037,-5.0198,0.0648,0.2567,0.49,0.0243,0.7622,290574.5,0.6972,4.8429,12.5796,3.0,3.0,0.4906,-3.4998,0.5314,0.5548,-0.4405,0.0016,2.7053,-1.0365,0.4284,0.3131,0.7622,0.0243,172.0776
0.7615,-11.9133,0.0392,0.4438,0.0747,0.0243,0.4955,291368.56,0.2365,4.8561,12.5823,4.0,1.0,0.1801,-2.8171,0.1172,0.1139,0.2074,0.001,0.5316,-2.4533,0.2965,0.2801,0.7615,0.0243,128.2047
0.975,-1.4144,0.105,0.1536,0.0,0.2995,0.6876,296053.0,0.4309,4.9342,12.5983,4.0,4.0,0.4201,-0.6094,0.2963,0.105,-0.2773,0.0315,2.7872,-0.2867,0.3788,0.3486,0.975,0.0,99.3431
0.7493,-12.7104,0.0275,0.093,0.0212,0.1623,0.369,221276.9,0.6799,3.6879,12.3072,1.0,0.0,0.5095,-8.6422,0.2509,0.0486,-0.5869,0.0045,7.2315,-3.4465,0.3003,0.3068,0.7493,0.0212,121.5736
0.4699,-4.6039,0.1179,0.8223,0.0512,0.0243,0.3961,182378.77,0.9623,3.0396,12.1138,0.0,3.0,0.4522,-4.4302,0.3812,0.1691,-0.14,0.0029,1.1688,-1.5146,0.4063,0.3745,0.9623,0.0243,133.0521
0.7167,-14.6409,0.0235,0.3699,0.1296,0.4565,0.7464,344612.34,0.0065,5.7435,12.7502,4.0,0.0,0.0047,-0.0957,0.0049,0.1531,0.3634,0.0107,0.0176,-2.5491,0.3499,0.31,0.7464,0.0065,118.6756
0.7114,-9.0119,0.2289,0.281,0.0,0.0966,0.978,303725.94,0.0648,5.0621,12.6239,4.0,2.0,0.0461,-0.584,0.0634,0.2289,0.2162,0.0221,0.2297,-1.7803,0.3373,0.3677,0.978,0.0,143.0079
0.4101,-10.2449,0.1236,0.0,0.0415,0.3739,0.2781,162900.0,0.1419,2.715,12.0009,0.0,1.0,0.0582,-1.4541,0.0395,0.1651,-0.1419,0.0462,141.1766,-3.7734,0.1956,0.1605,0.4101,0.0,115.9117
0.4931,-5.0031,0.0235,0.0498,0.0865,0.2786,0.9595,222584.98,0.8387,3.7097,12.3131,1.0,3.0,0.4135,-4.1959,0.8047,0.11,-0.7889,0.0065,16.5157,-1.3486,0.3899,0.3853,0.9595,0.0235,93.6205
0.9442,-5.3198,0.1538,0.1848,0.0086,0.1515,0.736,281331.84,0.4845,4.6889,12.5473,3.0,3.0,0.4574,-2.5773,0.3565,0.1625,-0.2996,0.0233,2.6072,-1.1346,0.3805,0.3501,0.9442,0.0086,61.396
0.6112,-10.5204,0.1849,0.106,0.3364,0.0855,0.978,264945.78,0.7163,4.4158,12.4873,3.0,1.0,0.4378,-7.5361,0.7006,0.5214,-0.6103,0.0158,6.6955,-2.3825,0.4312,0.3434,0.978,0.0855,76.4101
0.5316,-10.1858,0.0235,0.271,0.0,0.2318,0.3307,320112.28,0.5521,5.3352,12.6764,4.0,1.0,0.2935,-5.6233,0.1826,0.0235,-0.2811,0.0054,2.0298,-1.9092,0.2772,0.2185,0.5521,0.0,147.7922
0.4477,-1.357,0.1506,0.2888,0.4105,0.0943,0.7499,243693.06,0.5185,4.0616,12.4037,2.0,4.0,0.2321,-0.7036,0.3888,0.5611,-0.2296,0.0142,1.7889,-0.3341,0.38,0.2251,0.7499,0.0943,146.6241
0.8077,-13.2389,0.2059,0.3653,0.0,0.2825,0.6688,203371.95,0.0045,3.3895,12.2228,1.0,0.0,0.0037,-0.06,0.003,0.2059,0.3608,0.0582,0.0124,-3.9058,0.3335,0.31,0.8077,0.0,136.873
0.6698,-12.1595,0.0235,0.0,0.0,0.2659,0.377,243057.95,0.6724,4.051,12.4011,2.0,1.0,0.4504,-8.1761,0.2535,0.0235,-0.6724,0.0062,668.8151,-3.0016,0.2869,0.2994,0.6724,0.0,124.3804
0.7496,-3.555,0.1567,0.0,0.0,0.1638,0.7348,237529.9,0.6606,3.9588,12.3781,2.0,4.0,0.4952,-2.3485,0.4854,0.1567,-0.6606,0.0257,657.078,-0.898,0.3522,0.3467,0.7496,0.0,129.1581
0.6661,-10.8178,0.0856,0.2949,0.0379,0.1466,0.4546,209921.36,0.0427,3.4987,12.2545,1.0,1.0,0.0285,-0.4623,0.0194,0.1235,0.2521,0.0126,0.1444,-3.092,0.2469,0.2389,0.6661,0.0379,102.5573
0.6369,-13.8162,0.0363,0.08,0.0695,0.2564,0.286,219735.17,0.534,3.6623,12.3002,1.0,0.0,0.3401,-7.3778,0.1527,0.1058,-0.454,0.0093,6.5911,-3.7726,0.2713,0.2365,0.6369,0.0363,87.7413
0.4726,-1.357,0.1345,0.0392,0.0039,0.0243,0.6517,242654.44,0.7609,4.0442,12.3994,2.0,4.0,0.3596,-1.0325,0.4959,0.1384,-0.7216,0.0033,18.9066,-0.3355,0.2982,0.3227,0.7609,0.0039,127.3044
0.7788,-11.8778,0.092,0.6417,0.4027,0.266,0.5849,235567.55,0.0745,3.9261,12.3698,2.0,1.0,0.058,-0.8853,0.0436,0.4948,0.5672,0.0245,0.116,-3.0253,0.4058,0.2752,0.7788,0.0745,106.7554
0.3612,-1.357,0.0989,0.2085,0.3119,0.453,0.7352,269752.16,0.7883,4.4959,12.5053,3.0,4.0,0.2848,-1.0698,0.5796,0.4108,-0.5798,0.0448,3.7625,-0.3018,0.4224,0.2579,0.7883,0.0989,100.5631
0.8741,-12.8728,0.0249,0.652,0.0213,0.1418,0.7339,251614.0,0.0724,4.1936,12.4357,2.0,0.0,0.0633,-0.932,0.0531,0.0462,0.5796,0.0035,0.1109,-3.0696,0.3601,0.3757,0.8741,0.0213,150.055
0.7888,-6.279,0.0984,0.0613,0.3365,0.2459,0.978,261627.88,0.5479,4.3605,12.4747,3.0,3.0,0.4322,-3.44,0.5358,0.435,-0.4866,0.0242,8.7925,-1.44,0.4367,0.3491,0.978,0.0613,123.0525
0.4599,-6.6499,0.0326,0.0,0.292,0.3481,0.531,63973.0,0.8537,1.0662,11.0662,0.0,3.0,0.3926,-5.6772,0.4533,0.3245,-0.8537,0.0113,849.1817,-6.2369,0.3596,0.2957,0.8537,0.0,118.8313
0.6485,-14.9169,0.0564,0.5549,0.0,0.2968,0.7372,241347.38,0.0643,4.0225,12.394,2.0,0.0,0.0417,-0.9587,0.0474,0.0564,0.4906,0.0167,0.1156,-3.7084,0.3369,0.309,0.7372,0.0,134.8649
0.3958,-7.4823,0.0731,0.2425,0.1649,0.1703,0.263,341562.53,0.9773,5.6927,12.7413,4.0,2.0,0.3868,-7.3123,0.257,0.238,-0.7347,0.0124,4.013,-1.3144,0.3267,0.3039,0.9773,0.0731,88.9428
0.4612,-5.7744,0.1826,0.0976,0.1814,0.0243,0.5727,166834.9,0.9083,2.7806,12.0248,0.0,3.0,0.4189,-5.2451,0.5202,0.364,-0.8107,0.0044,9.2138,-2.0767,0.3469,0.3162,0.9083,0.0243,91.1566
0.975,-7.193,0.0581,0.1697,0.0,0.177,0.6934,313971.28,0.064,5.2329,12.6571,4.0,2.0,0.0624,-0.4604,0.0444,0.0581,0.1057,0.0103,0.3749,-1.3746,0.3053,0.3756,0.975,0.0,158.3071
0.8079,-11.1757,0.0235,0.183,0.0,0.0749,0.2849,261492.66,0.3285,4.3582,12.4742,3.0,1.0,0.2654,-3.6708,0.0936,0.0235,-0.1455,0.0018,1.7853,-2.5643,0.2432,0.2791,0.8079,0.0,125.9582
0.477,-3.8718,0.035,0.0,0.1147,0.0243,0.4975,302933.53,0.974,5.0489,12.6213,4.0,4.0,0.4646,-3.7711,0.4846,0.1498,-0.974,0.0009,968.8072,-0.7669,0.3032,0.364,0.974,0.0,132.6044
0.8186,-3.7022,0.0235,0.1542,0.1265,0.1078,0.3555,238931.78,0.3849,3.9822,12.3839,2.0,4.0,0.3151,-1.4251,0.1369,0.15,-0.2307,0.0025,2.4801,-0.9297,0.2816,0.2713,0.8186,0.0235,140.0556
0.8421,-13.7096,0.0529,0.0,0.4559,0.0243,0.6819,251568.25,0.5119,4.1928,12.4355,2.0,0.0,0.431,-7.0175,0.349,0.5088,-0.5119,0.0013,509.1377,-3.2698,0.367,0.3427,0.8421,0.0,128.3435
0.6658,-9.9373,0.1474,0.2844,0.2224,0.3436,0.0256,166518.33,0.3326,2.7753,12.0229,0.0,1.0,0.2215,-3.3051,0.0085,0.3698,-0.0482,0.0506,1.1653,-3.5806,0.2888,0.2003,0.6658,0.0256,82.1376
0.7461,-14.6622,0.0927,0.4148,0.1114,0.2195,0.646,217868.42,0.0138,3.6311,12.2917,1.0,0.0,0.0103,-0.2023,0.0089,0.2042,0.401,0.0204,0.0332,-4.0379,0.3206,0.2875,0.7461,0.0138,84.3152
0.975,-3.9864,0.0938,0.4061,0.0391,0.0243,0.5348,187589.17,0.4385,3.1265,12.142,1.0,3.0,0.4275,-1.7479,0.2345,0.1329,-0.0324,0.0023,1.0771,-1.275,0.3588,0.3424,0.975,0.0243,133.0986
0.7746,-6.0727,0.0235,0.1445,0.2343,0.1757,0.3987,209310.86,0.1854,3.4885,12.2516,1.0,3.0,0.1436,-1.1259,0.0739,0.2578,-0.0409,0.0041,1.2744,-1.7408,0.2767,0.2465,0.7746,0.0235,105.7308
0.4514,-16.8077,0.175,0.0578,0.0789,0.2039,0.2937,287738.28,0.9521,4.7956,12.5698,3.0,0.0,0.4298,-16.002,0.2796,0.2539,-0.8942,0.0357,16.1855,-3.5048,0.3161,0.3106,0.9521,0.0578,128.6289
0.4968,-7.0069,0.0884,0.3537,0.0759,0.3438,0.4387,156961.7,0.8583,2.616,11.9638,0.0,2.0,0.4264,-6.0138,0.3765,0.1644,-0.5045,0.0304,2.4196,-2.6785,0.3794,0.2662,0.8583,0.0759,188.976
0.8094,-14.1797,0.0817,0.3529,0.1618,0.0243,0.5712,240634.67,0.7036,4.0106,12.391,2.0,0.0,0.5695,-9.9768,0.4019,0.2435,-0.3507,0.002,1.9883,-3.5356,0.3864,0.3134,0.8094,0.0243,147.6954
0.3327,-10.3633,0.0777,0.0705,0.0,0.0869,0.4401,235565.27,0.832,3.9261,12.3697,2.0,1.0,0.2768,-8.6223,0.3662,0.0777,-0.7615,0.0067,11.6283,-2.6396,0.2628,0.2977,0.832,0.0,122.7159
0.7177,-10.818,0.1177,0.4385,0.1659,0.1643,0.3494,296700.7,0.1492,4.945,12.6005,4.0,1.0,0.1071,-1.614,0.0521,0.2836,0.2893,0.0193,0.3394,-2.1876,0.3004,0.2192,0.7177,0.1177,163.6826
0.7887,-9.2414,0.0235,0.5277,0.1406,0.3339,0.49,299672.5,0.1729,4.9945,12.6104,4.0,2.0,0.1363,-1.5975,0.0847,0.1641,0.3548,0.0078,0.327,-1.8503,0.3539,0.2663,0.7887,0.0235,130.3714
0.975,-10.9809,0.0548,0.099,0.0,0.0243,0.7534,241056.72,0.3974,4.0176,12.3928,2.0,1.0,0.3875,-4.3638,0.2994,0.0548,-0.2984,0.0013,3.9741,-2.7332,0.3291,0.394,0.975,0.0,76.826
0.5301,-10.8826,0.0235,0.0556,0.1095,0.0581,0.2407,263956.28,0.7117,4.3993,12.4835,3.0,1.0,0.3772,-7.7448,0.1713,0.133,-0.656,0.0014,12.5685,-2.4737,0.247,0.2699,0.7117,0.0235,114.0419
0.4426,-8.1726,0.0235,0.0817,0.2622,0.2225,0.8589,248100.33,0.6905,4.135,12.4216,2.0,2.0,0.3056,-5.6429,0.593,0.2857,-0.6088,0.0052,8.3512,-1.9764,0.3688,0.3119,0.8589,0.0235,126.263
0.3775,-8.6426,0.0235,0.09,0.0,0.0555,0.6244,305633.8,0.7941,5.0939,12.6301,4.0,2.0,0.2998,-6.8628,0.4958,0.0235,-0.704,0.0013,8.7218,-1.6967,0.2807,0.3222,0.7941,0.0,165.3973
0.638,-14.7021,0.0659,0.3416,0.0449,0.0243,0.9132,211764.72,0.4441,3.5294,12.2632,1.0,0.0,0.2833,-6.5287,0.4055,0.1108,-0.1025,0.0016,1.2963,-4.1656,0.3531,0.3388,0.9132,0.0243,119.8268
0.72,-1.357,0.0235,0.8471,0.257,0.2514,0.474,310870.72,0.1345,5.1812,12.6471,4.0,4.0,0.0968,-0.1825,0.0637,0.2805,0.7127,0.0059,0.1585,-0.2619,0.3868,0.3059,0.8471,0.0235,116.287
0.3149,-1.357,0.0868,0.1588,0.0,0.0243,0.5062,173732.73,0.979,2.8955,12.0653,0.0,4.0,0.3083,-1.3285,0.4956,0.0868,-0.8202,0.0021,6.1255,-0.4687,0.2957,0.35,0.979,0.0,102.9293
0.5664,-17.6535,0.0235,0.0,0.0345,0.2428,0.7887,309036.78,0.9417,5.1506,12.6412,4.0,0.0,0.5333,-16.6237,0.7427,0.058,-0.9417,0.0057,936.6462,-3.4275,0.3711,0.3929,0.9417,0.0,117.2075
0.3611,-1.357,0.0235,0.0134,0.0936,0.2138,0.0256,303490.56,0.8982,5.0582,12.6231,4.0,4.0,0.3244,-1.2189,0.023,0.1171,-0.8848,0.005,62.2518,-0.2683,0.2328,0.3198,0.8982,0.0134,81.5563
0.6397,-10.5838,0.143,0.1135,0.2239,0.0942,0.354,152036.55,0.5444,2.5339,11.9319,0.0,1.0,0.3483,-5.7618,0.1927,0.367,-0.4309,0.0135,4.756,-4.1768,0.3018,0.2182,0.6397,0.0942,116.1249
0.4115,-7.7497,0.0536,0.0,0.0,0.0243,0.7662,156880.81,0.4599,2.6147,11.9632,0.0,2.0,0.1893,-3.5643,0.3524,0.0536,-0.4599,0.0013,457.4812,-2.9639,0.2451,0.303,0.7662,0.0,107.5487
0.7529,-10.9427,0.0235,0.0982,0.1314,0.4188,0.4551,241732.92,0.2978,4.0289,12.3956,2.0,1.0,0.2242,-3.2587,0.1355,0.1549,-0.1996,0.0098,3.0024,-2.7161,0.3111,0.2543,0.7529,0.0235,123.8087
0.3676,-11.0671,0.1227,0.0,0.0439,0.1825,0.571,251347.33,0.4389,4.1891,12.4346,2.0,1.0,0.1613,-4.857,0.2506,0.1666,-0.4389,0.0224,436.5269,-2.6419,0.2467,0.2153,0.571,0.0,56.2872
0.7379,-12.8841,0.1128,0.6309,0.2329,0.1379,0.6565,344622.28,0.0587,5.7437,12.7502,4.0,0.0,0.0433,-0.7567,0.0386,0.3458,0.5722,0.0156,0.0929,-2.2432,0.3668,0.2947,0.7379,0.0587,87.8295
0.7547,-10.9454,0.1264,0.5269,0.0686,0.0243,0.6372,321737.53,0.7447,5.3623,12.6815,4.0,1.0,0.562,-8.1506,0.4745,0.1951,-0.2178,0.0031,1.4106,-2.0412,0.4118,0.3271,0.7547,0.0243,131.6558
0.6617,-1.357,0.038,0.995,0.1837,0.161,0.5724,229881.02,0.1119,3.8314,12.3453,1.0,4.0,0.074,-0.1518,0.064,0.2217,0.8831,0.0061,0.1123,-0.3542,0.3891,0.3581,0.995,0.038,93.2181
0.7533,-11.8358,0.0235,0.1879,0.183,0.2356,0.652,176021.67,0.0719,2.9337,12.0784,0.0,1.0,0.0541,-0.8506,0.0469,0.2065,0.116,0.0055,0.3804,-4.0344,0.301,0.2853,0.7533,0.0235,80.5066
0.6825,-9.8827,0.1236,0.1898,0.2378,0.0906,0.3039,280834.6,0.0394,4.6806,12.5455,3.0,1.0,0.0269,-0.3894,0.012,0.3614,0.1504,0.0112,0.2065,-2.1114,0.2382,0.2155,0.6825,0.0394,134.5684
0.6618,-5.8845,0.149,0.1927,0.0843,0.0243,0.2528,63973.0,0.7054,1.0662,11.0662,0.0,3.0,0.4668,-4.1509,0.1783,0.2333,-0.5127,0.0036,3.6417,-5.519,0.2958,0.2751,0.7054,0.0243,130.0616
0.6531,-3.725,0.0235,0.2818,0.0,0.1933,0.5921,351094.72,0.4345,5.8516,12.7688,4.0,4.0,0.2837,-1.6184,0.2572,0.0235,-0.1527,0.0045,1.5365,-0.6366,0.3112,0.2599,0.6531,0.0,175.9526
0.6116,-6.0775,0.0235,0.0,0.1678,0.1378,0.3696,224530.81,0.7825,3.7422,12.3218,1.0,3.0,0.4786,-4.7558,0.2892,0.1913,-0.7825,0.0032,778.3614,-1.6241,0.299,0.3014,0.7825,0.0,135.2384
0.5549,-9.4541,0.0235,0.0,0.0177,0.0817,0.6045,283743.34,0.8187,4.7291,12.5558,3.0,2.0,0.4543,-7.7397,0.4949,0.0412,-0.8187,0.0019,814.302,-1.9991,0.3001,0.3465,0.8187,0.0,122.9558
0.5724,-4.6409,0.0653,0.1828,0.2406,0.1848,0.7462,206597.72,0.3379,3.4433,12.2385,1.0,3.0,0.1934,-1.5683,0.2522,0.306,-0.1551,0.0121,1.8381,-1.3478,0.3329,0.2425,0.7462,0.0653,97.7159
0.8059,-1.7908,0.1077,0.0,0.0613,0.1405,0.7881,371515.7,0.5259,6.1919,12.8253,4.0,4.0,0.4238,-0.9417,0.4144,0.169,-0.5259,0.0151,523.063,-0.2892,0.3471,0.351,0.8059,0.0,87.0748
0.5831,-12.854,0.0426,0.0651,0.0,0.0243,0.4347,243356.06,0.5397,4.0559,12.4023,2.0,0.0,0.3147,-6.9369,0.2346,0.0426,-0.4746,0.001,8.1661,-3.1692,0.2414,0.2643,0.5831,0.0,89.3705
0.6312,-6.8373,0.0768,0.368,0.0489,0.0243,0.7691,313870.75,0.7526,5.2312,12.6567,4.0,3.0,0.4751,-5.1458,0.5789,0.1257,-0.3846,0.0019,2.0398,-1.307,0.3816,0.337,0.7691,0.0243,144.9783
0.7835,-4.9181,0.0872,0.2597,0.0,0.178,0.3428,153789.81,0.2261,2.5632,11.9433,0.0,3.0,0.1771,-1.1118,0.0775,0.0872,0.0336,0.0155,0.8672,-1.9188,0.2682,0.2536,0.7835,0.0,121.4492
0.6484,-1.357,0.1409,0.4949,0.0,0.0581,0.4038,296843.6,0.3727,4.9474,12.601,4.0,4.0,0.2416,-0.5057,0.1505,0.1409,0.1222,0.0082,0.7515,-0.2743,0.3027,0.2413,0.6484,0.0,131.5409
0.5273,-5.0255,0.0235,0.4918,0.0,0.332,0.4401,63973.0,0.8683,1.0662,11.0662,0.0,3.0,0.4579,-4.3638,0.3821,0.0235,-0.3766,0.0078,1.7622,-4.7134,0.3833,0.3028,0.8683,0.0,122.6146
0.5642,-5.0772,0.099,0.0992,0.1383,0.1646,0.625,310947.25,0.7617,5.1825,12.6474,4.0,3.0,0.4298,-3.8675,0.4761,0.2373,-0.6626,0.0163,7.6044,-0.9797,0.3503,0.2876,0.7617,0.099,82.5049
0.5101,-5.0772,0.0712,0.0,0.0663,0.3514,0.3426,291630.06,0.5523,4.8605,12.5832,4.0,3.0,0.2817,-2.804,0.1892,0.1376,-0.5523,0.025,549.3224,-1.0446,0.2705,0.2248,0.5523,0.0,138.2919
0.5401,-9.6338,0.0657,0.0,0.0,0.1266,0.3911,133860.23,0.8634,2.231,11.8046,0.0,1.0,0.4664,-8.3178,0.3377,0.0657,-0.8634,0.0083,858.7969,-4.3181,0.2839,0.3283,0.8634,0.0,128.437
0.5345,-10.9344,0.087,0.0532,0.0683,0.0243,0.6833,256463.97,0.7443,4.2744,12.4547,2.0,1.0,0.3978,-8.1388,0.5086,0.1553,-0.6912,0.0021,13.7408,-2.5581,0.3136,0.3251,0.7443,0.0243,106.1569
0.6364,-10.7743,0.0756,0.648,0.07,0.2146,0.47,182094.38,0.0155,3.0349,12.1123,0.0,1.0,0.0098,-0.1666,0.0073,0.1456,0.6325,0.0162,0.0238,-3.5501,0.3043,0.2752,0.648,0.0155,94.5997
0.975,-10.6049,0.1088,0.0,0.0428,0.2923,0.7549,212424.45,0.6495,3.5404,12.2663,1.0,1.0,0.6333,-6.8883,0.4903,0.1516,-0.6495,0.0318,646.0704,-2.9954,0.4033,0.3879,0.975,0.0,98.0466
0.7621,-5.3181,0.0818,0.5678,0.1918,0.2357,0.978,218912.75,0.4875,3.6485,12.2964,1.0,3.0,0.3715,-2.5927,0.4768,0.2737,0.0803,0.0193,0.8571,-1.4576,0.4721,0.3256,0.978,0.0818,165.9299
0.593,-11.9206,0.1815,0.3516,0.0778,0.1912,0.5939,262886.9,0.1216,4.3814,12.4795,3.0,1.0,0.0721,-1.4495,0.0722,0.2593,0.23,0.0347,0.3448,-2.7207,0.3015,0.2168,0.5939,0.0778,123.3763
0.6688,-8.3515,0.036,0.0,0.0,0.1135,0.3928,166793.78,0.8165,2.7799,12.0245,0.0,2.0,0.5461,-6.8187,0.3207,0.036,-0.8165,0.0041,812.1137,-3.0042,0.2896,0.3404,0.8165,0.0,121.5957
0.6375,-12.0533,0.1208,0.4028,0.2629,0.0243,0.4895,332811.06,0.4529,5.5469,12.7153,4.0,1.0,0.2887,-5.4585,0.2217,0.3837,-0.05,0.0029,1.1214,-2.173,0.3415,0.2165,0.6375,0.0243,144.0884
0.6195,-9.7986,0.0686,0.0565,0.0167,0.0243,0.7037,354701.12,0.6849,5.9117,12.779,4.0,1.0,0.4243,-6.7114,0.482,0.0854,-0.6284,0.0017,11.9021,-1.6575,0.3106,0.337,0.7037,0.0167,104.8324
0.5693,-9.4915,0.0235,0.0,0.2801,0.2589,0.5157,302636.88,0.9077,5.0439,12.6203,4.0,2.0,0.5168,-8.6157,0.4681,0.3036,-0.9077,0.0061,902.8938,-1.8818,0.365,0.3233,0.9077,0.0,139.1794
0.6979,-4.9176,0.0235,0.4416,0.085,0.2029,0.4524,238742.27,0.1409,3.979,12.3831,2.0,3.0,0.0983,-0.6927,0.0637,0.1085,0.3007,0.0048,0.3183,-1.2359,0.292,0.2444,0.6979,0.0235,117.0743
0.6881,-6.081,0.0856,0.1935,0.0,0.2859,0.5194,208095.17,0.4501,3.4683,12.2458,1.0,3.0,0.3097,-2.7373,0.2338,0.0856,-0.2567,0.0245,2.3148,-1.7533,0.3175,0.2472,0.6881,0.0,91.1566
0.6786,-6.2357,0.057,0.2831,0.137,0.0698,0.7299,141252.55,0.6945,2.3542,11.8583,0.0,3.0,0.4712,-4.3305,0.5069,0.1939,-0.4114,0.004,2.4446,-2.6488,0.3785,0.3108,0.7299,0.057,77.248
0.7345,-6.933,0.0235,0.3727,0.2616,0.3124,0.5662,203829.27,0.1213,3.3972,12.225,1.0,2.0,0.0891,-0.8407,0.0687,0.2851,0.2514,0.0073,0.3245,-2.0408,0.3417,0.2459,0.7345,0.0235,105.8694
0.8479,-4.8372,0.0649,0.204,0.0,0.23,0.978,329944.28,0.6184,5.4991,12.7067,4.0,3.0,0.5243,-2.9913,0.6048,0.0649,-0.4144,0.0149,3.0173,-0.8796,0.4204,0.3914,0.978,0.0,92.9213
0.437,-1.357,0.1561,0.1856,0.0,0.0821,0.8498,342820.4,0.7951,5.7137,12.745,4.0,4.0,0.3474,-1.0789,0.6756,0.1561,-0.6094,0.0128,4.2604,-0.2375,0.3579,0.3449,0.8498,0.0,97.804
0.4961,-4.5238,0.22,0.3864,0.0,0.0243,0.6535,257957.94,0.8263,4.2993,12.4606,2.0,3.0,0.4099,-3.7382,0.54,0.22,-0.44,0.0053,2.1332,-1.0522,0.3724,0.3119,0.8263,0.0,154.0879
0.5643,-12.0667,0.0302,0.0557,0.0795,0.362,0.8162,326623.44,0.8273,5.4437,12.6966,4.0,1.0,0.4668,-9.9824,0.6752,0.1097,-0.7716,0.0109,14.5965,-2.2166,0.3907,0.3516,0.8273,0.0302,113.4518
0.5304,-1.357,0.0235,0.0,0.0,0.3244,0.445,261642.14,0.3945,4.3607,12.4747,3.0,4.0,0.2092,-0.5353,0.1756,0.0235,-0.3945,0.0076,392.3636,-0.3112,0.2454,0.2307,0.5304,0.0,146.089
0.6487,-2.5326,0.1807,0.2276,0.0187,0.1265,0.0256,107005.766,0.7981,1.7834,11.5806,0.0,4.0,0.5177,-2.0211,0.0204,0.1994,-0.5704,0.0229,3.4906,-1.42,0.2894,0.309,0.7981,0.0187,154.3182
0.5616,-2.34,0.0905,0.7191,0.0,0.3977,0.8291,227814.5,0.5278,3.7969,12.3363,1.0,4.0,0.2964,-1.235,0.4376,0.0905,0.1913,0.036,0.733,-0.6163,0.4465,0.3079,0.8291,0.0,123.1809
0.7924,-15.1089,0.0235,0.0564,0.0,0.4628,0.3271,240464.39,0.3202,4.0077,12.3903,2.0,0.0,0.2537,-4.8379,0.1047,0.0235,-0.2638,0.0109,5.5807,-3.7699,0.2832,0.2869,0.7924,0.0,112.7313
0.5642,-12.7307,0.0788,0.5648,0.0289,0.1701,0.4939,280145.78,0.0829,4.6691,12.5431,3.0,0.0,0.0468,-1.0558,0.041,0.1077,0.4818,0.0134,0.1466,-2.7266,0.2834,0.2456,0.5648,0.0289,131.5528
0.4068,-6.6021,0.0235,0.5691,0.2729,0.3217,0.4056,377910.3,0.2749,6.2985,12.8424,4.0,3.0,0.1118,-1.8152,0.1115,0.2964,0.2942,0.0076,0.4823,-1.0482,0.3249,0.1678,0.5691,0.0235,177.1922
0.6589,-3.9126,0.1558,0.0148,0.0794,0.1723,0.4037,337468.03,0.3519,5.6245,12.7292,4.0,4.0,0.2319,-1.3767,0.142,0.2352,-0.3371,0.0269,22.315,-0.6956,0.2624,0.2234,0.6589,0.0148,115.3245
0.6618,-7.0262,0.0235,0.0,0.0798,0.1389,0.35,177655.33,0.8154,2.9609,12.0876,0.0,2.0,0.5396,-5.7292,0.2854,0.1033,-0.8154,0.0033,811.0528,-2.373,0.2956,0.3266,0.8154,0.0,160.7459
0.685,-7.9806,0.1735,0.0,0.2798,0.4023,0.4938,250822.3,0.4266,4.1804,12.4325,2.0,2.0,0.2922,-3.4045,0.2107,0.4533,-0.4266,0.0698,424.3256,-1.9091,0.3516,0.2236,0.685,0.0,143.1466
0.6744,-11.0965,0.0964,0.5048,0.0,0.3251,0.6526,102366.5,0.0417,1.7061,11.5363,0.0,1.0,0.0281,-0.4624,0.0272,0.0964,0.4632,0.0313,0.0824,-6.504,0.3279,0.2886,0.6744,0.0,132.6064
0.7089,-8.3515,0.0827,0.0,0.3479,0.3367,0.4415,206501.12,0.6634,3.4417,12.2381,1.0,2.0,0.4703,-5.5404,0.2929,0.4306,-0.6634,0.0279,659.8632,-2.4266,0.3687,0.2668,0.7089,0.0,92.9107
0.6374,-13.7985,0.0235,0.0887,0.1437,0.3029,0.2765,148969.64,0.6516,2.4828,11.9115,0.0,0.0,0.4154,-8.9911,0.1802,0.1672,-0.5629,0.0071,7.2682,-5.5576,0.3035,0.2528,0.6516,0.0235,143.3408
0.4907,-6.0561,0.0235,0.4414,0.0,0.116,0.7037,247106.92,0.2546,4.1184,12.4176,2.0,3.0,0.1249,-1.5419,0.1792,0.0235,0.1868,0.0027,0.5755,-1.4705,0.29,0.2649,0.7037,0.0,120.3597
0.3864,-6.4277,0.0235,0.2906,0.0,0.0926,0.4724,233694.75,0.0965,3.8949,12.3618,2.0,3.0,0.0373,-0.6205,0.0456,0.0235,0.194,0.0022,0.3311,-1.6503,0.1946,0.1872,0.4724,0.0,116.7818
0.491,-11.2965,0.1498,0.0,0.0,0.3336,0.4023,224414.6,0.9511,3.7402,12.3213,1.0,1.0,0.4669,-10.7437,0.3826,0.1498,-0.9511,0.05,945.9962,-3.0203,0.3325,0.3334,0.9511,0.0,114.8823
0.4988,-5.9978,0.0235,0.716,0.0791,0.0568,0.6424,285718.38,0.3869,4.762,12.5628,3.0,3.0,0.193,-2.3207,0.2486,0.1026,0.3291,0.0013,0.5396,-1.2595,0.3434,0.2911,0.716,0.0235,113.4442
0.6382,-3.9799,0.0261,0.7381,0.0,0.0243,0.8097,231284.77,0.7188,3.8547,12.3514,2.0,3.0,0.4588,-2.8607,0.582,0.0261,0.0193,0.0006,0.9725,-1.0325,0.4222,0.3826,0.8097,0.0,118.3695
0.5472,-17.6278,0.1068,0.5986,0.0,0.0243,0.8123,276929.62,0.5076,4.6155,12.5315,3.0,0.0,0.2778,-8.9479,0.4123,0.1068,0.091,0.0026,0.8465,-3.8193,0.371,0.3225,0.8123,0.0,87.7112
0.7533,-8.5534,0.0235,0.1501,0.0,0.1079,0.6609,183621.19,0.5178,3.0604,12.1206,1.0,2.0,0.3901,-4.4289,0.3422,0.0235,-0.3677,0.0025,3.4263,-2.7949,0.3162,0.3181,0.7533,0.0,122.2046
0.538,-1.357,0.0246,0.0,0.2575,0.1065,0.7352,302917.12,0.898,5.0486,12.6212,4.0,4.0,0.4831,-1.2186,0.6602,0.2822,-0.898,0.0026,893.2124,-0.2688,0.3657,0.3602,0.898,0.0,131.3139
0.5426,-9.8577,0.0827,0.2717,0.2946,0.2824,0.7318,241171.97,0.0284,4.0195,12.3933,2.0,1.0,0.0154,-0.28,0.0208,0.3773,0.2433,0.0234,0.1042,-2.4524,0.3192,0.2466,0.7318,0.0284,128.2183
0.6392,-16.749,0.0633,0.1881,0.3357,0.2584,0.4623,267056.28,0.8243,4.4509,12.4952,3.0,0.0,0.5269,-13.8068,0.3811,0.399,-0.6362,0.0164,4.3596,-3.763,0.3959,0.2657,0.8243,0.0633,102.2921
0.5911,-7.7825,0.116,0.5548,0.0,0.4176,0.4913,240633.1,0.3035,4.0106,12.391,2.0,2.0,0.1794,-2.3617,0.1491,0.116,0.2513,0.0484,0.546,-1.9405,0.3535,0.2251,0.5911,0.0,146.1548
0.7701,-5.9048,0.1397,0.7347,0.0,0.0784,0.7568,272310.56,0.3245,4.5385,12.5147,3.0,3.0,0.2499,-1.9163,0.2456,0.1398,0.4101,0.011,0.4411,-1.301,0.4006,0.3447,0.7701,0.0,87.2388
0.4975,-7.2389,0.0235,0.3778,0.0,0.0541,0.7663,227903.67,0.5061,3.7984,12.3367,1.0,2.0,0.2518,-3.6634,0.3878,0.0235,-0.1283,0.0013,1.336,-1.9058,0.3179,0.2971,0.7663,0.0,135.3117
0.8868,-1.357,0.1154,0.3451,0.0434,0.2756,0.7445,286767.72,0.1536,4.7795,12.5664,3.0,4.0,0.1362,-0.2084,0.1144,0.1588,0.1915,0.0318,0.4439,-0.2839,0.3663,0.3254,0.8868,0.0434,155.1694
0.8028,-7.8373,0.0475,0.995,0.0,0.0243,0.4635,257046.89,0.7441,4.2841,12.457,2.0,2.0,0.5974,-5.832,0.3449,0.0475,0.2509,0.0012,0.7471,-1.8294,0.4396,0.419,0.995,0.0,132.7108
0.5101,-6.7929,0.0653,0.2969,0.2695,0.2325,0.3978,179815.08,0.1896,2.9969,12.0997,0.0,3.0,0.0967,-1.2879,0.0754,0.3348,0.1073,0.0152,0.6363,-2.2666,0.2802,0.1436,0.5101,0.0653,79.4466
0.533,-4.4109,0.0756,0.3312,0.1769,0.3816,0.0256,235023.69,0.8971,3.9171,12.3674,2.0,3.0,0.4781,-3.9569,0.023,0.2525,-0.5659,0.0288,2.7008,-1.1261,0.3458,0.3013,0.8971,0.0256,94.7308
0.537,-7.1934,0.0235,0.4513,0.2667,0.3117,0.4905,277539.47,0.1088,4.6257,12.5337,3.0,2.0,0.0584,-0.7826,0.0534,0.2902,0.3425,0.0073,0.2405,-1.5551,0.3128,0.1951,0.537,0.0235,110.823
0.975,-5.0851,0.0235,0.1485,0.0386,0.3286,0.7694,144478.86,0.1294,2.408,11.8809,0.0,3.0,0.1262,-0.658,0.0996,0.0621,0.0191,0.0077,0.8653,-2.1118,0.3447,0.3785,0.975,0.0235,106.6687
0.4818,-6.3483,0.0878,0.3697,0.0,0.1606,0.292,244225.17,0.3837,4.0704,12.4059,2.0,3.0,0.1849,-2.4356,0.112,0.0878,-0.014,0.0141,1.0351,-1.5596,0.2537,0.1753,0.4818,0.0,136.4191
0.7727,-1.357,0.0555,0.2624,0.0195,0.3028,0.8463,186943.33,0.2135,3.1157,12.1386,1.0,4.0,0.1649,-0.2897,0.1807,0.0751,0.0489,0.0168,0.8105,-0.4355,0.3532,0.329,0.8463,0.0195,144.1142
0.4918,-14.8356,0.0845,0.0849,0.0,0.1828,0.3738,276639.4,0.3448,4.6107,12.5305,3.0,0.0,0.1696,-5.1153,0.1289,0.0845,-0.2599,0.0154,4.0135,-3.2177,0.2232,0.1823,0.4918,0.0,137.77
0.6242,-11.0933,0.1181,0.0,0.1023,0.2045,0.4796,249856.8,0.7194,4.1643,12.4286,2.0,1.0,0.449,-7.9805,0.345,0.2204,-0.7194,0.0242,715.5646,-2.6639,0.3212,0.2833,0.7194,0.0,115.3794
0.4909,-7.1736,0.0963,0.359,0.0,0.1361,0.2999,259844.02,0.4105,4.3307,12.4678,3.0,2.0,0.2015,-2.9445,0.1231,0.0963,-0.0515,0.0131,1.1402,-1.6564,0.2561,0.1812,0.4909,0.0,86.8431
0.6039,-6.8438,0.0235,0.4818,0.0,0.0798,0.739,209739.8,0.826,3.4957,12.2536,1.0,3.0,0.4988,-5.6529,0.6104,0.0235,-0.3442,0.0019,1.7107,-1.9578,0.3934,0.3532,0.826,0.0,143.0954
0.6413,-13.9081,0.1089,0.0767,0.16,0.233,0.365,125732.27,0.5348,2.0955,11.7419,0.0,0.0,0.343,-7.4381,0.1952,0.2689,-0.4581,0.0254,6.8835,-6.637,0.3028,0.2184,0.6413,0.0767,141.1697
0.6242,-5.3069,0.091,0.2068,0.2363,0.116,0.445,141329.89,0.1725,2.3555,11.8589,0.0,3.0,0.1077,-0.9156,0.0768,0.3274,0.0343,0.0106,0.8303,-2.253,0.2703,0.1943,0.6242,0.091,125.1608
0.5827,-9.2379,0.0651,0.4426,0.1069,0.1328,0.6477,286778.53,0.0863,4.7796,12.5665,3.0,2.0,0.0503,-0.7975,0.0559,0.1719,0.3563,0.0086,0.1946,-1.9328,0.2949,0.254,0.6477,0.0651,115.7167
0.3811,-10.0914,0.0986,0.4255,0.0,0.0846,0.8577,237904.53,0.3315,3.9651,12.3796,2.0,1.0,0.1263,-3.3457,0.2843,0.0986,0.094,0.0083,0.7773,-2.5451,0.3113,0.2917,0.8577,0.0,96.3566
0.7115,-14.0658,0.0355,0.1297,0.0746,0.129,0.223,329516.62,0.8373,5.4919,12.7054,4.0,0.0,0.5958,-11.7777,0.1867,0.1101,-0.7076,0.0046,6.4052,-2.5612,0.3058,0.3273,0.8373,0.0355,97.9129
0.7514,-9.888,0.0651,0.0,0.0,0.0598,0.2917,225014.81,0.8783,3.7502,12.3239,1.0,1.0,0.66,-8.6843,0.2562,0.0651,-0.8783,0.0039,873.5842,-2.6366,0.2923,0.3721,0.8783,0.0,75.6288
0.6367,-9.8188,0.1457,0.2575,0.056,0.1457,0.6416,230830.69,0.1659,3.8472,12.3494,2.0,1.0,0.1056,-1.6293,0.1065,0.2018,0.0916,0.0212,0.6419,-2.5522,0.2927,0.2438,0.6416,0.056,151.0592
0.6629,-8.9083,0.1459,0.0,0.0,0.0794,0.7115,251896.25,0.6169,4.1983,12.4368,2.0,2.0,0.4089,-5.4952,0.4389,0.1459,-0.6169,0.0116,613.5779,-2.1219,0.3166,0.3296,0.7115,0.0,99.3871
0.6489,-12.647,0.1916,0.1104,0.3735,0.2924,0.737,337466.94,0.8231,5.6244,12.7292,4.0,0.0,0.5342,-10.4102,0.6067,0.5651,-0.7127,0.056,7.3871,-2.2486,0.4539,0.281,0.8231,0.1104,75.7526
0.975,-13.9173,0.0235,0.1218,0.2746,0.1008,0.7372,140953.81,0.2338,2.3492,11.8562,0.0,0.0,0.228,-3.2539,0.1723,0.2981,-0.112,0.0024,1.9035,-5.9242,0.3524,0.3607,0.975,0.0235,138.3959
0.477,-1.357,0.09,0.4035,0.1739,0.3635,0.5595,301528.6,0.6795,5.0255,12.6166,4.0,4.0,0.3241,-0.922,0.3802,0.264,-0.276,0.0327,1.6798,-0.27,0.3924,0.2072,0.6795,0.09,108.658
0.5146,-14.8954,0.0291,0.2931,0.2551,0.0243,0.4871,168529.77,0.5084,2.8088,12.0349,0.0,0.0,0.2616,-7.5728,0.2476,0.2841,-0.2153,0.0007,1.7287,-5.3031,0.3017,0.2145,0.5146,0.0243,153.7458
0.975,-14.5013,0.0351,0.0621,0.0066,0.445,0.533,187722.66,0.4334,3.1287,12.1427,1.0,0.0,0.4226,-6.2849,0.231,0.0417,-0.3713,0.0156,6.8658,-4.6349,0.3557,0.3511,0.975,0.0066,64.5253
0.3916,-6.9,0.1121,0.0627,0.0,0.1629,0.5239,247041.81,0.827,4.1174,12.4173,2.0,3.0,0.3238,-5.7063,0.4333,0.1121,-0.7643,0.0183,12.9913,-1.6758,0.2972,0.2991,0.827,0.0,146.6187
0.4254,-4.9825,0.2275,0.2649,0.0,0.3195,0.5536,287867.12,0.5885,4.7978,12.5703,3.0,3.0,0.2504,-2.9324,0.3258,0.2275,-0.3236,0.0727,2.2133,-1.0385,0.3399,0.2037,0.5885,0.0,182.8669
0.7265,-6.9083,0.0235,0.7376,0.3727,0.2339,0.5709,166849.69,0.3249,2.7808,12.0249,0.0,3.0,0.236,-2.2443,0.1855,0.3962,0.4128,0.0055,0.4398,-2.4843,0.4271,0.2647,0.7376,0.0235,118.5442
0.5826,-4.1775,0.0235,0.0,0.2269,0.1678,0.3385,246780.42,0.5238,4.113,12.4163,2.0,3.0,0.3052,-2.1881,0.1773,0.2504,-0.5238,0.0039,521.0074,-1.0157,0.2662,0.2283,0.5826,0.0,106.0921
0.5197,-1.357,0.0235,0.0953,0.0,0.2578,0.9456,355501.8,0.3246,5.925,12.7813,4.0,4.0,0.1687,-0.4405,0.3069,0.0235,-0.2293,0.0061,3.3709,-0.229,0.3095,0.3355,0.9456,0.0,92.2765
0.975,-13.9618,0.0756,0.4921,0.0,0.1618,0.5643,149433.9,0.1401,2.4906,11.9146,0.0,0.0,0.1366,-1.9565,0.0791,0.0756,0.352,0.0122,0.2842,-5.6059,0.3441,0.3497,0.975,0.0,159.0659
0.6289,-6.868,0.1203,0.1203,0.0,0.0288,0.555,291326.75,0.9855,4.8554,12.5822,4.0,3.0,0.6197,-6.7682,0.547,0.1203,-0.8652,0.0035,8.1242,-1.4145,0.3484,0.3774,0.9855,0.0,118.238
0.4327,-9.0716,0.0235,0.0,0.2867,0.153,0.5067,224540.83,0.8227,3.7423,12.3218,1.0,2.0,0.356,-7.4629,0.4169,0.3102,-0.8227,0.0036,818.2807,-2.424,0.3179,0.2943,0.8227,0.0,107.8248
0.7059,-10.4559,0.1716,0.0024,0.123,0.2598,0.7825,222083.92,0.6259,3.7014,12.3108,1.0,1.0,0.4418,-6.544,0.4897,0.2946,-0.6234,0.0446,182.4564,-2.8248,0.3816,0.3149,0.7825,0.0024,117.3288
0.5535,-8.738,0.156,0.0874,0.0933,0.2377,0.4385,285032.66,0.8453,4.7505,12.5604,3.0,2.0,0.4679,-7.3865,0.3707,0.2493,-0.758,0.0371,9.5656,-1.8394,0.3445,0.2827,0.8453,0.0874,138.1127
0.6378,-4.6971,0.0628,0.3779,0.0871,0.163,0.4857,325926.56,0.2756,5.4321,12.6944,4.0,3.0,0.1758,-1.2945,0.1339,0.1499,0.1023,0.0102,0.7273,-0.8647,0.2986,0.2143,0.6378,0.0628,108.8791
0.4137,-3.5677,0.1139,0.093,0.123,0.3563,0.0256,258137.19,0.8997,4.3023,12.4612,2.0,4.0,0.3722,-3.21,0.023,0.2369,-0.8068,0.0406,9.5739,-0.8293,0.2893,0.3053,0.8997,0.0256,131.9077
0.5395,-1.357,0.0889,0.0694,0.2818,0.1245,0.5239,273715.06,0.8171,4.5619,12.5198,3.0,4.0,0.4408,-1.1088,0.4281,0.3708,-0.7477,0.0111,11.6048,-0.2975,0.3493,0.2848,0.8171,0.0694,131.2741
0.6767,-3.1615,0.2319,0.6264,0.0764,0.1458,0.467,261416.95,0.3955,4.3569,12.4739,3.0,4.0,0.2676,-1.2503,0.1847,0.3083,0.231,0.0338,0.6303,-0.7256,0.3742,0.2329,0.6767,0.0764,127.1149
0.5393,-13.5393,0.1191,0.3051,0.1868,0.0243,0.5501,254563.78,0.7988,4.2427,12.4473,2.0,0.0,0.4308,-10.8152,0.4394,0.3058,-0.4937,0.0029,2.6097,-3.1912,0.3605,0.2783,0.7988,0.0243,156.4206
0.4108,-2.8801,0.0243,0.8458,0.0,0.2077,0.6741,251382.89,0.9632,4.1897,12.4347,2.0,4.0,0.3957,-2.7741,0.6493,0.0243,-0.1174,0.005,1.1375,-0.6874,0.4465,0.3903,0.9632,0.0,155.2887
0.5159,-9.6689,0.0829,0.0,0.0,0.1871,0.4128,248961.61,0.7578,4.1494,12.4251,2.0,1.0,0.3909,-7.3271,0.3129,0.0829,-0.7578,0.0155,753.7598,-2.3302,0.2795,0.2904,0.7578,0.0,156.1719
0.7927,-8.5668,0.0235,0.3634,0.3935,0.4588,0.6423,160440.9,0.13,2.674,11.9857,0.0,2.0,0.103,-1.1137,0.0835,0.417,0.2334,0.0108,0.3567,-3.2037,0.4006,0.2685,0.7927,0.0235,118.7514
0.6796,-9.2915,0.1022,0.7237,0.2335,0.0243,0.406,63973.0,0.6571,1.0662,11.0662,0.0,2.0,0.4466,-6.1051,0.2668,0.3358,0.0666,0.0025,0.9067,-8.7144,0.4038,0.2905,0.7237,0.0243,100.3955
0.4385,-8.8708,0.0235,0.0,0.2409,0.0841,0.5343,241230.31,0.6347,4.0205,12.3935,2.0,2.0,0.2783,-5.63,0.3391,0.2644,-0.6347,0.002,631.283,-2.2064,0.2794,0.2581,0.6347,0.0,147.072
0.7422,-1.357,0.099,0.5259,0.0,0.3839,0.781,262464.8,0.3812,4.3744,12.4779,3.0,4.0,0.2829,-0.5173,0.2977,0.099,0.1447,0.038,0.7234,-0.3102,0.4162,0.2965,0.781,0.0,110.6786
0.7786,-7.8239,0.0235,0.1227,0.0,0.3888,0.4089,242517.06,0.4519,4.042,12.3988,2.0,2.0,0.3519,-3.5359,0.1848,0.0235,-0.3292,0.0091,3.6527,-1.9357,0.3106,0.2796,0.7786,0.0,85.6134
0.9486,-9.5555,0.1807,0.2707,0.0,0.2249,0.978,63973.0,0.0475,1.0662,11.0662,0.0,2.0,0.045,-0.4536,0.0464,0.1807,0.2232,0.0407,0.1747,-8.9621,0.3786,0.4106,0.978,0.0,149.3822
0.8353,-9.5472,0.0235,0.0,0.0,0.0827,0.6431,203668.72,0.8312,3.3945,12.2243,1.0,2.0,0.6943,-7.9356,0.5346,0.0235,-0.8312,0.0019,826.7685,-2.8126,0.3451,0.4033,0.8353,0.0,157.5016
0.5278,-16.9363,0.0701,0.3823,0.3685,0.4078,0.6549,342130.12,0.0675,5.7022,12.7429,4.0,0.0,0.0356,-1.1426,0.0442,0.4387,0.3148,0.0286,0.176,-2.9702,0.3541,0.2188,0.6549,0.0675,121.0062
0.5697,-3.9373,0.0235,0.0,0.0,0.1748,0.3378,226570.83,0.6514,3.7762,12.3308,1.0,4.0,0.3711,-2.5647,0.22,0.0235,-0.6514,0.0041,647.9271,-1.0427,0.251,0.2748,0.6514,0.0,115.8564
0.5123,-9.2357,0.0235,0.1148,0.0,0.0382,0.3599,307411.28,0.6467,5.1235,12.6359,4.0,2.0,0.3313,-5.9724,0.2328,0.0235,-0.5319,0.0009,5.5849,-1.8026,0.2422,0.2629,0.6467,0.0,140.3265
0.4239,-1.357,0.0364,0.1713,0.3967,0.269,0.5749,230346.67,0.8065,3.8391,12.3473,2.0,4.0,0.3419,-1.0945,0.4637,0.4332,-0.6352,0.0098,4.68,-0.3535,0.3827,0.2569,0.8065,0.0364,100.4963
0.9572,-9.4439,0.0235,0.6363,0.2444,0.106,0.5781,185513.34,0.1349,3.0919,12.1309,1.0,2.0,0.1292,-1.2743,0.078,0.2679,0.5013,0.0025,0.2117,-3.0544,0.3829,0.3461,0.9572,0.0235,121.7044
0.5883,-5.5708,0.0235,0.0,0.4129,0.1239,0.3079,223032.25,0.9351,3.7172,12.3151,1.0,3.0,0.5502,-5.2094,0.2879,0.4364,-0.9351,0.0029,930.1478,-1.4986,0.3417,0.3378,0.9351,0.0,148.2723
0.4889,-6.8972,0.0519,0.3898,0.0,0.0243,0.528,297740.25,0.9077,4.9623,12.604,4.0,3.0,0.4438,-6.2608,0.4793,0.0519,-0.5179,0.0013,2.3226,-1.3899,0.3415,0.3368,0.9077,0.0,120.8214
0.8245,-5.0082,0.0567,0.0,0.3779,0.3817,0.5045,220691.61,0.3139,3.6782,12.3045,1.0,3.0,0.2588,-1.5719,0.1583,0.4346,-0.3139,0.0216,312.1933,-1.3616,0.3513,0.2771,0.8245,0.0,88.85
0.6239,-5.9565,0.0235,0.5918,0.3816,0.3977,0.6866,233516.42,0.0405,3.8919,12.361,2.0,3.0,0.0252,-0.241,0.0278,0.4051,0.5513,0.0093,0.0683,-1.5305,0.3922,0.2708,0.6866,0.0235,141.1769
0.6416,-13.8367,0.0895,0.995,0.3636,0.0243,0.4036,296835.12,0.3299,4.9473,12.6009,4.0,0.0,0.2117,-4.5643,0.1331,0.4531,0.6651,0.0022,0.3312,-2.7968,0.4068,0.3306,0.995,0.0243,112.9596
0.6514,-4.5876,0.0936,0.3078,0.0113,0.3118,0.6671,283613.34,0.6019,4.7269,12.5554,3.0,3.0,0.3921,-2.7611,0.4015,0.1049,-0.2941,0.0292,1.9492,-0.9705,0.3778,0.2687,0.6671,0.0113,113.3586
0.7177,-7.8594,0.0878,0.3813,0.0245,0.0243,0.24,228895.11,0.6589,3.8149,12.341,1.0,2.0,0.4729,-5.1783,0.1581,0.1123,-0.2776,0.0021,1.7234,-2.0602,0.3049,0.2916,0.7177,0.0243,131.0344
0.6716,-8.8954,0.0782,0.1539,0.0,0.1487,0.9361,290522.03,0.2908,4.842,12.5794,3.0,2.0,0.1953,-2.5868,0.2722,0.0782,-0.1369,0.0116,1.8773,-1.8371,0.3256,0.3468,0.9361,0.0,144.5056
0.7043,-12.5855,0.0775,0.4766,0.2469,0.1489,0.7266,218948.28,0.0714,3.6491,12.2966,1.0,0.0,0.0503,-0.8986,0.0519,0.3244,0.4052,0.0115,0.1495,-3.4489,0.3503,0.2847,0.7266,0.0714,154.0789
0.4517,-10.4417,0.1445,0.4748,0.2727,0.3658,0.8142,242664.1,0.1517,4.0444,12.3994,2.0,1.0,0.0685,-1.5844,0.1235,0.4172,0.323,0.0529,0.3189,-2.5818,0.3822,0.2316,0.8142,0.1445,168.3078
0.4609,-2.4557,0.0982,0.3537,0.4044,0.0243,0.5323,244467.28,0.8241,4.0745,12.4068,2.0,4.0,0.3798,-2.0239,0.4387,0.5026,-0.4704,0.0024,2.3233,-0.6027,0.3854,0.2689,0.8241,0.0243,119.4787
0.6378,-10.9964,0.0467,0.1098,0.0,0.0469,0.978,229080.06,0.5916,3.818,12.3418,1.0,1.0,0.3773,-6.5055,0.5786,0.0467,-0.4818,0.0022,5.3377,-2.8802,0.3444,0.3872,0.978,0.0,137.4364
0.4413,-8.9083,0.0482,0.1056,0.2936,0.3865,0.7054,282365.34,0.6531,4.7061,12.551,3.0,2.0,0.2882,-5.8177,0.4607,0.3417,-0.5475,0.0186,6.1285,-1.8929,0.3762,0.2507,0.7054,0.0482,118.3973
0.6837,-1.357,0.0701,0.2938,0.4658,0.4497,0.4626,255568.75,0.3275,4.2595,12.4513,2.0,4.0,0.2239,-0.4445,0.1515,0.5359,-0.0338,0.0315,1.1111,-0.3186,0.3933,0.1899,0.6837,0.0701,92.3372
0.5589,-4.8658,0.0235,0.2289,0.0865,0.1006,0.5867,223114.38,0.4557,3.7186,12.3154,1.0,3.0,0.2547,-2.2175,0.2674,0.11,-0.2268,0.0024,1.9821,-1.3085,0.2915,0.238,0.5867,0.0235,128.7105
0.4128,-6.5698,0.0235,0.3679,0.0981,0.0982,0.0256,251651.44,0.7937,4.1942,12.4358,2.0,3.0,0.3276,-5.2142,0.0203,0.1216,-0.4258,0.0023,2.1517,-1.5664,0.26,0.2837,0.7937,0.0235,109.4752
0.7492,-13.6965,0.089,0.4623,0.0895,0.232,0.2828,162611.73,0.0018,2.7102,11.9991,0.0,0.0,0.0013,-0.0247,0.0005,0.1785,0.4605,0.0206,0.0039,-5.0537,0.2724,0.2599,0.7492,0.0018,72.9005
0.5636,-11.4716,0.0554,0.175,0.0,0.0921,0.3732,280180.97,0.3023,4.6697,12.5432,3.0,1.0,0.1703,-3.4675,0.1128,0.0554,-0.1273,0.0051,1.7177,-2.4566,0.2231,0.2009,0.5636,0.0,76.8462
0.7461,-2.369,0.0327,0.0818,0.1526,0.2885,0.6187,265883.62,0.6925,4.4314,12.4908,3.0,4.0,0.5166,-1.6405,0.4285,0.1854,-0.6107,0.0094,8.3636,-0.5346,0.3733,0.3049,0.7461,0.0327,142.9358
0.6149,-7.027,0.0235,0.6051,0.0,0.345,0.3956,224471.33,0.0383,3.7412,12.3215,1.0,2.0,0.0235,-0.2689,0.0151,0.0235,0.5668,0.0081,0.0631,-1.8783,0.2889,0.27,0.6149,0.0,110.5779
0.4427,-12.0605,0.0235,0.0783,0.2029,0.1303,0.5471,229583.61,0.7173,3.8264,12.344,1.0,1.0,0.3175,-8.6514,0.3924,0.2264,-0.639,0.0031,9.0445,-3.1519,0.306,0.2643,0.7173,0.0235,106.8892
0.7708,-13.5326,0.1088,0.0189,0.0,0.0746,0.6908,180988.81,0.9501,3.0165,12.1062,0.0,0.0,0.7324,-12.8577,0.6563,0.1088,-0.9312,0.0081,47.6714,-4.4862,0.3734,0.4114,0.9501,0.0,119.2439
0.4866,-7.2758,0.0235,0.2321,0.1725,0.3289,0.4745,241771.16,0.6021,4.0295,12.3958,2.0,2.0,0.293,-4.381,0.2857,0.196,-0.3701,0.0077,2.5834,-1.8056,0.3314,0.2032,0.6021,0.0235,121.3206
0.5528,-6.8984,0.1368,0.1374,0.1208,0.0243,0.4769,210437.23,0.5982,3.5073,12.2569,1.0,3.0,0.3307,-4.1266,0.2853,0.2576,-0.4608,0.0033,4.3212,-1.9669,0.2925,0.2398,0.5982,0.0243,98.7335
0.6951,-3.3695,0.0361,0.2417,0.4779,0.0918,0.3916,224979.94,0.6458,3.7497,12.3238,1.0,4.0,0.4489,-2.176,0.2529,0.514,-0.4041,0.0033,2.6608,-0.8986,0.3686,0.2579,0.6951,0.0361,128.3778
0.5529,-16.439,0.07,0.2977,0.0,0.0917,0.4259,303478.62,0.4945,5.058,12.6231,4.0,0.0,0.2734,-8.1285,0.2106,0.07,-0.1967,0.0064,1.6551,-3.2501,0.2761,0.2236,0.5529,0.0,88.9902
0.7628,-12.7939,0.0235,0.2038,0.0,0.2589,0.3446,261084.62,0.2915,4.3514,12.4726,3.0,0.0,0.2223,-3.729,0.1004,0.0235,-0.0876,0.0061,1.423,-2.9402,0.2693,0.254,0.7628,0.0,134.9161
0.3906,-7.0576,0.0983,0.1568,0.1067,0.0243,0.7392,273472.9,0.6363,4.5579,12.519,3.0,2.0,0.2485,-4.4905,0.4703,0.205,-0.4795,0.0024,4.0331,-1.5484,0.3075,0.2853,0.7392,0.0243,93.1655
0.858,-1.357,0.1457,0.0404,0.0496,0.0243,0.5823,277639.22,0.5229,4.6273,12.5341,3.0,4.0,0.4486,-0.7095,0.3045,0.1953,-0.4825,0.0035,12.6257,-0.2933,0.3176,0.3338,0.858,0.0243,131.9901
0.8585,-7.5558,0.0346,0.4771,0.185,0.2884,0.5967,297568.3,0.2961,4.9595,12.6034,4.0,2.0,0.2542,-2.237,0.1767,0.2196,0.181,0.01,0.6193,-1.5235,0.3909,0.2761,0.8585,0.0346,119.9205
0.6395,-13.4254,0.0235,0.0,0.0,0.2613,0.6081,362761.4,0.9273,6.046,12.8015,4.0,0.0,0.593,-12.4498,0.5639,0.0235,-0.9273,0.0061,922.3893,-2.2205,0.3514,0.3749,0.9273,0.0,135.0904
0.48,-10.9342,0.0512,0.0,0.0,0.0243,0.755,270416.6,0.9075,4.5069,12.5077,3.0,1.0,0.4356,-9.9224,0.6852,0.0512,-0.9075,0.0012,902.6286,-2.4261,0.3169,0.3925,0.9075,0.0,103.0249
0.6048,-2.5697,0.0235,0.0,0.0973,0.2767,0.9265,229182.62,0.4764,3.8197,12.3423,1.0,4.0,0.2881,-1.2242,0.4414,0.1208,-0.4764,0.0065,473.8601,-0.6727,0.3436,0.3443,0.9265,0.0,135.1361
0.398,-14.3906,0.067,0.1716,0.0548,0.4287,0.0256,338979.5,0.6098,5.6497,12.7337,4.0,0.0,0.2427,-8.7754,0.0156,0.1218,-0.4382,0.0287,3.5335,-2.5472,0.2508,0.2278,0.6098,0.0256,122.8254
0.4745,-4.9579,0.0235,0.479,0.0,0.1864,0.3095,299725.53,0.6518,4.9954,12.6106,4.0,3.0,0.3093,-3.2315,0.2018,0.0235,-0.1728,0.0044,1.3579,-0.9925,0.3035,0.2469,0.6518,0.0,47.0317
0.7888,-11.9424,0.0996,0.0,0.0,0.2056,0.1779,336041.6,0.6104,5.6007,12.725,4.0,1.0,0.4815,-7.2897,0.1086,0.0996,-0.6104,0.0205,607.1457,-2.1323,0.2689,0.3089,0.7888,0.0,134.3807
0.7634,-16.704,0.0235,0.2388,0.3968,0.1326,0.271,275416.4,0.4188,4.5903,12.526,3.0,0.0,0.3197,-6.9956,0.1135,0.4203,-0.18,0.0031,1.7464,-3.639,0.3207,0.2395,0.7634,0.0235,76.2615
0.4799,-8.5177,0.1136,0.224,0.0,0.1314,0.3268,260941.42,0.9083,4.349,12.4721,3.0,2.0,0.4358,-7.7364,0.2968,0.1136,-0.6843,0.0149,4.0373,-1.9585,0.312,0.3058,0.9083,0.0,128.9893
0.7504,-18.219,0.0579,0.4208,0.0029,0.0651,0.6035,134481.86,0.0248,2.2414,11.8092,0.0,0.0,0.0186,-0.4518,0.015,0.0608,0.396,0.0038,0.0588,-8.1286,0.2751,0.3117,0.7504,0.0029,78.6264
0.3869,-1.6694,0.1076,0.8659,0.3425,0.0243,0.489,252443.88,0.3339,4.2074,12.4389,2.0,4.0,0.1292,-0.5574,0.1632,0.4501,0.532,0.0026,0.3851,-0.3968,0.3643,0.274,0.8659,0.0243,141.8998
0.447,-12.0977,0.085,0.0116,0.0437,0.238,0.5636,300811.0,0.9879,5.0135,12.6142,4.0,1.0,0.4416,-11.9517,0.5568,0.1287,-0.9763,0.0202,78.162,-2.413,0.3396,0.3541,0.9879,0.0116,124.2414
0.5907,-16.8851,0.0912,0.063,0.0,0.422,0.5945,240830.12,0.6613,4.0138,12.3919,2.0,0.0,0.3906,-11.1656,0.3931,0.0912,-0.5983,0.0385,10.333,-4.2067,0.3461,0.2862,0.6613,0.0,111.4994
0.6527,-9.747,0.1055,0.4779,0.0,0.0243,0.3322,271812.28,0.6195,4.5302,12.5129,3.0,1.0,0.4043,-6.0379,0.2058,0.1055,-0.1415,0.0026,1.2934,-2.1516,0.316,0.2772,0.6527,0.0,111.3546
0.6908,-5.0864,0.0924,0.4844,0.0,0.0243,0.7948,217567.72,0.6735,3.6261,12.2903,1.0,3.0,0.4652,-3.4255,0.5353,0.0924,-0.1891,0.0022,1.3874,-1.4027,0.3943,0.3459,0.7948,0.0,137.3186
0.7564,-10.3677,0.0235,0.0877,0.1174,0.2761,0.268,202639.27,0.7525,3.3773,12.2192,1.0,1.0,0.5692,-7.8021,0.2017,0.1409,-0.6649,0.0065,8.4872,-3.0698,0.326,0.3068,0.7564,0.0235,98.872
0.6318,-10.3145,0.1825,0.0095,0.2544,0.1155,0.7973,202374.17,0.8223,3.3729,12.2179,1.0,1.0,0.5195,-8.4819,0.6557,0.437,-0.8128,0.0211,78.0292,-3.058,0.4019,0.3396,0.8223,0.0095,121.2624
0.5907,-14.4985,0.0765,0.3761,0.305,0.0243,0.32,281040.94,0.7298,4.684,12.5463,3.0,0.0,0.4311,-10.581,0.2335,0.3815,-0.3537,0.0019,1.9355,-3.0953,0.3461,0.2538,0.7298,0.0243,113.5676
0.7881,-1.357,0.1758,0.3075,0.2936,0.0395,0.978,149968.77,0.8361,2.4995,11.9182,0.0,4.0,0.659,-1.1346,0.8177,0.4694,-0.5286,0.0069,2.71,-0.5429,0.4884,0.3698,0.978,0.0395,172.6782
0.5299,-1.357,0.0613,0.995,0.017,0.0243,0.5309,142996.28,0.6604,2.3833,11.8706,0.0,4.0,0.35,-0.8962,0.3506,0.0784,0.3346,0.0015,0.6631,-0.5694,0.4027,0.3782,0.995,0.017,88.0717
0.7233,-4.1188,0.0417,0.146,0.1908,0.0243,0.7494,226554.78,0.7589,3.7759,12.3307,1.0,3.0,0.5489,-3.1256,0.5687,0.2326,-0.6129,0.001,5.1635,-1.0908,0.3763,0.3486,0.7589,0.0243,126.519
0.6399,-12.8265,0.0467,0.0628,0.4195,0.398,0.3536,362323.38,0.5932,6.0387,12.8003,4.0,0.0,0.3796,-7.6087,0.2097,0.4661,-0.5304,0.0186,9.2981,-2.124,0.3591,0.2325,0.6399,0.0467,68.8926
0.4614,-9.0396,0.0957,0.174,0.0916,0.09,0.5271,226864.36,0.9353,3.7811,12.3321,1.0,2.0,0.4315,-8.4544,0.493,0.1874,-0.7612,0.0086,5.3435,-2.3907,0.3393,0.3203,0.9353,0.09,127.727
0.6364,-3.9362,0.0235,0.995,0.0772,0.2155,0.0256,186955.6,0.5511,3.1159,12.1386,1.0,4.0,0.3507,-2.1691,0.0141,0.1007,0.4439,0.0051,0.5533,-1.2633,0.3606,0.3746,0.995,0.0235,106.035
0.8242,-3.1636,0.0235,0.0,0.0992,0.3099,0.7882,246849.69,0.2921,4.1142,12.4165,2.0,4.0,0.2407,-0.924,0.2302,0.1227,-0.2921,0.0073,290.5095,-0.7689,0.3339,0.3445,0.8242,0.0,96.649
0.7227,-1.357,0.0901,0.5342,0.3845,0.1854,0.6393,231561.86,0.2698,3.8594,12.3526,2.0,4.0,0.195,-0.3661,0.1725,0.4746,0.2644,0.0167,0.5041,-0.3516,0.4037,0.2375,0.7227,0.0901,106.3931
0.4845,-1.357,0.0864,0.1655,0.1456,0.0243,0.5299,311541.97,0.9645,5.1924,12.6493,4.0,4.0,0.4673,-1.3088,0.5111,0.232,-0.7989,0.0021,5.7911,-0.2613,0.343,0.3364,0.9645,0.0243,111.1026
0.5927,-6.0378,0.0774,0.2213,0.1211,0.1811,0.5343,220636.72,0.7243,3.6773,12.3043,1.0,3.0,0.4293,-4.3734,0.387,0.1985,-0.5031,0.014,3.2589,-1.6419,0.3503,0.2597,0.7243,0.0774,142.9805
0.7269,-1.357,0.1775,0.1813,0.0641,0.0243,0.6191,259564.8,0.2828,4.3261,12.4668,3.0,4.0,0.2056,-0.3838,0.1751,0.2417,-0.1015,0.0043,1.5514,-0.3137,0.2966,0.2723,0.7269,0.0243,117.9186
0.461,-11.9662,0.0235,0.0,0.0219,0.1256,0.6186,220421.5,0.8627,3.6737,12.3033,1.0,1.0,0.3977,-10.3228,0.5337,0.0454,-0.8627,0.003,858.0674,-3.2573,0.3019,0.346,0.8627,0.0,139.8608
0.6445,-10.4427,0.15,0.0,0.0,0.0243,0.6428,213612.14,0.4114,3.5602,12.2719,1.0,1.0,0.2652,-4.2961,0.2645,0.15,-0.4114,0.0036,409.2067,-2.9332,0.2676,0.2943,0.6445,0.0,104.1773
0.7513,-2.8838,0.0235,0.6383,0.2537,0.0889,0.5467,210872.72,0.6723,3.5145,12.259,1.0,4.0,0.5051,-1.9387,0.3675,0.2772,-0.034,0.0021,1.0516,-0.8205,0.425,0.2976,0.7513,0.0235,86.4572
0.4208,-7.9643,0.0937,0.2651,0.1428,0.0243,0.3128,265830.47,0.9268,4.4305,12.4906,3.0,2.0,0.39,-7.3813,0.2899,0.2365,-0.6617,0.0023,3.483,-1.7976,0.3123,0.3031,0.9268,0.0243,104.0086
0.5869,-1.357,0.1312,0.0,0.0,0.1958,0.978,176097.27,0.3978,2.935,12.0788,0.0,4.0,0.2335,-0.5398,0.389,0.1312,-0.3978,0.0257,395.6792,-0.4624,0.3271,0.3572,0.978,0.0,109.5312
0.7389,-5.9182,0.0975,0.271,0.1345,0.0243,0.7389,262052.92,0.6571,4.3675,12.4763,3.0,3.0,0.4855,-3.8886,0.4855,0.232,-0.3861,0.0024,2.4158,-1.355,0.3803,0.3196,0.7389,0.0243,139.2105
0.4427,-7.7611,0.0356,0.0,0.0,0.0243,0.6616,304473.5,0.898,5.0746,12.6263,4.0,2.0,0.3975,-6.9694,0.5941,0.0356,-0.898,0.0009,893.2124,-1.5294,0.2946,0.3729,0.898,0.0,120.4977
0.8563,-7.9676,0.0801,0.287,0.2969,0.3817,0.4028,200785.81,0.3099,3.3464,12.21,1.0,2.0,0.2654,-2.4694,0.1248,0.3771,-0.0229,0.0306,1.076,-2.3809,0.3735,0.2372,0.8563,0.0801,130.4058
0.3345,-8.8494,0.0795,0.0,0.0,0.0869,0.2363,316830.66,0.9079,5.2805,12.6661,4.0,2.0,0.3037,-8.0347,0.2145,0.0795,-0.9079,0.0069,903.0928,-1.6759,0.235,0.3213,0.9079,0.0,135.769
0.6765,-5.9546,0.094,0.1887,0.0526,0.0243,0.5945,181871.92,0.3478,3.0312,12.1111,0.0,3.0,0.2353,-2.071,0.2068,0.1466,-0.1591,0.0023,1.8331,-1.9644,0.2826,0.2648,0.6765,0.0243,131.7861
0.5915,-16.0157,0.056,0.3026,0.0,0.0643,0.5085,262900.6,0.8953,4.3817,12.4795,3.0,0.0,0.5296,-14.3394,0.4553,0.056,-0.5927,0.0036,2.9486,-3.6552,0.3455,0.335,0.8953,0.0,112.7966
0.49,-10.4411,0.1368,0.0,0.066,0.4133,0.5309,291317.75,0.3979,4.8553,12.5822,4.0,1.0,0.195,-4.1548,0.2113,0.2028,-0.3979,0.0565,395.8118,-2.1504,0.2907,0.217,0.5309,0.0,122.3411
0.5704,-7.9717,0.05,0.0,0.0,0.0243,0.3797,224524.62,0.3815,3.7421,12.3217,1.0,2.0,0.2176,-3.0409,0.1448,0.05,-0.3815,0.0012,379.4329,-2.1303,0.2008,0.2366,0.5704,0.0,108.5816
0.5534,-18.915,0.0618,0.2788,0.3823,0.1604,0.5696,161018.38,0.0839,2.6836,11.9893,0.0,0.0,0.0464,-1.5863,0.0478,0.4441,0.195,0.0099,0.2997,-7.0483,0.2986,0.211,0.5696,0.0618,125.9303
0.7696,-5.4798,0.0235,0.2054,0.263,0.1654,0.7381,364723.22,0.2196,6.0787,12.8069,4.0,3.0,0.169,-1.2034,0.1621,0.2865,-0.0142,0.0039,1.0639,-0.9015,0.3407,0.2922,0.7696,0.0235,114.8164
0.975,-1.357,0.1299,0.4529,0.0,0.1499,0.2912,141515.02,0.4378,2.3586,11.8602,0.0,4.0,0.4269,-0.5941,0.1275,0.1299,0.0151,0.0195,0.9645,-0.5753,0.3481,0.3223,0.975,0.0,128.7028
0.3657,-14.9337,0.0889,0.315,0.0469,0.3312,0.6392,251446.38,0.1627,4.1908,12.435,2.0,0.0,0.0595,-2.4292,0.104,0.1358,0.1523,0.0294,0.5148,-3.5635,0.2785,0.202,0.6392,0.0469,136.3386
0.5909,-9.0665,0.0235,0.0,0.2546,0.1766,0.5064,243515.88,0.7309,4.0586,12.4029,2.0,2.0,0.4319,-6.6264,0.3701,0.2781,-0.7309,0.0041,726.9701,-2.2339,0.3261,0.2863,0.7309,0.0,113.4393
0.975,-4.7351,0.0951,0.2466,0.1096,0.0243,0.7398,288320.06,0.5865,4.8053,12.5718,3.0,3.0,0.5718,-2.777,0.4338,0.2047,-0.3398,0.0023,2.3683,-0.9854,0.3967,0.3703,0.975,0.0243,135.5878
0.6801,-7.4816,0.089,0.1538,0.0518,0.0243,0.2479,280826.72,0.4719,4.6804,12.5455,3.0,2.0,0.3209,-3.5303,0.117,0.1408,-0.3181,0.0022,3.0484,-1.5985,0.2456,0.2448,0.6801,0.0243,104.9197
0.3549,-11.1602,0.0235,0.3479,0.1624,0.047,0.9393,168824.64,0.6771,2.8137,12.0366,0.0,1.0,0.2403,-7.5562,0.6359,0.1859,-0.3292,0.0011,1.9408,-3.9663,0.3646,0.3382,0.9393,0.0235,154.0453
0.5926,-2.8769,0.0258,0.9121,0.0,0.0243,0.5571,372479.25,0.8021,6.208,12.8279,4.0,4.0,0.4754,-2.3076,0.4468,0.0258,0.11,0.0006,0.8784,-0.4634,0.4163,0.3927,0.9121,0.0,96.0932
0.7536,-9.786,0.1238,0.5423,0.1735,0.1234,0.7464,243690.72,0.0145,4.0615,12.4037,2.0,1.0,0.011,-0.1422,0.0108,0.2973,0.5278,0.0153,0.0268,-2.4095,0.3539,0.317,0.7536,0.0145,131.6535
0.535,-7.9454,0.0235,0.995,0.1618,0.3029,0.5501,230977.89,0.7184,3.8496,12.3501,2.0,2.0,0.3843,-5.7079,0.3952,0.1853,0.2766,0.0071,0.7213,-2.0639,0.4695,0.3342,0.995,0.0235,108.3016
0.5969,-9.5437,0.0235,0.0,0.0,0.2623,0.2812,305823.12,0.8171,5.0971,12.6308,4.0,2.0,0.4877,-7.7985,0.2298,0.0235,-0.8171,0.0062,812.7768,-1.8724,0.283,0.3193,0.8171,0.0,124.5415
0.7798,-5.8234,0.1019,0.0781,0.187,0.0243,0.3876,159613.28,0.9632,2.6602,11.9805,0.0,3.0,0.7511,-5.6091,0.3733,0.2889,-0.8851,0.0025,12.1728,-2.1891,0.3603,0.3718,0.9632,0.0243,103.4164
0.7522,-11.7231,0.0235,0.3147,0.0,0.1438,0.0256,184987.7,0.6383,3.0831,12.128,1.0,1.0,0.4802,-7.4833,0.0163,0.0235,-0.3236,0.0034,2.0216,-3.8024,0.2712,0.3108,0.7522,0.0,105.8138
0.483,-12.0377,0.0235,0.0087,0.004,0.2468,0.5667,246679.89,0.9883,4.1113,12.4159,2.0,1.0,0.4773,-11.8964,0.56,0.0275,-0.9795,0.0058,101.5041,-2.9279,0.3316,0.3704,0.9883,0.004,171.8507
0.3901,-2.5106,0.0235,0.0,0.2234,0.3528,0.5526,161721.31,0.9287,2.6954,11.9936,0.0,4.0,0.3622,-2.3315,0.5132,0.2469,-0.9287,0.0083,923.7156,-0.9314,0.353,0.3221,0.9287,0.0,133.9309
0.4745,-10.41,0.2235,0.0555,0.0,0.1934,0.2721,260835.97,0.7605,4.3473,12.4717,3.0,1.0,0.3609,-7.9165,0.2069,0.2235,-0.7049,0.0432,13.4538,-2.3946,0.2828,0.2608,0.7605,0.0,131.5342
0.3598,-4.6759,0.1175,0.2428,0.0881,0.1912,0.4916,325812.9,0.6113,5.4302,12.6941,4.0,3.0,0.22,-2.8585,0.3006,0.2056,-0.3685,0.0225,2.5072,-0.8611,0.3003,0.196,0.6113,0.0881,120.9161
0.3299,-5.7269,0.0235,0.2522,0.1421,0.065,0.5299,226520.53,0.9988,3.7753,12.3306,1.0,3.0,0.3296,-5.72,0.5293,0.1656,-0.7466,0.0015,3.9441,-1.5169,0.3345,0.3398,0.9988,0.0235,123.1006
0.5343,-6.791,0.0235,0.0112,0.1187,0.1218,0.7359,183421.11,0.6605,3.057,12.1195,1.0,3.0,0.3529,-4.4852,0.486,0.1422,-0.6493,0.0029,54.3118,-2.2214,0.3151,0.3156,0.7359,0.0112,133.1993
0.7227,-16.0926,0.0235,0.0793,0.0797,0.342,0.5427,225823.28,0.2926,3.7637,12.3275,1.0,0.0,0.2115,-4.7087,0.1588,0.1032,-0.2133,0.008,3.6435,-4.2757,0.2975,0.2624,0.7227,0.0235,150.2176
0.8245,-8.2502,0.132,0.7648,0.1913,0.0918,0.4888,269209.38,0.14,4.4868,12.5032,3.0,2.0,0.1154,-1.155,0.0684,0.3234,0.6248,0.0121,0.1828,-1.8388,0.3762,0.3149,0.8245,0.0918,137.5255
0.7152,-16.3315,0.0235,0.0,0.0,0.2049,0.6986,63973.0,0.5454,1.0662,11.0662,0.0,0.0,0.3901,-8.9072,0.381,0.0235,-0.5454,0.0048,542.4922,-15.3173,0.3125,0.3306,0.7152,0.0,49.4882
0.975,-17.4599,0.0433,0.0,0.3699,0.0929,0.5801,105734.56,0.9089,1.7622,11.5687,0.0,0.0,0.8861,-15.8687,0.5273,0.4132,-0.9089,0.004,904.0211,-9.9078,0.4243,0.4083,0.975,0.0,72.8324
0.6193,-12.7159,0.0421,0.5395,0.0,0.0243,0.5643,209725.81,0.3829,3.4954,12.2536,1.0,0.0,0.2371,-4.8685,0.216,0.0421,0.1566,0.001,0.7084,-3.6379,0.3103,0.2792,0.6193,0.0,134.9855
0.6085,-12.6731,0.0235,0.3489,0.0,0.3101,0.5981,161616.98,0.0495,2.6936,11.993,0.0,0.0,0.0301,-0.6269,0.0296,0.0235,0.2994,0.0073,0.1414,-4.7048,0.2769,0.262,0.6085,0.0,104.4673
0.4839,-11.4926,0.0779,0.1526,0.0955,0.0243,0.6193,166793.53,0.7976,2.7799,12.0245,0.0,1.0,0.386,-9.1665,0.4939,0.1733,-0.645,0.0019,5.1921,-4.1342,0.3216,0.308,0.7976,0.0243,137.0924
0.6596,-10.0655,0.0859,0.4425,0.4954,0.0695,0.7241,206792.78,0.0584,3.4465,12.2395,1.0,1.0,0.0385,-0.5878,0.0423,0.5813,0.3841,0.006,0.1317,-2.9204,0.3622,0.2881,0.7241,0.0584,134.5855
0.4888,-15.8907,0.0235,0.0,0.0925,0.287,0.4338,290944.16,0.4354,4.8491,12.5809,3.0,0.0,0.2128,-6.9188,0.1889,0.116,-0.4354,0.0067,433.0787,-3.2771,0.2516,0.2102,0.4888,0.0,113.914
0.4346,-19.3731,0.1822,0.2657,0.1058,0.0928,0.4613,244327.98,0.7544,4.0721,12.4063,2.0,0.0,0.3278,-14.6151,0.348,0.288,-0.4887,0.0169,2.8283,-4.7575,0.3281,0.2383,0.7544,0.0928,109.8953
0.69,-7.1702,0.0235,0.3065,0.0907,0.1199,0.2778,184582.17,0.2939,3.0764,12.1259,1.0,2.0,0.2028,-2.1071,0.0816,0.1142,0.0126,0.0028,0.9557,-2.3307,0.2575,0.2209,0.69,0.0235,93.4729
0.5677,-5.8171,0.1407,0.0612,0.2467,0.0243,0.4948,288525.6,0.6854,4.8088,12.5725,3.0,3.0,0.3891,-3.987,0.3391,0.3875,-0.6242,0.0034,11.0253,-1.2097,0.3173,0.2637,0.6854,0.0243,123.6535
0.3435,-17.2441,0.1087,0.0637,0.0,0.0243,0.5501,220109.77,0.9919,3.6685,12.3019,1.0,0.0,0.3407,-17.105,0.5457,0.1087,-0.9282,0.0026,15.3266,-4.7006,0.2975,0.3655,0.9919,0.0,95.5187
0.7618,-8.2449,0.0796,0.0948,0.1325,0.0243,0.5848,63973.0,0.9925,1.0662,11.0662,0.0,2.0,0.7561,-8.1828,0.5804,0.2121,-0.8977,0.0019,10.3631,-7.7328,0.3815,0.392,0.9925,0.0243,157.097
0.3958,-20.0987,0.2036,0.0,0.2281,0.1176,0.6712,222528.03,0.8743,3.7088,12.3128,1.0,0.0,0.3461,-17.573,0.5869,0.4317,-0.8743,0.0239,869.6719,-5.4192,0.3558,0.3143,0.8743,0.0,123.0332
0.5424,-9.9083,0.0608,0.3365,0.2388,0.3906,0.2944,327968.7,0.1345,5.4661,12.7007,4.0,1.0,0.0729,-1.3323,0.0396,0.2996,0.202,0.0238,0.3985,-1.8127,0.2854,0.1608,0.5424,0.0608,129.0488
0.975,-7.8239,0.0802,0.2155,0.1178,0.2477,0.3536,243384.25,0.4264,4.0564,12.4024,2.0,2.0,0.4157,-3.3361,0.1508,0.1981,-0.2109,0.0199,1.9694,-1.9288,0.3452,0.3032,0.975,0.0802,165.4387
0.828,-8.2559,0.0772,0.2034,0.0,0.332,0.4954,261851.06,0.3255,4.3642,12.4755,3.0,2.0,0.2695,-2.687,0.1612,0.0772,-0.122,0.0256,1.592,-1.8917,0.3231,0.2781,0.828,0.0,112.5858
0.6661,-4.0897,0.0942,0.4725,0.1546,0.2444,0.5725,266562.22,0.8982,4.4427,12.4934,3.0,3.0,0.5983,-3.6734,0.5142,0.2488,-0.4257,0.023,1.8967,-0.9205,0.4432,0.2941,0.8982,0.0942,77.3982
0.6869,-10.1717,0.1813,0.3744,0.5123,0.1345,0.978,258457.19,0.1599,4.3076,12.4625,2.0,1.0,0.1098,-1.6261,0.1563,0.6937,0.2145,0.0244,0.4258,-2.3613,0.4325,0.3158,0.978,0.1345,113.8194
0.5949,-7.4826,0.0235,0.142,0.2429,0.4175,0.491,63973.0,0.2076,1.0662,11.0662,0.0,2.0,0.1235,-1.5534,0.1019,0.2664,-0.0656,0.0098,1.4513,-7.0179,0.3028,0.2043,0.5949,0.0235,158.1192
0.6924,-6.6987,0.1374,0.0554,0.0587,0.0243,0.7538,299711.72,0.6023,4.9952,12.6106,4.0,3.0,0.417,-4.0344,0.454,0.1962,-0.5468,0.0033,10.6699,-1.341,0.332,0.3328,0.7538,0.0243,110.4138
0.5678,-9.7338,0.1531,0.0493,0.0,0.164,0.4701,262024.78,0.9814,4.3671,12.4762,3.0,1.0,0.5572,-9.5528,0.4614,0.1531,-0.9321,0.0251,19.5226,-2.2289,0.3408,0.3527,0.9814,0.0,143.0954
0.675,-7.0179,0.0925,0.1266,0.0,0.4359,0.6636,155051.22,0.3818,2.5842,11.9515,0.0,2.0,0.2577,-2.6794,0.2534,0.0925,-0.2552,0.0403,2.9916,-2.7157,0.3394,0.2739,0.675,0.0,99.9872
0.3675,-8.0571,0.097,0.2524,0.0,0.2463,0.7949,296768.6,0.0149,4.9461,12.6007,4.0,2.0,0.0055,-0.1198,0.0118,0.097,0.2375,0.0239,0.0587,-1.629,0.2533,0.2744,0.7949,0.0,121.9561
0.369,-7.9781,0.1409,0.6201,0.0,0.0583,0.3776,325042.2,0.0234,5.4174,12.6917,4.0,2.0,0.0086,-0.1867,0.0088,0.1409,0.5967,0.0082,0.0377,-1.4727,0.227,0.2332,0.6201,0.0,128.4025
0.8261,-7.0172,0.0235,0.5707,0.1147,0.3235,0.4617,327968.7,0.2811,5.4661,12.7007,4.0,2.0,0.2322,-1.9723,0.1298,0.1382,0.2897,0.0076,0.4916,-1.2838,0.3716,0.2745,0.8261,0.0235,134.662
0.7317,-10.5945,0.0235,0.6649,0.2818,0.4445,0.7165,280266.06,0.0119,4.6711,12.5435,3.0,1.0,0.0087,-0.1257,0.0085,0.3053,0.653,0.0104,0.0178,-2.2681,0.4107,0.313,0.7317,0.0119,96.4742
0.6616,-2.9067,0.0818,0.4893,0.2371,0.3833,0.8464,223930.88,0.7027,3.7322,12.3191,1.0,4.0,0.4649,-2.0424,0.5947,0.3189,-0.2134,0.0314,1.4331,-0.7788,0.486,0.2719,0.8464,0.0818,135.5847
0.5529,-9.8266,0.0235,0.0625,0.0564,0.2409,0.2521,255570.08,0.6034,4.2595,12.4513,2.0,1.0,0.3336,-5.9294,0.1521,0.0799,-0.5409,0.0057,9.5025,-2.307,0.256,0.2382,0.6034,0.0235,131.3661
0.7439,-9.339,0.0816,0.1204,0.1224,0.0781,0.6429,270966.88,0.2954,4.5161,12.5098,3.0,2.0,0.2198,-2.7587,0.1899,0.2041,-0.175,0.0064,2.4343,-2.0679,0.2978,0.2815,0.7439,0.0781,196.854
0.3518,-6.1257,0.0442,0.525,0.0,0.2357,0.3425,233511.78,0.6519,3.8919,12.361,2.0,3.0,0.2294,-3.9936,0.2233,0.0442,-0.127,0.0104,1.2395,-1.574,0.3073,0.2374,0.6519,0.0,174.3347
0.7347,-2.6649,0.0979,0.508,0.0,0.0765,0.4349,253841.88,0.6467,4.2307,12.4445,2.0,4.0,0.4751,-1.7235,0.2812,0.0979,-0.1387,0.0075,1.2705,-0.6299,0.357,0.2969,0.7347,0.0,140.4414
0.6324,-10.8378,0.0526,0.0267,0.0,0.3079,0.7662,237902.69,0.6018,3.965,12.3796,2.0,1.0,0.3806,-6.5222,0.4611,0.0526,-0.5751,0.0162,21.7457,-2.7333,0.3411,0.3248,0.7662,0.0,100.2743
0.5577,-6.6331,0.0235,0.0,0.2702,0.3864,0.5369,291147.47,0.4149,4.8525,12.5816,3.0,3.0,0.2314,-2.7519,0.2227,0.2937,-0.4149,0.0091,412.6548,-1.367,0.3128,0.2271,0.5577,0.0,117.4391
0.7319,-8.7498,0.1438,0.012,0.0881,0.328,0.4608,226915.81,0.9536,3.7819,12.3323,1.0,2.0,0.6979,-8.3438,0.4394,0.2318,-0.9416,0.0472,73.1024,-2.3136,0.3883,0.3507,0.9536,0.012,107.2046
0.7064,-13.0875,0.0235,0.2658,0.3714,0.2741,0.0256,329522.9,0.6904,5.492,12.7054,4.0,0.0,0.4877,-9.0356,0.0177,0.3949,-0.4246,0.0064,2.5882,-2.383,0.3367,0.2789,0.7064,0.0235,144.5628
0.6239,-9.5849,0.0751,0.3468,0.0,0.0621,0.7051,187546.66,0.1465,3.1258,12.1418,1.0,1.0,0.0914,-1.4045,0.1033,0.0751,0.2003,0.0047,0.4213,-3.0664,0.2799,0.2855,0.7051,0.0,117.3124
0.7341,-5.6199,0.0235,0.1759,0.0,0.2439,0.5711,224535.53,0.4238,3.7423,12.3218,1.0,3.0,0.3111,-2.3817,0.2421,0.0235,-0.2479,0.0057,2.3961,-1.5017,0.3103,0.2774,0.7341,0.0,129.3431
0.665,-13.6038,0.1615,0.516,0.0585,0.2378,0.854,271342.8,0.0124,4.5224,12.5111,3.0,0.0,0.0082,-0.1687,0.0106,0.22,0.5036,0.0384,0.024,-3.0081,0.3579,0.3234,0.854,0.0124,75.824
0.4799,-8.4056,0.1959,0.4914,0.0,0.0243,0.3545,226102.83,0.8604,3.7684,12.3288,1.0,2.0,0.4129,-7.2321,0.305,0.1959,-0.369,0.0048,1.7473,-2.2305,0.3438,0.3026,0.8604,0.0,145.8715
0.8784,-11.8715,0.0968,0.5272,0.141,0.2525,0.7221,302358.44,0.0945,5.0393,12.6194,4.0,1.0,0.083,-1.1215,0.0682,0.2378,0.4327,0.0245,0.1789,-2.3558,0.3875,0.3219,0.8784,0.0945,86.3268
0.6628,-14.8765,0.0235,0.3675,0.0381,0.3776,0.3511,183551.1,0.3558,3.0592,12.1203,1.0,0.0,0.2358,-5.2931,0.1249,0.0616,0.0117,0.0089,0.9655,-4.8629,0.3109,0.2207,0.6628,0.0235,154.1948
0.9243,-8.2437,0.0753,0.4118,0.0584,0.2937,0.6858,341342.3,0.4037,5.689,12.7406,4.0,2.0,0.3731,-3.3277,0.2768,0.1337,0.0081,0.0221,0.978,-1.4491,0.4076,0.3135,0.9243,0.0584,72.5228
0.8584,-1.357,0.0894,0.2559,0.3479,0.0857,0.6384,180532.44,0.547,3.0089,12.1037,0.0,4.0,0.4695,-0.7423,0.3492,0.4373,-0.2911,0.0077,2.1296,-0.451,0.4032,0.2907,0.8584,0.0857,114.2483
0.5434,-7.9587,0.0235,0.4651,0.2759,0.306,0.8246,211722.97,0.6705,3.5287,12.263,1.0,2.0,0.3643,-5.3361,0.5529,0.2994,-0.2054,0.0072,1.4385,-2.2554,0.4441,0.2679,0.8246,0.0235,133.6142
0.6331,-18.2465,0.1678,0.4605,0.0098,0.3056,0.978,261243.42,0.056,4.3541,12.4732,3.0,0.0,0.0355,-1.0218,0.0548,0.1776,0.4045,0.0513,0.1213,-4.1907,0.373,0.3465,0.978,0.0098,133.0229
0.3816,-17.6547,0.0876,0.0497,0.2069,0.0243,0.5698,312430.38,0.9341,5.2072,12.6521,4.0,0.0,0.3565,-16.4918,0.5322,0.2945,-0.8845,0.0021,18.4311,-3.3905,0.322,0.3343,0.9341,0.0243,88.8656
0.7961,-11.9571,0.072,0.3064,0.1416,0.2212,0.7628,170947.23,0.0517,2.8491,12.0491,0.0,1.0,0.0411,-0.6178,0.0394,0.2136,0.2548,0.0159,0.1681,-4.1968,0.336,0.3152,0.7961,0.0517,114.6306
0.6357,-7.9066,0.0235,0.0,0.0689,0.2678,0.5158,244326.66,0.7941,4.0721,12.4063,2.0,2.0,0.5048,-6.2784,0.4096,0.0924,-0.7941,0.0063,789.8332,-1.9416,0.3294,0.321,0.7941,0.0,135.1798
0.7157,-14.6729,0.0314,0.2649,0.0,0.09,0.6567,334917.53,0.6115,5.582,12.7216,4.0,0.0,0.4376,-8.972,0.4015,0.0314,-0.3465,0.0028,2.2992,-2.6286,0.3386,0.3147,0.7157,0.0,139.1331
0.7663,-7.4529,0.0235,0.0942,0.0,0.3076,0.4638,121110.92,0.5579,2.0185,11.7045,0.0,2.0,0.4275,-4.1578,0.2587,0.0235,-0.4636,0.0072,5.8576,-3.6923,0.3162,0.2938,0.7663,0.0,142.6131
0.5469,-10.6319,0.0564,0.0,0.0415,0.2226,0.3526,234447.97,0.5475,3.9075,12.365,2.0,1.0,0.2994,-5.8206,0.193,0.0979,-0.5475,0.0126,544.5479,-2.7209,0.2525,0.235,0.5475,0.0,94.0398
0.6485,-8.1729,0.1019,0.168,0.1607,0.2765,0.978,282078.38,0.1721,4.7013,12.5499,3.0,2.0,0.1116,-1.4063,0.1683,0.2626,-0.0041,0.0282,1.0184,-1.7384,0.3579,0.3293,0.978,0.1019,115.856
0.4323,-9.6196,0.0959,0.0614,0.0,0.1889,0.5529,246419.64,0.6904,4.107,12.4148,2.0,1.0,0.2984,-6.6414,0.3817,0.0959,-0.629,0.0181,11.0717,-2.3422,0.2888,0.2689,0.6904,0.0,104.6873
0.7692,-8.7494,0.0235,0.0096,0.0,0.0681,0.744,297067.7,0.4498,4.9511,12.6017,4.0,2.0,0.346,-3.9355,0.3346,0.0235,-0.4402,0.0016,42.3706,-1.7671,0.2949,0.3522,0.7692,0.0,51.8954
0.4855,-1.357,0.1011,0.0729,0.0,0.1579,0.938,295858.88,0.3552,4.931,12.5976,4.0,4.0,0.1725,-0.482,0.3332,0.1011,-0.2823,0.016,4.8049,-0.2752,0.3015,0.3281,0.938,0.0,135.7356
0.6608,-2.395,0.0997,0.3375,0.4457,0.2546,0.3499,165071.52,0.7189,2.7512,12.0141,0.0,4.0,0.475,-1.7217,0.2516,0.5454,-0.3813,0.0254,2.1235,-0.8705,0.4096,0.2194,0.7189,0.0997,110.5654
0.5666,-1.357,0.2109,0.153,0.0198,0.0243,0.4888,208560.33,0.9921,3.476,12.248,1.0,4.0,0.5621,-1.3462,0.485,0.2308,-0.839,0.0051,6.4402,-0.3904,0.3508,0.3539,0.9921,0.0198,101.9392
0.5668,-6.8832,0.0235,0.1925,0.0,0.2828,0.4777,281170.25,0.8123,4.6862,12.5467,3.0,3.0,0.4604,-5.591,0.3881,0.0235,-0.6198,0.0066,4.1976,-1.4688,0.3365,0.2984,0.8123,0.0,117.7465
0.5699,-6.3147,0.0827,0.0,0.0,0.1524,0.3818,283051.44,0.904,4.7175,12.5534,3.0,3.0,0.5152,-5.7085,0.3451,0.0827,-0.904,0.0126,899.1804,-1.3386,0.2987,0.3399,0.904,0.0,121.3557
0.4421,-1.357,0.0235,0.4915,0.0843,0.236,0.8274,149422.23,0.4387,2.4904,11.9145,0.0,4.0,0.194,-0.5954,0.363,0.1078,0.0528,0.0055,0.8908,-0.5449,0.3634,0.2749,0.8274,0.0235,171.8877
0.3522,-10.9392,0.0235,0.5045,0.1568,0.2815,0.675,255985.72,0.1774,4.2664,12.4529,2.0,1.0,0.0625,-1.9406,0.1197,0.1803,0.3271,0.0066,0.3509,-2.564,0.3101,0.2224,0.675,0.0235,149.1755
0.3965,-3.9285,0.0849,0.0954,0.0666,0.0243,0.4378,241215.44,0.6019,4.0203,12.3934,2.0,4.0,0.2386,-2.3644,0.2635,0.1515,-0.5065,0.0021,6.2437,-0.9772,0.2439,0.2295,0.6019,0.0243,124.9466
0.5883,-3.086,0.0318,0.4843,0.0499,0.0243,0.5699,270699.78,0.6021,4.5117,12.5088,3.0,4.0,0.3542,-1.858,0.3431,0.0818,-0.1177,0.0008,1.2405,-0.684,0.3358,0.2836,0.6021,0.0243,83.8602
0.6379,-5.7915,0.103,0.2043,0.0,0.2433,0.591,260517.1,0.8761,4.342,12.4704,3.0,3.0,0.5588,-5.0741,0.5178,0.103,-0.6718,0.0251,4.267,-1.3338,0.3794,0.3235,0.8761,0.0,115.8734
0.7428,-2.5765,0.1159,0.1736,0.3425,0.0781,0.6377,253927.45,0.4939,4.2321,12.4448,2.0,4.0,0.3668,-1.2725,0.3149,0.4585,-0.3202,0.009,2.8279,-0.6088,0.3692,0.263,0.7428,0.0781,90.5114
0.7152,-15.3927,0.0489,0.0396,0.0,0.1734,0.3559,301999.03,0.9465,5.0333,12.6182,4.0,0.0,0.677,-14.5697,0.3368,0.0489,-0.907,0.0085,23.3401,-3.0582,0.3256,0.371,0.9465,0.0,48.8079
0.5677,-8.3525,0.0782,0.5849,0.2712,0.0243,0.6193,303943.3,0.7513,5.0657,12.6246,4.0,2.0,0.4265,-6.275,0.4652,0.3494,-0.1664,0.0019,1.2822,-1.6488,0.4138,0.2869,0.7513,0.0243,112.4827
0.8391,-8.1779,0.0453,0.3688,0.0726,0.0243,0.7095,297772.66,0.6455,4.9629,12.6041,4.0,2.0,0.5416,-5.2785,0.458,0.1178,-0.2767,0.0011,1.7456,-1.6478,0.3864,0.3471,0.8391,0.0243,94.8417
0.7767,-11.344,0.0434,0.2215,0.0,0.3278,0.7935,278895.72,0.1659,4.6483,12.5386,3.0,1.0,0.1288,-1.8816,0.1316,0.0434,0.0557,0.0142,0.7454,-2.4405,0.3327,0.3277,0.7935,0.0,135.4473
0.3928,-1.357,0.1167,0.0969,0.0909,0.2363,0.6678,243958.48,0.2989,4.066,12.4048,2.0,4.0,0.1174,-0.4056,0.1996,0.2076,-0.202,0.0276,3.0535,-0.3337,0.2715,0.2085,0.6678,0.0909,111.1034
0.7717,-1.357,0.0974,0.1315,0.1178,0.2884,0.5479,172342.6,0.5837,2.8724,12.0572,0.0,4.0,0.4505,-0.7921,0.3199,0.2152,-0.4522,0.0281,4.4044,-0.4724,0.3626,0.2707,0.7717,0.0974,132.5524
0.8029,-12.2636,0.0413,0.0,0.3889,0.3341,0.8655,282528.7,0.6742,4.7088,12.5515,3.0,1.0,0.5413,-8.2681,0.5835,0.4302,-0.6742,0.0138,670.6056,-2.6044,0.4438,0.3497,0.8655,0.0,128.4162
0.8533,-4.9022,0.0235,0.0,0.2447,0.2033,0.6338,295847.28,0.6154,4.9308,12.5976,4.0,3.0,0.5251,-3.0168,0.39,0.2682,-0.6154,0.0048,612.119,-0.9942,0.3677,0.3326,0.8533,0.0,130.1624
0.6524,-5.6937,0.0899,0.3317,0.0,0.1844,0.6397,262688.6,0.0426,4.3781,12.4787,3.0,3.0,0.0278,-0.2427,0.0273,0.0899,0.2891,0.0166,0.1281,-1.3005,0.2772,0.2741,0.6524,0.0,81.6968
0.819,-7.1761,0.1589,0.0382,0.1614,0.279,0.8571,276061.75,0.6369,4.601,12.5284,3.0,2.0,0.5216,-4.5702,0.5459,0.3203,-0.5987,0.0443,16.2472,-1.5597,0.4215,0.3411,0.8571,0.0382,196.9142
0.6511,-10.6428,0.0706,0.3301,0.096,0.2521,0.4374,260718.4,0.0397,4.3453,12.4712,3.0,1.0,0.0259,-0.4229,0.0174,0.1666,0.2903,0.0178,0.12,-2.4493,0.2681,0.2237,0.6511,0.0397,52.599
0.7432,-4.7918,0.0708,0.7171,0.236,0.1191,0.9086,237059.53,0.0633,3.951,12.3761,2.0,3.0,0.0471,-0.3035,0.0575,0.3068,0.6537,0.0084,0.0882,-1.2128,0.4083,0.366,0.9086,0.0633,115.781
0.6371,-14.0649,0.0235,0.995,0.0,0.2745,0.8171,179818.81,0.1179,2.997,12.0997,0.0,0.0,0.0751,-1.6578,0.0963,0.0235,0.8771,0.0065,0.1183,-4.693,0.4093,0.4043,0.995,0.0,114.7856
0.3933,-9.934,0.0235,0.2534,0.0,0.3488,0.5075,186951.17,0.1696,3.1159,12.1386,1.0,1.0,0.0667,-1.6848,0.0861,0.0235,0.0838,0.0082,0.6666,-3.1882,0.2423,0.19,0.5075,0.0,115.0813
0.5229,-20.6071,0.2312,0.192,0.0716,0.107,0.6693,228606.77,0.4881,3.8101,12.3398,1.0,0.0,0.2552,-10.0576,0.3267,0.3028,-0.2961,0.0247,2.5294,-5.4085,0.326,0.2319,0.6693,0.0716,132.8812
0.5671,-1.357,0.0937,0.1844,0.0581,0.1759,0.4467,122543.6,0.4027,2.0424,11.7162,0.0,4.0,0.2284,-0.5465,0.1799,0.1519,-0.2183,0.0165,2.1718,-0.6644,0.2755,0.1954,0.5671,0.0581,172.3628
0.5693,-1.357,0.0235,0.5674,0.2236,0.1426,0.2667,245068.0,0.5349,4.0845,12.4093,2.0,4.0,0.3045,-0.7258,0.1427,0.2471,0.0325,0.0034,0.941,-0.3322,0.3326,0.2236,0.5693,0.0235,174.8373
0.6766,-9.8385,0.0534,0.1131,0.3877,0.1458,0.6441,146958.17,0.5974,2.4493,11.8979,0.0,1.0,0.4042,-5.8775,0.3848,0.4411,-0.4843,0.0078,5.2368,-4.0169,0.374,0.2701,0.6766,0.0534,120.4838
0.733,-14.3751,0.1029,0.4929,0.0678,0.3582,0.7151,241951.33,0.0714,4.0325,12.3965,2.0,0.0,0.0523,-1.0264,0.0511,0.1707,0.4215,0.0369,0.1446,-3.5648,0.3631,0.2937,0.733,0.0678,152.2128
0.4839,-8.9639,0.0343,0.3553,0.0,0.0243,0.4468,217096.53,0.6228,3.6183,12.2881,1.0,2.0,0.3014,-5.5827,0.2783,0.0343,-0.2675,0.0008,1.7479,-2.4774,0.2811,0.2571,0.6228,0.0,146.2691
0.9062,-14.7705,0.0235,0.1589,0.173,0.3968,0.9084,256739.73,0.3734,4.279,12.4558,2.0,0.0,0.3384,-5.5153,0.3392,0.1965,-0.2145,0.0093,2.3345,-3.4519,0.42,0.3569,0.9084,0.0235,117.8306
0.6608,-1.357,0.0235,0.125,0.1525,0.0743,0.4585,181957.67,0.5501,3.0326,12.1115,0.0,4.0,0.3635,-0.7465,0.2523,0.176,-0.4251,0.0017,4.3644,-0.4475,0.2921,0.2573,0.6608,0.0235,120.2154
0.7417,-8.8733,0.0989,0.5965,0.3901,0.105,0.5617,142876.28,0.2779,2.3813,11.8697,0.0,2.0,0.2061,-2.4662,0.1561,0.4891,0.3186,0.0104,0.4652,-3.7263,0.396,0.2497,0.7417,0.0989,112.4837
0.7936,-10.9083,0.1066,0.0,0.099,0.0243,0.4441,186954.34,0.7999,3.1159,12.1386,1.0,1.0,0.6347,-8.7252,0.3552,0.2056,-0.7999,0.0026,795.6022,-3.5008,0.3239,0.3545,0.7999,0.0,109.6587
0.7882,-11.9338,0.0812,0.0,0.0587,0.0557,0.6637,238841.17,0.8925,3.9807,12.3836,2.0,1.0,0.7035,-10.6513,0.5923,0.1399,-0.8925,0.0045,887.7748,-2.9979,0.3629,0.3979,0.8925,0.0,84.42
0.7059,-7.191,0.1859,0.5522,0.0,0.2445,0.658,284961.7,0.0987,4.7494,12.5601,3.0,2.0,0.0697,-0.71,0.065,0.1859,0.4535,0.0454,0.1785,-1.5141,0.3493,0.2846,0.7059,0.0,120.1285
0.8357,-11.2341,0.1089,0.3437,0.0491,0.2545,0.4796,281873.8,0.1385,4.6979,12.5492,3.0,1.0,0.1158,-1.5563,0.0664,0.158,0.2052,0.0277,0.4019,-2.3913,0.3157,0.2729,0.8357,0.0491,84.7426
0.5229,-7.7167,0.0681,0.7149,0.2311,0.1882,0.3613,218827.88,0.2956,3.6471,12.296,1.0,2.0,0.1546,-2.2811,0.1068,0.2992,0.4193,0.0128,0.4129,-2.1158,0.3403,0.2181,0.7149,0.0681,83.8526
0.5734,-5.4287,0.0515,0.0,0.0,0.1064,0.485,290136.28,0.2875,4.8356,12.5781,3.0,3.0,0.1648,-1.5606,0.1394,0.0515,-0.2875,0.0055,285.934,-1.1227,0.2148,0.2372,0.5734,0.0,135.5004
0.4867,-1.357,0.0431,0.1385,0.1229,0.2968,0.2629,254463.64,0.3855,4.2411,12.4469,2.0,4.0,0.1876,-0.5231,0.1013,0.166,-0.2469,0.0128,2.7627,-0.32,0.2481,0.1571,0.4867,0.0431,125.2505
0.7248,-9.8722,0.0519,0.3516,0.2817,0.0786,0.1817,221252.58,0.8381,3.6875,12.3071,1.0,1.0,0.6075,-8.2743,0.1523,0.3336,-0.4865,0.0041,2.377,-2.6772,0.3584,0.3092,0.8381,0.0519,142.502
0.7215,-11.3369,0.0547,0.3924,0.0,0.3117,0.8172,305951.16,0.0441,5.0992,12.6312,4.0,1.0,0.0318,-0.4996,0.036,0.0547,0.3484,0.0171,0.112,-2.2233,0.3345,0.3319,0.8172,0.0,99.8632
0.3699,-7.4819,0.0235,0.6248,0.0,0.0584,0.6513,382616.03,0.6413,6.3769,12.8548,4.0,2.0,0.2372,-4.7984,0.4177,0.0235,-0.0165,0.0014,1.0248,-1.1733,0.3385,0.3068,0.6513,0.0,135.911
0.7821,-8.7406,0.0655,0.0,0.0689,0.1746,0.7613,293743.66,0.8334,4.8957,12.5905,4.0,2.0,0.6518,-7.2844,0.6345,0.1344,-0.8334,0.0114,828.9568,-1.7854,0.3837,0.3862,0.8334,0.0,104.7345
0.5741,-9.56,0.0365,0.3586,0.1266,0.3917,0.978,271477.03,0.1669,4.5246,12.5116,3.0,2.0,0.0958,-1.5953,0.1632,0.163,0.1918,0.0143,0.464,-2.1129,0.376,0.3223,0.978,0.0365,95.6731
0.8478,-1.357,0.0235,0.3749,0.0814,0.2478,0.4529,222404.58,0.2595,3.7067,12.3123,1.0,4.0,0.22,-0.3521,0.1175,0.1049,0.1154,0.0058,0.6902,-0.3661,0.3268,0.2747,0.8478,0.0235,70.979
0.7356,-8.8148,0.0746,0.3612,0.1514,0.0243,0.2937,182576.56,0.9593,3.0429,12.1149,0.0,2.0,0.7056,-8.4557,0.2817,0.226,-0.598,0.0018,2.6483,-2.8968,0.3714,0.3515,0.9593,0.0243,111.6057
0.4631,-13.6348,0.058,0.0,0.2989,0.0243,0.8653,167422.12,0.9187,2.7904,12.0283,0.0,0.0,0.4254,-12.5258,0.7949,0.3569,-0.9187,0.0014,913.7689,-4.8864,0.3755,0.3902,0.9187,0.0,81.1461
0.62,-3.8969,0.1389,0.5674,0.2646,0.0243,0.6084,267980.1,0.2689,4.4663,12.4987,3.0,4.0,0.1667,-1.0477,0.1636,0.4036,0.2985,0.0034,0.473,-0.8725,0.3561,0.2419,0.62,0.0243,156.9457
0.5728,-7.418,0.029,0.6334,0.0,0.0243,0.4046,174495.56,0.7247,2.9083,12.0697,0.0,2.0,0.4151,-5.3756,0.2932,0.029,-0.0913,0.0007,1.1424,-2.5507,0.3413,0.3174,0.7247,0.0,131.7861
0.6525,-2.6349,0.074,0.0,0.4447,0.0243,0.568,218817.89,0.8023,3.647,12.296,1.0,4.0,0.5235,-2.1141,0.4557,0.5187,-0.8023,0.0018,798.0558,-0.7225,0.3665,0.3305,0.8023,0.0,107.6328
0.6195,-8.7499,0.0664,0.4259,0.0,0.0243,0.3424,212430.78,0.5668,3.5405,12.2664,1.0,2.0,0.3511,-4.9594,0.1941,0.0664,-0.1409,0.0016,1.3277,-2.4714,0.2922,0.2617,0.6195,0.0,98.5728
0.567,-1.357,0.0436,0.0,0.1369,0.2898,0.9377,342820.47,0.2398,5.7137,12.745,4.0,4.0,0.136,-0.3254,0.2249,0.1806,-0.2398,0.0126,238.5215,-0.2375,0.3164,0.3322,0.9377,0.0,160.9384
0.6055,-5.6969,0.1729,0.4864,0.2564,0.3026,0.4386,228884.4,0.3075,3.8147,12.341,1.0,3.0,0.1862,-1.752,0.1349,0.4292,0.1789,0.0523,0.6309,-1.4934,0.3671,0.1494,0.6055,0.1729,63.8667
0.6192,-8.9544,0.0235,0.2526,0.0,0.2429,0.5717,214778.94,0.2566,3.5796,12.2774,1.0,2.0,0.1589,-2.2977,0.1467,0.0235,-0.004,0.0057,1.0117,-2.5015,0.2809,0.2405,0.6192,0.0,127.727
0.6372,-1.357,0.1102,0.0,0.0,0.1834,0.4817,271252.7,0.8919,4.5209,12.5108,3.0,4.0,0.5683,-1.2103,0.4296,0.1102,-0.8919,0.0202,887.1118,-0.3002,0.3292,0.3466,0.8919,0.0,153.3339
0.9344,-12.7156,0.0235,0.447,0.2827,0.1301,0.6611,230711.39,0.2035,3.8452,12.3489,2.0,0.0,0.1902,-2.588,0.1346,0.3062,0.2434,0.0031,0.4543,-3.3069,0.3832,0.3217,0.9344,0.0235,152.087
0.7845,-19.0266,0.0621,0.0,0.0865,0.41,0.4429,127588.77,0.4592,2.1265,11.7566,0.0,0.0,0.3603,-8.737,0.2034,0.1486,-0.4592,0.0254,456.7518,-8.9475,0.3207,0.2834,0.7845,0.0,93.7271
0.793,-13.5519,0.0273,0.2411,0.1054,0.3425,0.4967,175864.1,0.1772,2.9311,12.0775,0.0,0.0,0.1405,-2.4014,0.088,0.1327,0.0639,0.0094,0.7318,-4.6235,0.3119,0.2625,0.793,0.0273,110.1984
0.6193,-9.5909,0.0235,0.2988,0.3769,0.2217,0.3814,263692.9,0.3485,4.3949,12.4825,3.0,1.0,0.2158,-3.3428,0.1329,0.4004,-0.0498,0.0052,1.1627,-2.1823,0.3243,0.1804,0.6193,0.0235,69.7284
0.6489,-6.948,0.0235,0.5678,0.0774,0.1296,0.6478,327737.84,0.1245,5.4623,12.7,4.0,2.0,0.0808,-0.8648,0.0806,0.1009,0.4433,0.003,0.2188,-1.272,0.3171,0.2882,0.6489,0.0235,115.3245
0.656,-1.4344,0.149,0.06,0.0,0.2289,0.5827,276645.6,0.569,4.6108,12.5305,3.0,4.0,0.3733,-0.8162,0.3315,0.149,-0.509,0.0341,9.3326,-0.3111,0.3208,0.2743,0.656,0.0,151.5525
0.8418,-12.2086,0.0769,0.1806,0.2264,0.1571,0.778,174864.1,0.1374,2.9144,12.0718,0.0,1.0,0.1157,-1.6775,0.1069,0.3033,0.0432,0.0121,0.7567,-4.1891,0.3426,0.3229,0.8418,0.0769,165.4387
0.3902,-16.856,0.0386,0.0,0.2616,0.2366,0.978,246881.44,0.3298,4.1147,12.4167,2.0,0.0,0.1287,-5.5591,0.3225,0.3002,-0.3298,0.0091,328.0417,-4.0965,0.3193,0.324,0.978,0.0,85.9722
0.5786,-8.5943,0.0235,0.2689,0.3375,0.0848,0.5065,251343.61,0.7134,4.1891,12.4346,2.0,2.0,0.4127,-6.1312,0.3614,0.361,-0.4445,0.002,2.6427,-2.0516,0.359,0.2556,0.7134,0.0235,122.8358
0.7712,-12.9816,0.0462,0.129,0.3027,0.161,0.4541,284742.84,0.1078,4.7457,12.5593,3.0,0.0,0.0831,-1.3994,0.0489,0.3488,0.0212,0.0074,0.829,-2.7354,0.2817,0.256,0.7712,0.0462,79.5482
0.7662,-11.9075,0.0562,0.2729,0.2747,0.1318,0.4788,352371.3,0.0105,5.8729,12.7724,4.0,1.0,0.008,-0.1246,0.005,0.3309,0.2624,0.0074,0.0382,-2.0275,0.2844,0.2647,0.7662,0.0105,95.3945
0.7025,-13.4567,0.0235,0.3068,0.0,0.2047,0.3737,272932.72,0.2598,4.5489,12.517,3.0,0.0,0.1825,-3.496,0.0971,0.0235,0.047,0.0048,0.844,-2.9582,0.2673,0.2371,0.7025,0.0,92.1274
0.5661,-15.0061,0.0762,0.3906,0.2408,0.0243,0.2734,172460.58,0.7289,2.8743,12.0579,0.0,0.0,0.4126,-10.9374,0.1993,0.317,-0.3382,0.0019,1.8611,-5.2207,0.3286,0.2541,0.7289,0.0243,153.8337
0.5727,-8.7164,0.0877,0.4565,0.1525,0.2318,0.3911,162687.84,0.3132,2.7115,11.9996,0.0,2.0,0.1794,-2.73,0.1225,0.2402,0.1433,0.0203,0.6846,-3.2147,0.3151,0.1719,0.5727,0.0877,131.7632
0.3617,-12.0571,0.0235,0.0,0.2996,0.102,0.5422,235845.34,0.9141,3.9308,12.3709,2.0,1.0,0.3306,-11.0218,0.4957,0.3231,-0.9141,0.0024,909.2597,-3.0674,0.3205,0.3272,0.9141,0.0,136.9146
0.6799,-12.2413,0.1004,0.0,0.0,0.1213,0.4924,186985.02,0.8125,3.1164,12.1388,1.0,1.0,0.5524,-9.9457,0.4001,0.1004,-0.8125,0.0122,808.135,-3.928,0.3152,0.3401,0.8125,0.0,132.0294
0.8232,-11.9342,0.2026,0.5932,0.0539,0.0616,0.244,180846.33,0.2442,3.0141,12.1054,0.0,1.0,0.201,-2.9143,0.0596,0.2565,0.349,0.0125,0.411,-3.9594,0.3175,0.286,0.8232,0.0539,109.1454
0.4435,-11.0663,0.0235,0.1053,0.2864,0.1345,0.5036,225652.73,0.7691,3.7609,12.3268,1.0,1.0,0.3411,-8.5115,0.3873,0.3099,-0.6639,0.0032,7.2369,-2.9425,0.3237,0.2646,0.7691,0.0235,109.4056
0.5047,-13.8178,0.0235,0.2989,0.241,0.2217,0.6188,258476.39,0.7231,4.3079,12.4626,2.0,0.0,0.365,-9.9921,0.4474,0.2645,-0.4243,0.0052,2.4115,-3.2075,0.376,0.2477,0.7231,0.0235,102.8299
0.4327,-4.1833,0.1546,0.3788,0.3033,0.0734,0.4154,63973.0,0.8293,1.0662,11.0662,0.0,3.0,0.3589,-3.4694,0.3445,0.4579,-0.4505,0.0114,2.1835,-3.9235,0.3697,0.2435,0.8293,0.0734,101.665
0.7876,-4.6587,0.0235,0.1734,0.0,0.2087,0.394,251723.47,0.3626,4.1954,12.4361,2.0,3.0,0.2856,-1.6892,0.1429,0.0235,-0.1892,0.0049,2.0797,-1.1104,0.2785,0.2702,0.7876,0.0,125.3318
0.5833,-8.3601,0.0989,0.05,0.0,0.1956,0.6745,224671.69,0.6979,3.7445,12.3224,1.0,2.0,0.4071,-5.8348,0.4708,0.0989,-0.6479,0.0194,13.6859,-2.2326,0.3286,0.3101,0.6979,0.0,119.3129
0.8298,-9.0026,0.0235,0.1311,0.2924,0.2412,0.4795,227823.55,0.9577,3.7971,12.3363,1.0,2.0,0.7946,-8.6215,0.4592,0.3159,-0.8265,0.0057,7.2475,-2.3709,0.4222,0.3534,0.9577,0.0235,154.8688
0.5698,-1.357,0.0769,0.1315,0.0,0.0819,0.3437,247817.98,0.2377,4.1303,12.4205,2.0,4.0,0.1355,-0.3226,0.0817,0.0769,-0.1062,0.0063,1.7938,-0.3285,0.2059,0.1968,0.5698,0.0,126.6425
0.5324,-11.3837,0.1022,0.1712,0.0,0.0243,0.74,236833.44,0.4933,3.9472,12.3751,2.0,1.0,0.2627,-5.616,0.3651,0.1022,-0.3221,0.0025,2.865,-2.884,0.2948,0.2905,0.74,0.0,158.442
0.6927,-4.575,0.0235,0.0,0.0,0.1367,0.555,141230.36,0.8132,2.3538,11.8582,0.0,3.0,0.5633,-3.7204,0.4514,0.0235,-0.8132,0.0032,808.8645,-1.9436,0.3173,0.3568,0.8132,0.0,91.6158
0.8292,-10.5164,0.0916,0.5348,0.013,0.4033,0.6608,227856.33,0.0675,3.7976,12.3365,1.0,1.0,0.0559,-0.7095,0.0446,0.1046,0.4673,0.0369,0.1259,-2.7692,0.3715,0.3215,0.8292,0.013,157.0332
0.6111,-1.357,0.0235,0.3338,0.2436,0.2677,0.5344,172817.23,0.6373,2.8803,12.06,0.0,4.0,0.3895,-0.8649,0.3406,0.2671,-0.3035,0.0063,1.9036,-0.4711,0.3788,0.2251,0.6373,0.0235,86.824
0.8173,-13.5269,0.15,0.3427,0.0,0.4516,0.7249,246784.05,0.0648,4.1131,12.4163,2.0,0.0,0.053,-0.8765,0.047,0.15,0.2779,0.0677,0.1885,-3.2888,0.3645,0.3193,0.8173,0.0,103.9484
0.298,-1.357,0.0235,0.0,0.0,0.1693,0.6386,239863.39,0.8527,3.9977,12.3878,2.0,4.0,0.2541,-1.1572,0.5445,0.0235,-0.8527,0.004,848.1871,-0.3394,0.2832,0.3395,0.8527,0.0,108.7342
0.4946,-6.7941,0.0235,0.3925,0.3277,0.3605,0.443,131678.98,0.4645,2.1946,11.7881,0.0,3.0,0.2297,-3.1556,0.2057,0.3512,-0.072,0.0085,1.1804,-3.0958,0.358,0.1588,0.4946,0.0235,136.698
0.3255,-1.357,0.0866,0.5398,0.2155,0.2174,0.8383,226554.31,0.6972,3.7759,12.3307,1.0,4.0,0.227,-0.9461,0.5844,0.3021,-0.1574,0.0188,1.2893,-0.3594,0.4172,0.2796,0.8383,0.0866,106.1055
0.6976,-12.798,0.099,0.0801,0.2995,0.2158,0.7547,280574.56,0.8267,4.6762,12.5446,3.0,0.0,0.5766,-10.5797,0.6238,0.3985,-0.7465,0.0214,10.1909,-2.7368,0.4248,0.3238,0.8267,0.0801,105.765
0.8295,-6.3928,0.0235,0.0,0.3024,0.1469,0.4159,259837.9,0.8243,4.3306,12.4678,3.0,3.0,0.6838,-5.2698,0.3429,0.3259,-0.8243,0.0035,819.9385,-1.4762,0.3632,0.349,0.8295,0.0,131.0536
0.7882,-12.7386,0.0881,0.391,0.0577,0.2975,0.3419,290511.88,0.0537,4.8419,12.5794,3.0,0.0,0.0423,-0.6836,0.0183,0.1458,0.3373,0.0262,0.1369,-2.6309,0.2883,0.262,0.7882,0.0537,106.9122
0.6347,-14.9032,0.0235,0.285,0.1861,0.2115,0.3902,237958.7,0.3284,3.966,12.3799,2.0,0.0,0.2084,-4.8942,0.1281,0.2096,-0.0434,0.005,1.1483,-3.7578,0.2942,0.1907,0.6347,0.0235,83.621
0.4058,-8.7382,0.0235,0.2668,0.2838,0.0767,0.5838,182743.45,0.2426,3.0457,12.1158,0.0,2.0,0.0984,-2.1199,0.1416,0.3073,0.0242,0.0018,0.9058,-2.869,0.269,0.1897,0.5838,0.0235,131.2719
0.6612,-8.9142,0.222,0.0564,0.0,0.3359,0.7491,120914.25,0.4988,2.0152,11.7028,0.0,2.0,0.3298,-4.4464,0.3736,0.222,-0.4424,0.0746,8.6906,-4.4234,0.3605,0.2895,0.7491,0.0,121.5279
0.7501,-11.6758,0.0519,0.464,0.032,0.1317,0.9453,176899.44,0.0235,2.9483,12.0833,0.0,1.0,0.0177,-0.2748,0.0222,0.0838,0.4405,0.0068,0.0506,-3.9601,0.3426,0.3811,0.9453,0.0235,124.0988
0.666,-12.1448,0.0778,0.0386,0.0621,0.214,0.0256,229068.7,0.8979,3.8178,12.3418,1.0,1.0,0.598,-10.9053,0.023,0.1399,-0.8593,0.0166,22.6718,-3.1811,0.2832,0.3527,0.8979,0.0256,150.1591
0.3288,-13.143,0.117,0.094,0.3109,0.2601,0.6538,257988.42,0.5678,4.2998,12.4607,2.0,0.0,0.1867,-7.4626,0.3712,0.4279,-0.4738,0.0304,5.9794,-3.0566,0.3332,0.2112,0.6538,0.094,130.9066
0.5343,-6.786,0.0235,0.0,0.2695,0.2332,0.6394,272786.25,0.5523,4.5464,12.5164,3.0,3.0,0.2951,-3.7477,0.3531,0.293,-0.5523,0.0055,549.3224,-1.4926,0.3217,0.2589,0.6394,0.0,124.4184
0.4619,-6.5662,0.2226,0.0,0.0,0.3138,0.8166,353354.34,0.5238,5.8892,12.7752,4.0,3.0,0.2419,-3.4394,0.4278,0.2226,-0.5238,0.0699,521.0074,-1.115,0.3341,0.2947,0.8166,0.0,161.7442
0.6067,-5.7158,0.0588,0.3766,0.2639,0.2312,0.7815,160956.05,0.7924,2.6826,11.9889,0.0,3.0,0.4807,-4.5292,0.6193,0.3227,-0.4158,0.0136,2.0983,-2.1307,0.4445,0.2865,0.7924,0.0588,163.1429
0.6833,-6.037,0.0464,0.0881,0.3424,0.1341,0.266,229672.17,0.5532,3.8279,12.3444,1.0,3.0,0.378,-3.3396,0.1471,0.3889,-0.4651,0.0062,6.2103,-1.5771,0.3019,0.2418,0.6833,0.0464,130.9507
0.5288,-10.0376,0.0235,0.0674,0.2446,0.1955,0.4445,227858.38,0.7384,3.7976,12.3365,1.0,1.0,0.3905,-7.4118,0.3282,0.2681,-0.671,0.0046,10.7928,-2.6431,0.3204,0.2605,0.7384,0.0235,125.6808
0.4598,-6.0595,0.0235,0.0842,0.0714,0.1639,0.0256,133666.16,0.8499,2.2278,11.8031,0.0,3.0,0.3908,-5.1498,0.0218,0.0949,-0.7657,0.0039,9.9756,-2.72,0.2397,0.3086,0.8499,0.0235,82.7892
0.5535,-14.7909,0.1129,0.4721,0.09,0.2615,0.6931,152533.73,0.0109,2.5422,11.9351,0.0,0.0,0.006,-0.1607,0.0075,0.2028,0.4612,0.0295,0.023,-5.8181,0.3134,0.2618,0.6931,0.0109,77.5588
0.7594,-13.362,0.058,0.1906,0.1083,0.3365,0.3099,243684.12,0.2719,4.0614,12.4036,2.0,0.0,0.2064,-3.6327,0.0843,0.1664,-0.0813,0.0195,1.4191,-3.29,0.2907,0.2309,0.7594,0.058,54.7718
0.3848,-15.2756,0.0235,0.3312,0.2778,0.2816,0.265,250512.11,0.5138,4.1752,12.4313,2.0,0.0,0.1977,-7.8486,0.1362,0.3013,-0.1826,0.0066,1.5468,-3.6586,0.2968,0.1485,0.5138,0.0235,106.448
0.4364,-1.357,0.1029,0.0672,0.0565,0.0243,0.5628,148042.61,0.8187,2.4674,11.9053,0.0,4.0,0.3573,-1.1109,0.4608,0.1594,-0.7515,0.0025,12.0125,-0.55,0.2955,0.3122,0.8187,0.0243,104.9446
0.6325,-3.7694,0.0512,0.1887,0.1624,0.0243,0.3031,218542.34,0.6825,3.6424,12.2947,1.0,4.0,0.4316,-2.5725,0.2068,0.2136,-0.4938,0.0012,3.5981,-1.0349,0.2921,0.2663,0.6825,0.0243,129.5792
0.5923,-12.5743,0.0235,0.3731,0.058,0.2856,0.4775,259543.97,0.2744,4.3257,12.4667,3.0,0.0,0.1625,-3.4504,0.131,0.0815,0.0987,0.0067,0.7335,-2.9069,0.2978,0.2074,0.5923,0.0235,156.9461
0.7699,-1.357,0.0235,0.0,0.4515,0.4158,0.3716,207923.67,0.5378,3.4654,12.2449,1.0,4.0,0.414,-0.7298,0.1999,0.475,-0.5378,0.0098,534.9328,-0.3916,0.3672,0.275,0.7699,0.0,99.6956
0.727,-15.0975,0.0331,0.3789,0.2714,0.0888,0.6801,241592.17,0.4982,4.0265,12.395,2.0,0.0,0.3622,-7.5216,0.3388,0.3044,-0.1193,0.0029,1.3113,-3.7495,0.3825,0.2712,0.727,0.0331,133.66
0.4745,-14.374,0.0235,0.4071,0.0126,0.0857,0.4955,342894.2,0.1779,5.7149,12.7452,4.0,0.0,0.0844,-2.5567,0.0881,0.0361,0.2292,0.002,0.4359,-2.5152,0.2395,0.2139,0.4955,0.0126,125.3672
0.4265,-8.5911,0.1325,0.0794,0.2568,0.1219,0.5164,300729.12,0.9881,5.0122,12.614,4.0,2.0,0.4215,-8.4892,0.5103,0.3893,-0.9087,0.0161,12.2838,-1.7141,0.3602,0.3218,0.9881,0.0794,150.4474
0.975,-14.166,0.1297,0.8762,0.0476,0.0839,0.0256,246586.47,0.9263,4.1098,12.4155,2.0,0.0,0.9032,-13.1224,0.0237,0.1773,-0.0502,0.0109,1.0561,-3.4469,0.4378,0.4586,0.975,0.0256,108.7997
0.6767,-14.297,0.0817,0.3799,0.0,0.3041,0.8441,226623.72,0.1535,3.7771,12.3311,1.0,0.0,0.1039,-2.1941,0.1295,0.0817,0.2264,0.0248,0.4029,-3.7852,0.3486,0.3128,0.8441,0.0,137.9938
0.975,-9.2646,0.0235,0.0,0.4779,0.2736,0.32,307028.38,0.6285,5.1171,12.6347,4.0,2.0,0.6128,-5.8225,0.2011,0.5014,-0.6285,0.0064,625.116,-1.8105,0.3855,0.3444,0.975,0.0,129.0801
0.5981,-7.9517,0.0372,0.2519,0.0,0.3725,0.577,223595.44,0.1537,3.7266,12.3176,1.0,2.0,0.0919,-1.2219,0.0887,0.0372,0.0982,0.0138,0.6076,-2.1338,0.2843,0.2422,0.5981,0.0,164.1892
0.8139,-4.639,0.0235,0.2845,0.0897,0.2385,0.2928,326911.4,0.5459,5.4485,12.6974,4.0,3.0,0.4443,-2.5323,0.1598,0.1132,-0.2614,0.0056,1.9121,-0.8514,0.327,0.2721,0.8139,0.0235,119.7185
0.6925,-14.073,0.0698,0.5767,0.1798,0.2984,0.645,254849.44,0.0434,4.2475,12.4484,2.0,0.0,0.0301,-0.6108,0.028,0.2496,0.5333,0.0208,0.0751,-3.3133,0.358,0.2767,0.6925,0.0434,118.5841
0.6405,-7.0262,0.0442,0.0,0.1144,0.1916,0.8106,230977.8,0.8976,3.8496,12.3501,2.0,2.0,0.5749,-6.3067,0.7276,0.1587,-0.8976,0.0085,892.8145,-1.8252,0.3856,0.3839,0.8976,0.0,160.484
0.3868,-6.8373,0.1301,0.3947,0.0626,0.0513,0.4788,243917.84,0.7722,4.0653,12.4046,2.0,3.0,0.2987,-5.2797,0.3698,0.1926,-0.3775,0.0067,1.9514,-1.6819,0.3252,0.2627,0.7722,0.0513,97.317
0.786,-8.9717,0.1505,0.1799,0.1518,0.0243,0.7249,231697.64,0.3128,3.8616,12.3532,2.0,2.0,0.2459,-2.8063,0.2267,0.3023,-0.1329,0.0037,1.7295,-2.3233,0.3329,0.3011,0.786,0.0243,168.207
0.4579,-7.8766,0.0235,0.3169,0.0865,0.2529,0.7944,166711.97,0.2709,2.7785,12.024,0.0,2.0,0.124,-2.1335,0.2152,0.11,0.046,0.0059,0.852,-2.8348,0.3147,0.256,0.7944,0.0235,150.6421
0.8193,-10.0619,0.0948,0.3051,0.0579,0.1928,0.7786,250847.03,0.0157,4.1808,12.4326,2.0,1.0,0.0129,-0.1583,0.0122,0.1527,0.2894,0.0183,0.0514,-2.4067,0.3235,0.3386,0.8193,0.0157,162.4812
0.554,-2.9878,0.0423,0.0766,0.0908,0.384,0.978,144500.36,0.3182,2.4083,11.881,0.0,4.0,0.1763,-0.9507,0.3112,0.1331,-0.2416,0.0163,4.0983,-1.2406,0.3492,0.3353,0.978,0.0423,106.3857
0.8419,-7.9145,0.0235,0.3496,0.0,0.3742,0.7981,120914.25,0.2982,2.0152,11.7028,0.0,2.0,0.251,-2.3601,0.238,0.0235,0.0514,0.0088,0.8505,-3.9273,0.3836,0.3335,0.8419,0.0,116.3013
0.4039,-1.357,0.0726,0.3908,0.0,0.085,0.6397,297904.0,0.7529,4.9651,12.6045,4.0,4.0,0.3041,-1.0216,0.4816,0.0726,-0.3621,0.0062,1.9216,-0.2733,0.335,0.2941,0.7529,0.0,128.7105
0.4271,-1.357,0.0371,0.2712,0.0,0.3484,0.8584,334819.16,0.5663,5.5803,12.7213,4.0,4.0,0.2418,-0.7684,0.4861,0.0371,-0.2951,0.0129,2.0804,-0.2432,0.3583,0.2992,0.8584,0.0,160.1383
0.7227,-10.8336,0.0775,0.6498,0.2571,0.3411,0.61,235612.14,0.0149,3.9269,12.3699,2.0,1.0,0.0107,-0.1611,0.0091,0.3346,0.6349,0.0264,0.0228,-2.7588,0.3819,0.2842,0.7227,0.0149,113.4582
0.6396,-1.357,0.1088,0.209,0.2578,0.367,0.0256,328675.78,0.8589,5.4779,12.7028,4.0,4.0,0.5493,-1.1655,0.022,0.3667,-0.6498,0.0399,4.0893,-0.2477,0.3524,0.2986,0.8589,0.0256,106.8551
0.6612,-7.948,0.0235,0.6647,0.0034,0.1537,0.2895,223905.23,0.2897,3.7318,12.319,1.0,2.0,0.1916,-2.3028,0.0839,0.0269,0.375,0.0036,0.4352,-2.1298,0.298,0.2737,0.6647,0.0034,80.8506
0.6836,-4.9469,0.0235,0.1695,0.0716,0.2223,0.8347,337977.12,0.1835,5.633,12.7307,4.0,3.0,0.1254,-0.9076,0.1531,0.0951,-0.0139,0.0052,1.0759,-0.8782,0.3127,0.3155,0.8347,0.0235,135.7797
0.5609,-6.7691,0.0235,0.0,0.05,0.0674,0.3623,264139.88,0.5693,4.4023,12.4842,3.0,3.0,0.3194,-3.8539,0.2063,0.0735,-0.5693,0.0016,566.298,-1.5376,0.2334,0.2571,0.5693,0.0,116.3801
0.733,-5.9587,0.0924,0.2638,0.0,0.3155,0.6888,184463.77,0.2935,3.0744,12.1252,1.0,3.0,0.2151,-1.7487,0.2021,0.0924,-0.0297,0.0292,1.1084,-1.9382,0.341,0.2774,0.733,0.0,103.2081
0.7438,-7.7537,0.069,0.0,0.0,0.083,0.2781,164444.33,0.6931,2.7407,12.0103,0.0,2.0,0.5155,-5.3738,0.1927,0.069,-0.6931,0.0057,689.3716,-2.8291,0.2667,0.3226,0.7438,0.0,132.5558
0.6117,-12.2378,0.1006,0.0,0.0645,0.0573,0.5732,184499.19,0.9123,3.075,12.1254,1.0,1.0,0.5581,-11.165,0.523,0.1651,-0.9123,0.0058,907.4693,-3.9798,0.3314,0.3615,0.9123,0.0,89.5851
0.5145,-2.2445,0.0713,0.2717,0.07,0.0243,0.4736,307577.4,0.4174,5.1263,12.6365,4.0,4.0,0.2148,-0.9368,0.1977,0.1412,-0.1457,0.0017,1.5308,-0.4378,0.2633,0.2092,0.5145,0.0243,106.258
0.6988,-11.2437,0.0771,0.5023,0.0918,0.1415,0.5869,235054.6,0.0142,3.9176,12.3676,2.0,1.0,0.0099,-0.1597,0.0083,0.1689,0.4881,0.0109,0.0282,-2.8701,0.3018,0.2835,0.6988,0.0142,115.2723
0.8591,-10.0996,0.0235,0.0,0.1558,0.2413,0.5526,166895.58,0.7567,2.7816,12.0251,0.0,1.0,0.65,-7.642,0.4181,0.1793,-0.7567,0.0057,752.6326,-3.6309,0.3699,0.3515,0.8591,0.0,123.5974
0.7523,-1.357,0.1838,0.5089,0.0302,0.0243,0.6714,253697.53,0.4385,4.2283,12.4439,2.0,4.0,0.3298,-0.595,0.2944,0.214,0.0704,0.0045,0.8599,-0.3209,0.3728,0.2974,0.7523,0.0243,130.4873
0.9074,-9.781,0.1312,0.3929,0.0074,0.2161,0.5811,211425.61,0.0949,3.5238,12.2616,1.0,1.0,0.0861,-0.9279,0.0551,0.1386,0.298,0.0284,0.2408,-2.7757,0.333,0.3194,0.9074,0.0074,126.6726
0.6967,-3.95,0.0781,0.0199,0.0,0.0568,0.5266,259538.88,0.9263,4.3256,12.4667,3.0,4.0,0.6454,-3.659,0.4878,0.0781,-0.9064,0.0044,44.256,-0.9132,0.3292,0.3812,0.9263,0.0,107.1412
0.4918,-4.9084,0.0235,0.1671,0.2577,0.2579,0.5266,290944.84,0.3023,4.8491,12.5809,3.0,3.0,0.1487,-1.484,0.1592,0.2812,-0.1353,0.0061,1.7987,-1.0122,0.2896,0.1756,0.5266,0.0235,124.9891
0.7171,-11.0641,0.0633,0.0,0.0,0.0243,0.5692,371597.44,0.6343,6.1933,12.8256,4.0,1.0,0.4549,-7.0184,0.3611,0.0633,-0.6343,0.0015,630.9514,-1.7865,0.2869,0.3339,0.7171,0.0,104.0071
0.5831,-7.7671,0.0235,0.0722,0.4499,0.4078,0.4796,261944.03,0.6111,4.3657,12.4759,3.0,2.0,0.3564,-4.7467,0.2931,0.4734,-0.539,0.0096,8.3545,-1.7791,0.3753,0.2352,0.6111,0.0235,125.3097
0.4639,-7.4548,0.0275,0.0,0.0,0.0992,0.5666,274953.3,0.972,4.5826,12.5244,3.0,2.0,0.4509,-7.2461,0.5507,0.0275,-0.972,0.0027,966.8179,-1.6268,0.3042,0.375,0.972,0.0,97.002
0.3796,-8.0623,0.1702,0.372,0.0,0.3909,0.7826,257562.94,0.1409,4.2927,12.459,2.0,2.0,0.0535,-1.1357,0.1102,0.1702,0.2311,0.0665,0.3777,-1.8781,0.3194,0.2524,0.7826,0.0,77.4198
0.718,-1.357,0.0235,0.4475,0.3349,0.1224,0.5931,236410.44,0.5723,3.9402,12.3733,2.0,4.0,0.4109,-0.7767,0.3394,0.3584,-0.1248,0.0029,1.2761,-0.3444,0.4017,0.2561,0.718,0.0235,146.3134
0.6396,-1.357,0.0235,0.1301,0.0,0.2866,0.9144,311541.97,0.2669,5.1924,12.6493,4.0,4.0,0.1707,-0.3621,0.244,0.0235,-0.1368,0.0067,2.0354,-0.2613,0.323,0.3381,0.9144,0.0,98.1809
0.975,-3.366,0.0235,0.1837,0.2645,0.2079,0.449,309064.44,0.6959,5.1511,12.6413,4.0,4.0,0.6785,-2.3425,0.3125,0.288,-0.5122,0.0049,3.7675,-0.6534,0.3999,0.3328,0.975,0.0235,138.736
0.4855,-4.257,0.0469,0.0,0.168,0.0867,0.7358,256043.14,0.4184,4.2674,12.4531,2.0,3.0,0.2032,-1.7811,0.3079,0.2148,-0.4184,0.0041,416.1694,-0.9976,0.2773,0.2744,0.7358,0.0,132.0658
0.5537,-6.828,0.1051,0.0,0.4035,0.0822,0.583,172346.11,0.9385,2.8724,12.0573,0.0,3.0,0.5197,-6.4078,0.5471,0.5086,-0.9385,0.0086,933.4633,-2.3771,0.3809,0.3397,0.9385,0.0,131.4076
0.7464,-3.818,0.0235,0.4577,0.0,0.3057,0.2667,208041.05,0.8791,3.4674,12.2455,1.0,4.0,0.6562,-3.3566,0.2345,0.0235,-0.4214,0.0072,1.9165,-1.1011,0.3828,0.3365,0.8791,0.0,136.9102
0.7236,-11.0933,0.2218,0.0,0.257,0.1708,0.8597,358633.84,0.5479,5.9772,12.7901,4.0,1.0,0.3964,-6.0776,0.471,0.4787,-0.5479,0.0379,544.9458,-1.8559,0.3972,0.3169,0.8597,0.0,124.9119
0.5768,-9.6521,0.1209,0.1869,0.1708,0.0901,0.6117,231394.23,0.0975,3.8566,12.3519,2.0,1.0,0.0563,-0.9414,0.0597,0.2917,0.0894,0.0109,0.5191,-2.5028,0.265,0.228,0.6117,0.0901,105.7432
0.454,-8.8686,0.1536,0.3814,0.157,0.3055,0.8686,248520.25,0.1319,4.142,12.4233,2.0,2.0,0.0599,-1.1695,0.1145,0.3106,0.2495,0.0469,0.3449,-2.1411,0.3503,0.2602,0.8686,0.1319,102.9654
0.4423,-8.7374,0.1465,0.6194,0.2081,0.1393,0.4617,315845.9,0.4428,5.2641,12.663,4.0,2.0,0.1958,-3.8689,0.2045,0.3546,0.1766,0.0204,0.7138,-1.6598,0.3514,0.1862,0.6194,0.1393,134.9645
0.5665,-2.4525,0.0915,0.8445,0.0,0.0243,0.496,241038.69,0.44,4.0173,12.3927,2.0,4.0,0.2493,-1.0791,0.2183,0.0915,0.4045,0.0022,0.5204,-0.6105,0.3518,0.3205,0.8445,0.0,134.9389
0.7567,-13.7957,0.032,0.3537,0.033,0.1907,0.2423,171894.38,0.0319,2.8649,12.0546,0.0,0.0,0.0241,-0.4396,0.0077,0.065,0.3218,0.0061,0.0898,-4.8154,0.2343,0.2619,0.7567,0.0319,89.0555
0.5539,-9.9929,0.0774,0.5922,0.0,0.067,0.4729,283630.7,0.0963,4.7272,12.5554,3.0,1.0,0.0533,-0.962,0.0455,0.0774,0.496,0.0052,0.1623,-2.1139,0.2657,0.2604,0.5922,0.0,130.7745
0.7926,-6.6479,0.0235,0.0,0.3957,0.309,0.574,146677.7,0.769,2.4446,11.896,0.0,3.0,0.6095,-5.1122,0.4414,0.4192,-0.769,0.0073,764.9002,-2.7194,0.4091,0.324,0.7926,0.0,113.9869
0.5629,-9.3716,0.1408,0.0465,0.2458,0.0243,0.2673,173410.31,0.9578,2.8902,12.0634,0.0,2.0,0.5392,-8.9762,0.256,0.3866,-0.9113,0.0034,20.1535,-3.2426,0.3208,0.3338,0.9578,0.0243,113.3516
0.8579,-1.357,0.1167,0.2699,0.1296,0.0243,0.3492,272563.06,0.7221,4.5427,12.5156,3.0,4.0,0.6195,-0.9799,0.2522,0.2463,-0.4523,0.0028,2.666,-0.2987,0.3528,0.3193,0.8579,0.0243,128.8766
0.7154,-14.8908,0.0235,0.2704,0.0786,0.2619,0.5274,284828.53,0.1265,4.7471,12.5596,3.0,0.0,0.0905,-1.8832,0.0667,0.1021,0.144,0.0062,0.4659,-3.1368,0.2862,0.2519,0.7154,0.0235,124.6133
0.4616,-14.9172,0.0235,0.4514,0.0345,0.2309,0.3426,261052.06,0.1775,4.3509,12.4725,3.0,0.0,0.082,-2.6483,0.0608,0.058,0.2738,0.0054,0.3925,-3.4286,0.246,0.1813,0.4616,0.0235,133.3008
0.5909,-8.858,0.1309,0.0579,0.1525,0.0668,0.2906,328639.3,0.823,5.4773,12.7027,4.0,2.0,0.4863,-7.2901,0.2391,0.2834,-0.7651,0.0087,13.966,-1.6172,0.3018,0.2948,0.823,0.0579,129.0612
0.8233,-1.357,0.0235,0.2536,0.225,0.1256,0.3976,261349.61,0.936,4.3558,12.4736,3.0,4.0,0.7706,-1.2702,0.3721,0.2485,-0.6824,0.003,3.6759,-0.3115,0.3978,0.3501,0.936,0.0235,112.0301
0.6512,-5.7907,0.0436,0.1186,0.0128,0.2155,0.4617,241613.42,0.9889,4.0269,12.3951,2.0,3.0,0.644,-5.7263,0.4566,0.0564,-0.8703,0.0094,8.268,-1.438,0.356,0.3629,0.9889,0.0128,159.2516
0.548,-7.9799,0.1344,0.0,0.4169,0.0701,0.7256,210450.25,0.5693,3.5075,12.257,1.0,2.0,0.312,-4.5427,0.4131,0.5514,-0.5693,0.0094,566.2317,-2.2751,0.352,0.2829,0.7256,0.0,156.8235
0.8451,-16.8121,0.0516,0.0839,0.2888,0.2253,0.978,160164.3,0.6819,2.6694,11.984,0.0,0.0,0.5763,-11.4636,0.6669,0.3405,-0.598,0.0116,8.0353,-6.2981,0.4507,0.3781,0.978,0.0516,142.3178
0.5345,-15.3337,0.0235,0.0,0.0,0.1723,0.7337,383417.0,0.6887,6.3903,12.8569,4.0,0.0,0.3681,-10.5608,0.5054,0.0235,-0.6887,0.004,685.0614,-2.3995,0.3075,0.3333,0.7337,0.0,152.6859
0.4616,-18.3768,0.0325,0.3064,0.0,0.3289,0.8596,127925.21,0.4174,2.1321,11.7592,0.0,0.0,0.1927,-7.6705,0.3588,0.0325,-0.111,0.0107,1.3578,-8.6192,0.3438,0.2893,0.8596,0.0,125.841
0.5394,-15.8688,0.1425,0.0,0.0,0.3558,0.4639,165816.98,0.3124,2.7636,12.0186,0.0,0.0,0.1685,-4.9574,0.1449,0.1425,-0.3124,0.0507,310.7345,-5.742,0.2592,0.2162,0.5394,0.0,77.673
0.6679,-4.7269,0.0235,0.3059,0.1315,0.269,0.3277,173092.61,0.1446,2.8849,12.0616,0.0,3.0,0.0966,-0.6835,0.0474,0.155,0.1613,0.0063,0.4712,-1.6385,0.2672,0.2076,0.6679,0.0235,88.1559
0.719,-4.9462,0.0958,0.2723,0.2264,0.2415,0.8131,161617.17,0.078,2.6936,11.993,0.0,3.0,0.0561,-0.3858,0.0634,0.3223,0.1943,0.0231,0.2854,-1.8363,0.3495,0.295,0.8131,0.078,113.5698
0.689,-4.0378,0.0582,0.2626,0.1355,0.0826,0.4273,209067.06,0.0744,3.4845,12.2504,1.0,3.0,0.0513,-0.3004,0.0318,0.1937,0.1882,0.0048,0.2822,-1.1588,0.2471,0.2356,0.689,0.0582,96.8247
0.5474,-14.9169,0.0565,0.2961,0.0929,0.1816,0.3389,246870.06,0.2711,4.1145,12.4166,2.0,0.0,0.1484,-4.0435,0.0919,0.1494,0.025,0.0103,0.9125,-3.6254,0.2549,0.1661,0.5474,0.0565,126.207
0.694,-7.6519,0.0425,0.4245,0.0,0.0243,0.6675,253958.27,0.5823,4.2326,12.4449,2.0,2.0,0.4041,-4.4555,0.3887,0.0425,-0.1577,0.001,1.3684,-1.8078,0.3479,0.3167,0.694,0.0,123.1178
0.7161,-4.6635,0.0842,0.2565,0.2378,0.306,0.3689,256743.11,0.2713,4.2791,12.4558,2.0,3.0,0.1943,-1.2651,0.1001,0.3221,-0.0148,0.0258,1.0536,-1.0898,0.3201,0.195,0.7161,0.0842,92.3793
0.6363,-13.1403,0.2362,0.6028,0.1276,0.3075,0.8362,272481.94,0.0065,4.5414,12.5153,3.0,0.0,0.0041,-0.085,0.0054,0.3638,0.5963,0.0726,0.0107,-2.8935,0.3933,0.3031,0.8362,0.0065,98.7659
0.7229,-5.0666,0.0506,0.4254,0.0689,0.1489,0.4481,182596.61,0.6288,3.0433,12.115,0.0,3.0,0.4546,-3.1859,0.2818,0.1194,-0.2034,0.0075,1.4746,-1.6649,0.3562,0.2711,0.7229,0.0506,119.8405
0.4833,-9.9596,0.0446,0.0567,0.1758,0.2328,0.9171,265770.28,0.5944,4.4295,12.4904,3.0,1.0,0.2873,-5.92,0.5452,0.2203,-0.5377,0.0104,10.2949,-2.2485,0.3578,0.322,0.9171,0.0446,140.2029
0.4829,-15.3075,0.0765,0.0,0.0,0.1336,0.5365,281539.8,0.7668,4.6923,12.548,3.0,0.0,0.3703,-11.7378,0.4114,0.0765,-0.7668,0.0102,762.7118,-3.2622,0.2852,0.3064,0.7668,0.0,109.4323
0.975,-10.2026,0.0235,0.3925,0.0,0.2864,0.6405,336866.4,0.1315,5.6144,12.7274,4.0,1.0,0.1282,-1.3413,0.0842,0.0235,0.2611,0.0067,0.3341,-1.8172,0.3499,0.3554,0.975,0.0,114.8872
0.5139,-8.8734,0.0235,0.3376,0.0,0.1537,0.7097,251513.78,0.2837,4.1919,12.4353,2.0,2.0,0.1458,-2.5171,0.2013,0.0235,0.0539,0.0036,0.8377,-2.1168,0.2889,0.2589,0.7097,0.0,122.028
0.879,-10.41,0.046,0.0039,0.4056,0.3088,0.978,159874.89,0.6865,2.6646,11.9822,0.0,1.0,0.6034,-7.1461,0.6714,0.4516,-0.6826,0.0142,141.1169,-3.9068,0.4725,0.3871,0.978,0.0039,110.8386
0.7433,-9.8801,0.1869,0.1547,0.3559,0.3013,0.496,242463.89,0.7644,4.0411,12.3986,2.0,1.0,0.5682,-7.5524,0.3791,0.5428,-0.6097,0.0563,4.9102,-2.4449,0.4289,0.2487,0.7644,0.1547,96.9783
0.818,-8.7798,0.0829,0.0043,0.4825,0.2575,0.3968,236044.11,0.5673,3.9341,12.3718,2.0,2.0,0.4641,-4.981,0.2251,0.5654,-0.563,0.0213,106.6805,-2.2317,0.3728,0.2834,0.818,0.0043,154.0879
0.7715,-14.749,0.0371,0.0637,0.118,0.3071,0.4449,265550.72,0.4305,4.4258,12.4896,3.0,0.0,0.3321,-6.349,0.1915,0.1551,-0.3667,0.0114,6.6484,-3.3325,0.3104,0.2638,0.7715,0.0371,130.5474
0.61,-7.0645,0.0487,0.995,0.2107,0.1115,0.2624,326980.6,0.812,5.4497,12.6977,4.0,2.0,0.4953,-5.7364,0.2131,0.2594,0.183,0.0054,0.8153,-1.2963,0.4358,0.3698,0.995,0.0487,134.6332
0.5469,-9.3448,0.0235,0.0,0.3723,0.2426,0.8085,256438.55,0.5663,4.274,12.4546,2.0,2.0,0.3097,-5.2916,0.4578,0.3958,-0.5663,0.0057,563.2477,-2.1864,0.3657,0.2987,0.8085,0.0,112.3805
0.4026,-5.5511,0.0513,0.2676,0.0,0.215,0.2912,288877.03,0.8147,4.8146,12.5738,3.0,3.0,0.328,-4.5223,0.2373,0.0513,-0.5471,0.011,3.0334,-1.153,0.2918,0.2693,0.8147,0.0,100.0853
0.6413,-10.5848,0.1048,0.3833,0.0,0.3195,0.837,255056.52,0.1865,4.2509,12.4492,2.0,1.0,0.1196,-1.9737,0.1561,0.1048,0.1968,0.0335,0.4852,-2.49,0.3532,0.2981,0.837,0.0,145.2666
0.6342,-1.357,0.1223,0.3468,0.0418,0.0243,0.545,185610.92,0.6599,3.0935,12.1314,1.0,4.0,0.4185,-0.8955,0.3597,0.1641,-0.3132,0.003,1.8976,-0.4387,0.3392,0.279,0.6599,0.0243,122.8339
0.6766,-17.052,0.0325,0.037,0.1446,0.0243,0.7949,244946.52,0.7589,4.0824,12.4088,2.0,0.0,0.5134,-12.9402,0.6032,0.1771,-0.7219,0.0008,19.9681,-4.1769,0.3527,0.3694,0.7949,0.0243,122.2896
0.5858,-16.7499,0.0329,0.0,0.0596,0.2325,0.3435,352888.4,0.4727,5.8815,12.7739,4.0,0.0,0.2769,-7.9171,0.1624,0.0925,-0.4727,0.0076,470.1466,-2.8479,0.2467,0.2299,0.5858,0.0,151.359
0.7319,-1.357,0.0235,0.2651,0.4714,0.0869,0.4749,313940.16,0.8243,5.2323,12.657,4.0,4.0,0.6033,-1.1185,0.3915,0.4949,-0.5592,0.002,3.0978,-0.2593,0.4111,0.305,0.8243,0.0235,122.0246
0.9068,-11.0794,0.0928,0.0567,0.2069,0.0243,0.6547,316879.72,0.3399,5.2813,12.6663,4.0,1.0,0.3082,-3.7655,0.2225,0.2997,-0.2832,0.0023,5.8887,-2.0978,0.326,0.3361,0.9068,0.0243,128.7373
0.7245,-6.8278,0.0721,0.4724,0.0126,0.2412,0.4916,228827.42,0.5526,3.8138,12.3407,1.0,3.0,0.4004,-3.773,0.2717,0.0846,-0.0802,0.0174,1.1673,-1.7903,0.3667,0.2637,0.7245,0.0126,129.3232
0.4347,-6.2739,0.0235,0.1694,0.018,0.0463,0.2912,252674.08,0.9047,4.2112,12.4399,2.0,3.0,0.3933,-5.6758,0.2635,0.0415,-0.7352,0.0011,5.3085,-1.4898,0.2697,0.3201,0.9047,0.018,142.9358
0.9245,-5.9773,0.0235,0.0084,0.166,0.3945,0.5099,261637.89,0.5343,4.3606,12.4747,3.0,3.0,0.494,-3.1939,0.2725,0.1895,-0.5259,0.0093,56.7498,-1.3707,0.3659,0.3284,0.9245,0.0084,73.4238
0.4277,-3.678,0.0235,0.2467,0.0967,0.1566,0.4425,334966.9,0.1212,5.5828,12.7218,4.0,4.0,0.0518,-0.4458,0.0536,0.1202,0.1255,0.0037,0.4894,-0.6588,0.2164,0.1637,0.4425,0.0235,147.7308
0.7691,-1.357,0.0235,0.2635,0.4149,0.2539,0.4816,258861.62,0.3165,4.3144,12.4641,2.0,4.0,0.2434,-0.4294,0.1524,0.4384,-0.0529,0.006,1.1963,-0.3145,0.3604,0.2312,0.7691,0.0235,115.4812
0.4866,-8.5966,0.1734,0.3354,0.0929,0.2399,0.4905,240301.27,0.1722,4.005,12.3897,2.0,2.0,0.0838,-1.4803,0.0845,0.2663,0.1632,0.0416,0.5118,-2.1465,0.2844,0.1579,0.4905,0.0929,120.45
0.975,-5.9985,0.0871,0.0,0.4445,0.2939,0.52,275037.06,0.4115,4.584,12.5247,3.0,3.0,0.4012,-2.4682,0.2139,0.5316,-0.4115,0.0256,409.273,-1.3086,0.3903,0.3203,0.975,0.0,100.9467
0.5055,-1.357,0.0235,0.2626,0.2312,0.3278,0.5709,229270.66,0.9668,3.8212,12.3427,1.0,4.0,0.4887,-1.3119,0.552,0.2547,-0.7042,0.0077,3.6678,-0.3551,0.4126,0.3041,0.9668,0.0235,124.5824
0.7096,-6.0713,0.1112,0.2778,0.2319,0.1715,0.7796,271517.9,0.3987,4.5253,12.5118,3.0,3.0,0.2829,-2.4208,0.3109,0.3432,-0.1209,0.0191,1.4301,-1.3416,0.3829,0.2635,0.7796,0.1112,92.7234
0.5944,-7.8591,0.0312,0.3928,0.037,0.3289,0.7558,277880.78,0.0224,4.6313,12.535,3.0,2.0,0.0133,-0.176,0.0169,0.0683,0.3704,0.0103,0.0569,-1.6969,0.3089,0.2949,0.7558,0.0224,120.6605
0.6888,-4.575,0.1845,0.119,0.0,0.2061,0.462,344832.03,0.3625,5.7472,12.7508,4.0,3.0,0.2497,-1.6583,0.1675,0.1845,-0.2435,0.038,3.0213,-0.796,0.289,0.2329,0.6888,0.0,121.1656
0.433,-10.5704,0.0235,0.2659,0.0731,0.1627,0.4855,226520.1,0.5343,3.7753,12.3306,1.0,1.0,0.2314,-5.6481,0.2594,0.0966,-0.2684,0.0038,2.002,-2.7999,0.2826,0.2053,0.5343,0.0235,109.2407
0.6106,-9.9631,0.1663,0.7191,0.1708,0.0243,0.5529,280977.25,0.5569,4.683,12.546,3.0,1.0,0.34,-5.5481,0.3079,0.3372,0.1622,0.004,0.7734,-2.1275,0.4001,0.2715,0.7191,0.0243,161.26
0.5826,-4.8859,0.0235,0.2218,0.1695,0.3312,0.4099,281292.34,0.4844,4.6882,12.5472,3.0,3.0,0.2822,-2.3668,0.1986,0.193,-0.2626,0.0078,2.1741,-1.0422,0.3176,0.1934,0.5826,0.0235,66.3774
0.5433,-17.0188,0.0676,0.0,0.0,0.3117,0.7731,208041.58,0.6085,3.4674,12.2455,1.0,0.0,0.3306,-10.3554,0.4704,0.0676,-0.6085,0.0211,605.2226,-4.9083,0.3292,0.3179,0.7731,0.0,154.3154
0.5911,-17.448,0.0506,0.129,0.0781,0.188,0.5724,160984.48,0.3164,2.6831,11.9891,0.0,0.0,0.187,-5.5205,0.1811,0.1287,-0.1874,0.0095,2.4333,-6.503,0.2751,0.2266,0.5911,0.0506,141.6729
0.4722,-7.314,0.0235,0.443,0.0,0.1768,0.6577,243929.39,0.9041,4.0655,12.4046,2.0,2.0,0.427,-6.6128,0.5947,0.0235,-0.4612,0.0042,2.0364,-1.799,0.3825,0.3359,0.9041,0.0,156.6788
0.5643,-2.0763,0.0235,0.0577,0.038,0.0609,0.4725,292071.78,0.9923,4.8679,12.5848,4.0,4.0,0.56,-2.0602,0.4689,0.0615,-0.9346,0.0014,16.9169,-0.4265,0.3156,0.3738,0.9923,0.0235,83.3015
0.6878,-10.0098,0.07,0.4334,0.0,0.2828,0.3106,184961.38,0.1345,3.0827,12.1279,1.0,1.0,0.0925,-1.346,0.0418,0.07,0.2989,0.0198,0.3095,-3.2471,0.2742,0.236,0.6878,0.0,91.7749
0.975,-3.9087,0.0969,0.0,0.0386,0.0243,0.6416,227423.11,0.7575,3.7904,12.3346,1.0,4.0,0.7386,-2.961,0.4861,0.1355,-0.7575,0.0024,753.4946,-1.0312,0.362,0.4144,0.975,0.0,146.2999
0.3514,-12.209,0.0419,0.2533,0.0992,0.0243,0.6536,218831.05,0.4239,3.6472,12.2961,1.0,1.0,0.1489,-5.175,0.277,0.1412,-0.1706,0.001,1.6667,-3.3475,0.2639,0.2306,0.6536,0.0243,155.1924
0.6587,-14.995,0.1157,0.4579,0.0,0.3034,0.7599,175058.0,0.0112,2.9176,12.0729,0.0,0.0,0.0074,-0.1679,0.0085,0.1157,0.4467,0.0351,0.0244,-5.1395,0.3295,0.3072,0.7599,0.0,127.0302
0.4538,-8.9884,0.1037,0.0,0.099,0.2617,0.8172,216824.31,0.4585,3.6137,12.2868,1.0,2.0,0.2081,-4.1209,0.3747,0.2028,-0.4585,0.0271,456.0224,-2.4873,0.3134,0.2844,0.8172,0.0,81.5336
0.4432,-9.1219,0.0235,0.3366,0.0669,0.2801,0.3889,242386.16,0.2398,4.0398,12.3983,2.0,2.0,0.1063,-2.1874,0.0933,0.0904,0.0968,0.0066,0.7104,-2.258,0.2541,0.158,0.4432,0.0235,118.3671
0.5691,-12.7965,0.1529,0.3799,0.1067,0.3179,0.6713,237559.81,0.0514,3.9593,12.3782,2.0,0.0,0.0293,-0.6577,0.0345,0.2596,0.3285,0.0486,0.1349,-3.232,0.3213,0.2362,0.6713,0.0514,102.4905
0.7551,-3.5936,0.0235,0.0,0.0,0.0917,0.6904,261545.86,0.7554,4.3591,12.4744,3.0,4.0,0.5704,-2.7146,0.5215,0.0235,-0.7554,0.0022,751.3726,-0.8244,0.3309,0.3786,0.7554,0.0,132.6789
0.6371,-15.2918,0.1559,0.4239,0.0059,0.0243,0.2757,137743.78,0.3355,2.2957,11.8332,0.0,0.0,0.2137,-5.1299,0.0925,0.1619,0.0885,0.0038,0.7894,-6.661,0.2655,0.2257,0.6371,0.0059,124.9712
0.3776,-8.2571,0.0235,0.3398,0.2875,0.2149,0.0256,292703.38,0.8793,4.8784,12.5869,4.0,2.0,0.332,-7.2601,0.0225,0.311,-0.5395,0.0051,2.5799,-1.6926,0.3069,0.2892,0.8793,0.0235,98.2379
0.6424,-7.4523,0.0235,0.9377,0.3761,0.2756,0.5749,284881.2,0.1328,4.748,12.5598,3.0,2.0,0.0853,-0.9897,0.0763,0.3996,0.8049,0.0065,0.1415,-1.5696,0.4233,0.3173,0.9377,0.0235,148.3144
0.8298,-10.0154,0.0235,0.0629,0.0,0.05,0.3639,166446.05,0.9143,2.7741,12.0224,0.0,1.0,0.7587,-9.1568,0.3327,0.0235,-0.8513,0.0012,14.3022,-3.6103,0.3206,0.3967,0.9143,0.0,128.982
0.7392,-6.914,0.0235,0.0848,0.2331,0.1745,0.9181,205577.6,0.4923,3.4263,12.2336,1.0,3.0,0.3639,-3.4035,0.452,0.2566,-0.4074,0.0041,5.7357,-2.0179,0.3808,0.3438,0.9181,0.0235,185.4272
0.8364,-3.8048,0.0235,0.37,0.0196,0.4155,0.5671,214901.77,0.4088,3.5817,12.2779,1.0,4.0,0.3419,-1.5554,0.2318,0.0431,-0.0388,0.0098,1.102,-1.0623,0.3773,0.2894,0.8364,0.0196,103.4016
0.6498,-4.0377,0.1519,0.2751,0.5397,0.4059,0.5048,281136.38,0.5975,4.6856,12.5466,3.0,3.0,0.3882,-2.4124,0.3016,0.6916,-0.3224,0.0617,2.1643,-0.8617,0.4464,0.1798,0.6498,0.1519,140.6318
0.4031,-1.357,0.0418,0.037,0.0011,0.2925,0.5827,251565.75,0.9611,4.1928,12.4355,2.0,4.0,0.3874,-1.3042,0.56,0.0429,-0.9241,0.0122,25.2872,-0.3237,0.3313,0.3526,0.9611,0.0011,128.6289
0.5696,-3.9278,0.0235,0.2564,0.0,0.3179,0.7788,322522.28,0.8918,5.3754,12.6839,4.0,4.0,0.508,-3.5028,0.6945,0.0235,-0.6354,0.0075,3.4646,-0.7307,0.4054,0.3519,0.8918,0.0,131.7924
0.7057,-3.1689,0.0514,0.0,0.0,0.0243,0.2908,153658.14,0.55,2.561,11.9425,0.0,4.0,0.3882,-1.7429,0.1599,0.0514,-0.55,0.0012,547.0677,-1.2374,0.2317,0.2922,0.7057,0.0,92.1761
0.8426,-8.621,0.1587,0.243,0.0,0.4088,0.9365,232976.95,0.1498,3.8829,12.3587,2.0,2.0,0.1262,-1.2914,0.1403,0.1587,0.0932,0.0649,0.614,-2.2202,0.3913,0.3626,0.9365,0.0,122.8272
0.7171,-11.8601,0.1368,0.7383,0.0028,0.1659,0.7981,252899.86,0.0631,4.215,12.4408,2.0,1.0,0.0453,-0.7488,0.0504,0.1396,0.6752,0.0227,0.0854,-2.8138,0.3746,0.3569,0.7981,0.0028,111.6567
0.7909,-13.5737,0.1507,0.146,0.0,0.2587,0.602,176488.17,0.2085,2.9415,12.081,0.0,0.0,0.1649,-2.8306,0.1255,0.1507,-0.0626,0.039,1.4189,-4.6146,0.3081,0.2822,0.7909,0.0,87.6605
0.7528,-6.9376,0.0235,0.0947,0.0813,0.1308,0.7922,149414.98,0.6738,2.4902,11.9145,0.0,2.0,0.5073,-4.6746,0.5338,0.1048,-0.5791,0.0031,7.0409,-2.7859,0.3642,0.3543,0.7922,0.0235,128.2958
0.5344,-18.9064,0.0829,0.2359,0.0,0.0243,0.6529,176833.86,0.7185,2.9472,12.083,0.0,0.0,0.3839,-13.5836,0.4691,0.0829,-0.4825,0.002,3.0324,-6.415,0.3213,0.3079,0.7185,0.0,141.6173
0.634,-1.357,0.0667,0.0,0.0,0.2864,0.455,300929.03,0.5155,5.0155,12.6146,4.0,4.0,0.3268,-0.6995,0.2345,0.0667,-0.5155,0.0191,512.7185,-0.2706,0.2797,0.2626,0.634,0.0,135.5847
0.8667,-10.1837,0.1259,0.0,0.0,0.1687,0.3547,264319.38,0.4105,4.4053,12.4849,3.0,1.0,0.3558,-4.1801,0.1456,0.1259,-0.4105,0.0212,408.2783,-2.3117,0.2752,0.3054,0.8667,0.0,129.1076
0.4254,-1.357,0.0235,0.267,0.0,0.0612,0.5734,247327.28,0.7443,4.1221,12.4185,2.0,4.0,0.3166,-1.01,0.4268,0.0235,-0.4773,0.0014,2.7773,-0.3292,0.2993,0.2922,0.7443,0.0,131.2319
0.8834,-13.6071,0.2069,0.1676,0.004,0.0243,0.2423,266985.53,0.9819,4.4498,12.495,3.0,0.0,0.8673,-13.3604,0.2379,0.211,-0.8143,0.005,5.8254,-3.0579,0.3586,0.403,0.9819,0.004,106.1055
0.6669,-13.9473,0.0235,0.0,0.3461,0.1614,0.4608,325926.66,0.6622,5.4321,12.6944,4.0,0.0,0.4416,-9.2359,0.3052,0.3696,-0.6622,0.0038,658.6696,-2.5676,0.3316,0.2806,0.6669,0.0,66.6027
0.6927,-12.2376,0.0757,0.5674,0.0276,0.2835,0.783,306906.4,0.0065,5.1151,12.6343,4.0,1.0,0.0045,-0.08,0.0051,0.1033,0.5608,0.0215,0.0115,-2.3925,0.3481,0.3301,0.783,0.0065,126.5765
0.5079,-13.9871,0.1228,0.1943,0.1914,0.4107,0.758,165975.31,0.3844,2.7663,12.0196,0.0,0.0,0.1952,-5.3766,0.2914,0.3142,-0.1901,0.0504,1.9683,-5.0563,0.3671,0.2218,0.758,0.1228,131.524
0.7176,-3.7257,0.0773,0.3055,0.0,0.0243,0.6242,266832.78,0.3086,4.4472,12.4944,3.0,4.0,0.2214,-1.1497,0.1926,0.0773,-0.0031,0.0019,1.0068,-0.8378,0.2939,0.2872,0.7176,0.0,128.7177
0.7246,-8.1219,0.0235,0.995,0.0,0.1611,0.5711,282529.53,0.1245,4.7088,12.5515,3.0,2.0,0.0902,-1.0109,0.0711,0.0235,0.8705,0.0038,0.125,-1.7248,0.3714,0.3911,0.995,0.0,80.0727
0.975,-6.9126,0.0546,0.2266,0.0436,0.1059,0.0256,228844.36,0.8443,3.8141,12.3408,1.0,3.0,0.8232,-5.8361,0.0216,0.0982,-0.6177,0.0058,3.7099,-1.8124,0.3251,0.4066,0.975,0.0256,101.435
0.5445,-6.618,0.1078,0.0403,0.2537,0.1882,0.2951,305951.44,0.9974,5.0992,12.6312,4.0,3.0,0.5431,-6.6008,0.2943,0.3615,-0.9571,0.0203,24.1276,-1.2978,0.3467,0.3291,0.9974,0.0403,133.2985
0.41,-13.6984,0.1596,0.0,0.0,0.0243,0.2889,159969.58,0.6111,2.6662,11.9827,0.0,0.0,0.2506,-8.3716,0.1765,0.1596,-0.6111,0.0039,607.8751,-5.1379,0.2134,0.2353,0.6111,0.0,141.646
0.8561,-10.6225,0.062,0.8657,0.1751,0.1188,0.5158,272625.44,0.3139,4.5438,12.5159,3.0,1.0,0.2687,-3.3341,0.1619,0.2371,0.5518,0.0074,0.3622,-2.3378,0.4153,0.3386,0.8657,0.062,130.919
0.7114,-8.3318,0.062,0.0195,0.0564,0.1408,0.7226,255957.86,0.6341,4.266,12.4528,2.0,2.0,0.4512,-5.2834,0.4582,0.1184,-0.6147,0.0087,30.9829,-1.9531,0.3353,0.3344,0.7226,0.0195,107.8366
0.6254,-10.972,0.0662,0.2479,0.4513,0.3496,0.8123,216844.95,0.2699,3.6141,12.2869,1.0,1.0,0.1688,-2.961,0.2192,0.5175,-0.0219,0.0232,1.0841,-3.0359,0.4032,0.2508,0.8123,0.0662,95.5337
0.4728,-1.357,0.0266,0.3434,0.0,0.3055,0.7829,353573.66,0.3322,5.8929,12.7758,4.0,4.0,0.1571,-0.4508,0.2601,0.0266,0.0112,0.0081,0.9647,-0.2303,0.3233,0.2668,0.7829,0.0,155.6574
0.8697,-4.3569,0.0235,0.0,0.0,0.2831,0.4964,230575.89,0.7034,3.8429,12.3483,2.0,3.0,0.6117,-3.0646,0.3492,0.0235,-0.7034,0.0067,699.6499,-1.1337,0.3394,0.3586,0.8697,0.0,78.8129
0.4148,-10.9061,0.0235,0.073,0.1868,0.2564,0.7189,261463.06,0.9127,4.3577,12.4741,3.0,1.0,0.3785,-9.9537,0.6561,0.2103,-0.8397,0.006,12.3407,-2.5027,0.3694,0.3349,0.9127,0.0235,137.5672
0.5345,-10.4859,0.0638,0.5071,0.0469,0.0243,0.5734,210823.47,0.2479,3.5137,12.2588,1.0,1.0,0.1325,-2.5998,0.1422,0.1106,0.2591,0.0015,0.488,-2.9843,0.2854,0.2482,0.5734,0.0243,111.3485
0.7881,-2.5965,0.1182,0.3319,0.0,0.2487,0.0256,306940.47,0.3904,5.1157,12.6344,4.0,4.0,0.3077,-1.0137,0.01,0.1182,-0.0585,0.0294,1.1727,-0.5076,0.2718,0.2717,0.7881,0.0,166.4155
0.5886,-1.357,0.0244,0.4599,0.1806,0.1499,0.8584,287537.72,0.3897,4.7923,12.5691,3.0,4.0,0.2294,-0.5289,0.3345,0.2049,0.0702,0.0037,0.8456,-0.2832,0.3788,0.2881,0.8584,0.0244,138.7436
0.6265,-11.8763,0.0235,0.6159,0.0,0.0324,0.678,254062.67,0.7914,4.2344,12.4453,2.0,1.0,0.4958,-9.3989,0.5365,0.0235,-0.1755,0.0008,1.2828,-2.8047,0.3954,0.3571,0.7914,0.0,141.3641
0.4616,-3.801,0.0235,0.3617,0.0942,0.1665,0.4467,254562.52,0.5478,4.2427,12.4473,2.0,4.0,0.2529,-2.0822,0.2447,0.1177,-0.1861,0.0039,1.5104,-0.8959,0.3003,0.2039,0.5478,0.0235,118.1456
0.3299,-10.3468,0.1588,0.0,0.1486,0.3538,0.5696,290823.16,0.5735,4.8471,12.5805,3.0,1.0,0.1892,-5.9342,0.3267,0.3074,-0.5735,0.0562,570.4756,-2.1347,0.3049,0.2176,0.5735,0.0,108.5816
0.6389,-17.6378,0.0899,0.5737,0.1169,0.1705,0.2677,246624.81,0.1585,4.1104,12.4156,2.0,0.0,0.1013,-2.795,0.0424,0.2068,0.4152,0.0153,0.2758,-4.291,0.288,0.2252,0.6389,0.0899,159.4712
0.6217,-11.0722,0.0235,0.3717,0.1514,0.1479,0.8146,203362.77,0.0499,3.3894,12.2228,1.0,1.0,0.031,-0.5521,0.0406,0.1749,0.3218,0.0035,0.1338,-3.2667,0.3115,0.3046,0.8146,0.0235,123.9849
0.6413,-17.6278,0.0754,0.8455,0.193,0.2581,0.3613,224511.48,0.2097,3.7419,12.3217,1.0,0.0,0.1345,-3.6971,0.0758,0.2684,0.6357,0.0195,0.2478,-4.711,0.3692,0.2757,0.8455,0.0754,126.0114
0.7352,-9.0437,0.0235,0.1805,0.0,0.2737,0.0269,292329.47,0.4896,4.8722,12.5856,4.0,2.0,0.3599,-4.4278,0.0132,0.0235,-0.3091,0.0064,2.6973,-1.8562,0.2471,0.2774,0.7352,0.0,124.5918
0.541,-6.4154,0.0235,0.1584,0.0,0.3977,0.6678,258571.72,0.3285,4.3095,12.4629,2.0,3.0,0.1777,-2.1073,0.2194,0.0235,-0.17,0.0093,2.0603,-1.4887,0.3024,0.255,0.6678,0.0,186.6183
0.4425,-1.357,0.0519,0.1167,0.09,0.2815,0.5859,215911.69,0.2775,3.5985,12.2826,1.0,4.0,0.1228,-0.3765,0.1626,0.1419,-0.1608,0.0146,2.3583,-0.3771,0.2637,0.197,0.5859,0.0519,142.3178
0.7238,-5.656,0.0282,0.995,0.2106,0.0448,0.978,272997.8,0.5978,4.55,12.5172,3.0,3.0,0.4327,-3.3812,0.5846,0.2388,0.3972,0.0013,0.6002,-1.2431,0.5112,0.4175,0.995,0.0282,164.8689
0.7385,-7.4824,0.0235,0.3547,0.4607,0.1824,0.7342,250819.28,0.5958,4.1803,12.4325,2.0,2.0,0.44,-4.458,0.4374,0.4842,-0.2411,0.0043,1.6748,-1.7899,0.4414,0.2731,0.7385,0.0235,160.471
0.5826,-12.5927,0.0235,0.2823,0.039,0.3165,0.3901,184985.52,0.0834,3.0831,12.128,1.0,0.0,0.0486,-1.0502,0.0325,0.0625,0.1989,0.0074,0.2944,-4.0844,0.2454,0.2078,0.5826,0.0235,186.6862
0.4254,-19.7848,0.1736,0.3229,0.0,0.2439,0.7171,156939.1,0.2533,2.6157,11.9636,0.0,0.0,0.1078,-5.0121,0.1817,0.1736,0.0696,0.0423,0.7821,-7.564,0.3052,0.2241,0.7171,0.0,108.2784
0.5471,-1.357,0.0235,0.0,0.2969,0.0972,0.2479,229882.94,0.8223,3.8314,12.3453,1.0,4.0,0.4499,-1.1158,0.2039,0.3204,-0.8223,0.0023,817.8828,-0.3542,0.2907,0.301,0.8223,0.0,101.9638
0.7681,-1.357,0.0867,0.2824,0.3485,0.3279,0.9182,334916.28,0.5671,5.5819,12.7216,4.0,4.0,0.4356,-0.7696,0.5207,0.4353,-0.2847,0.0284,2.0012,-0.2431,0.4713,0.2933,0.9182,0.0867,133.8633
0.7115,-7.1934,0.0481,0.3044,0.0929,0.1824,0.5471,240938.95,0.2897,4.0156,12.3923,2.0,2.0,0.2061,-2.0842,0.1585,0.141,0.0147,0.0088,0.9486,-1.7913,0.3109,0.2415,0.7115,0.0481,113.3328
0.5571,-5.0684,0.069,0.3349,0.4944,0.0243,0.4609,253744.89,0.6995,4.2291,12.4441,2.0,3.0,0.3896,-3.5451,0.3224,0.5635,-0.3646,0.0017,2.0825,-1.1985,0.3772,0.2511,0.6995,0.0243,126.7587
0.4312,-1.7871,0.2316,0.1778,0.2478,0.0243,0.6866,351936.38,0.8263,5.8656,12.7712,4.0,4.0,0.3563,-1.4766,0.5673,0.4794,-0.6484,0.0056,4.6205,-0.3047,0.3751,0.2894,0.8263,0.0243,99.883
0.7175,-10.9729,0.0644,0.3747,0.0684,0.0243,0.6405,202958.8,0.5545,3.3826,12.2208,1.0,1.0,0.3978,-6.0841,0.3551,0.1328,-0.1798,0.0016,1.4758,-3.2439,0.3492,0.2969,0.7175,0.0243,148.883
0.7169,-7.5671,0.0949,0.4826,0.1629,0.1569,0.8792,227060.58,0.3912,3.7843,12.333,1.0,2.0,0.2805,-2.9603,0.3439,0.2578,0.0914,0.0149,0.8089,-1.9996,0.4121,0.3012,0.8792,0.0949,125.0513
0.8343,-1.357,0.0235,0.4028,0.2421,0.1146,0.2639,224931.84,0.9043,3.7489,12.3236,1.0,4.0,0.7545,-1.2272,0.2387,0.2656,-0.5015,0.0027,2.2394,-0.362,0.3979,0.3439,0.9043,0.0235,87.283
0.4524,-13.6835,0.0235,0.069,0.0669,0.1813,0.4763,252995.3,0.9939,4.2166,12.4411,2.0,0.0,0.4496,-13.5996,0.4734,0.0904,-0.9249,0.0043,14.1999,-3.2452,0.3233,0.3488,0.9939,0.0235,94.6412
0.5438,-13.8579,0.0235,0.273,0.5393,0.2778,0.5734,238518.53,0.0821,3.9753,12.3822,2.0,0.0,0.0446,-1.1373,0.0471,0.5628,0.1909,0.0065,0.2995,-3.486,0.3304,0.2274,0.5734,0.0235,95.8466
0.6424,-8.4605,0.0235,0.1712,0.3825,0.3346,0.4518,284510.28,0.3713,4.7418,12.5585,3.0,2.0,0.2385,-3.1411,0.1677,0.406,-0.2001,0.0079,2.1563,-1.7842,0.3396,0.1981,0.6424,0.0235,150.3602
0.8093,-18.445,0.1568,0.8455,0.3553,0.0825,0.3627,143740.08,0.0371,2.3957,11.8758,0.0,0.0,0.03,-0.6837,0.0134,0.5121,0.8084,0.0129,0.0438,-7.6993,0.3785,0.3311,0.8455,0.0371,128.4207
0.8359,-10.5876,0.1801,0.4533,0.0922,0.3567,0.4099,202864.08,0.2419,3.3811,12.2203,1.0,1.0,0.2022,-2.5608,0.0991,0.2723,0.2114,0.0643,0.5324,-3.1314,0.3671,0.2434,0.8359,0.0922,170.893
0.9337,-10.9332,0.0868,0.3491,0.241,0.0243,0.7691,245075.78,0.6745,4.0846,12.4093,2.0,1.0,0.6297,-7.3741,0.5187,0.3278,-0.3254,0.0021,1.9267,-2.6767,0.4398,0.3541,0.9337,0.0243,157.5732
0.7238,-1.357,0.0701,0.0,0.1147,0.2088,0.4089,153743.62,0.7098,2.5624,11.943,0.0,4.0,0.5137,-0.9632,0.2902,0.1848,-0.7098,0.0146,706.0158,-0.5296,0.3194,0.3006,0.7238,0.0,130.833
0.5038,-6.5648,0.0235,0.5542,0.181,0.1917,0.5869,254801.05,0.1871,4.2467,12.4482,2.0,3.0,0.0942,-1.2281,0.1098,0.2045,0.3671,0.0045,0.337,-1.5459,0.3183,0.2241,0.5869,0.0235,114.55
0.343,-4.841,0.0581,0.0,0.0,0.0622,0.7838,170901.31,0.4061,2.8484,12.0488,0.0,3.0,0.1393,-1.9658,0.3183,0.0581,-0.4061,0.0036,403.9018,-1.6996,0.2362,0.2926,0.7838,0.0,128.5089
0.874,-7.1916,0.0586,0.1281,0.0925,0.2212,0.9668,265763.7,0.2234,4.4294,12.4904,3.0,2.0,0.1953,-1.6066,0.216,0.1511,-0.0953,0.013,1.731,-1.6236,0.3664,0.3843,0.9668,0.0586,120.7375
0.9461,-13.959,0.0786,0.478,0.2637,0.0243,0.5471,246513.23,0.4929,4.1086,12.4152,2.0,0.0,0.4663,-6.88,0.2697,0.3423,-0.0149,0.0019,1.029,-3.3976,0.4044,0.3156,0.9461,0.0243,115.3444
0.4101,-5.1375,0.1537,0.0,0.1114,0.0243,0.271,332811.44,0.734,5.5469,12.7153,4.0,3.0,0.301,-3.771,0.1989,0.2651,-0.734,0.0037,730.0868,-0.9262,0.2435,0.2588,0.734,0.0,159.9829
0.5661,-9.8542,0.0235,0.0,0.2746,0.0536,0.5271,280125.94,0.8653,4.6688,12.543,3.0,1.0,0.4898,-8.5265,0.456,0.2981,-0.8653,0.0013,860.6536,-2.1107,0.33,0.3325,0.8653,0.0,82.6463
0.8653,-15.7462,0.0626,0.0,0.0,0.0243,0.5393,253474.0,0.7625,4.2246,12.443,2.0,0.0,0.6598,-12.006,0.4112,0.0626,-0.7625,0.0015,758.4016,-3.7273,0.322,0.3872,0.8653,0.0,74.8783
0.6537,-13.6077,0.0867,0.1915,0.1908,0.15,0.8594,211419.05,0.0559,3.5237,12.2616,1.0,0.0,0.0366,-0.7611,0.0481,0.2775,0.1355,0.013,0.2906,-3.8618,0.3126,0.3131,0.8594,0.0559,100.2726
0.7242,-11.394,0.0989,0.3585,0.0369,0.2109,0.3439,249917.19,0.0885,4.1653,12.4289,2.0,1.0,0.0641,-1.008,0.0304,0.1358,0.2701,0.0209,0.2461,-2.7355,0.266,0.2379,0.7242,0.0369,96.8197
0.6525,-13.8515,0.0585,0.2548,0.2829,0.1279,0.8485,249870.8,0.0719,4.1645,12.4287,2.0,0.0,0.0469,-0.9964,0.061,0.3413,0.1829,0.0075,0.2812,-3.3261,0.3281,0.306,0.8485,0.0585,106.0921
0.4133,-7.1946,0.0465,0.0058,0.0693,0.0501,0.058,325711.78,0.8901,5.4285,12.6938,4.0,2.0,0.3679,-6.4042,0.0517,0.1157,-0.8843,0.0023,130.2205,-1.3253,0.219,0.3267,0.8901,0.0058,154.3542
0.8064,-12.1567,0.0912,0.3558,0.0322,0.2068,0.8461,142042.16,0.0813,2.3674,11.8639,0.0,1.0,0.0655,-0.9879,0.0688,0.1235,0.2746,0.0189,0.2277,-5.1351,0.3457,0.3452,0.8461,0.0322,98.0887
0.4863,-12.8265,0.1203,0.4083,0.0,0.1276,0.4055,204970.97,0.2896,3.4162,12.2306,1.0,0.0,0.1408,-3.7145,0.1174,0.1203,0.1187,0.0154,0.7075,-3.7546,0.2625,0.1825,0.4863,0.0,109.7694
0.4048,-9.2956,0.103,0.0,0.1145,0.3355,0.8488,165824.31,0.5395,2.7637,12.0187,0.0,2.0,0.2184,-5.0147,0.4579,0.2175,-0.5395,0.0346,536.5905,-3.3634,0.3352,0.2959,0.8488,0.0,135.8988
0.5343,-9.2771,0.061,0.0,0.1329,0.0584,0.5579,230994.73,0.7842,3.8499,12.3502,2.0,2.0,0.419,-7.2751,0.4375,0.1939,-0.7842,0.0036,780.0191,-2.4097,0.3041,0.3134,0.7842,0.0,66.7203
0.7565,-2.8233,0.1489,0.0926,0.1555,0.2459,0.2459,263599.22,0.4654,4.3933,12.4822,3.0,4.0,0.3521,-1.314,0.1145,0.3045,-0.3728,0.0366,4.9735,-0.6426,0.3015,0.2339,0.7565,0.0926,83.7561
0.7388,-6.0889,0.1197,0.2086,0.0,0.235,0.634,252939.34,0.3389,4.2157,12.4409,2.0,3.0,0.2504,-2.0637,0.2149,0.1197,-0.1304,0.0281,1.6173,-1.4444,0.325,0.2697,0.7388,0.0,95.8615
0.4613,-9.3338,0.1002,0.3339,0.0745,0.2316,0.587,207921.14,0.1834,3.4654,12.2449,1.0,2.0,0.0846,-1.7118,0.1077,0.1747,0.1505,0.0232,0.5477,-2.6935,0.2817,0.1898,0.587,0.0745,148.2883
0.8244,-1.357,0.0235,0.3488,0.0,0.0542,0.2411,232328.3,0.8383,3.8721,12.3559,2.0,4.0,0.6911,-1.1376,0.2021,0.0235,-0.4895,0.0013,2.3963,-0.3505,0.3329,0.3628,0.8383,0.0,169.5084
0.6669,-8.8464,0.089,0.2697,0.032,0.0243,0.3139,176053.55,0.3323,2.9342,12.0785,0.0,2.0,0.2216,-2.9393,0.1043,0.121,-0.0625,0.0022,1.2273,-3.0149,0.2469,0.227,0.6669,0.0243,103.8478
0.6191,-12.2367,0.1297,0.0,0.0,0.1102,0.58,214018.69,0.1732,3.567,12.2738,1.0,1.0,0.1072,-2.1194,0.1005,0.1297,-0.1732,0.0143,172.2766,-3.4306,0.2303,0.2605,0.6191,0.0,115.3247
0.6668,-12.1449,0.115,0.0,0.0,0.0243,0.4127,387501.47,0.8197,6.4584,12.8675,4.0,1.0,0.5466,-9.9548,0.3383,0.115,-0.8197,0.0028,815.2967,-1.8805,0.2912,0.3433,0.8197,0.0,131.7164
0.5929,-3.4196,0.1081,0.4961,0.3331,0.0788,0.6316,297598.97,0.0913,4.96,12.6035,4.0,4.0,0.0542,-0.3123,0.0577,0.4412,0.4048,0.0085,0.1837,-0.6894,0.3331,0.2439,0.6316,0.0788,95.2984
0.7162,-5.4517,0.0477,0.3489,0.5267,0.2889,0.602,143724.77,0.1209,2.3954,11.8757,0.0,3.0,0.0866,-0.6589,0.0728,0.5744,0.228,0.0138,0.3455,-2.2759,0.3788,0.2486,0.7162,0.0477,127.3686
0.5902,-6.6413,0.1902,0.0779,0.0,0.0243,0.6798,251319.62,0.7409,4.1887,12.4345,2.0,3.0,0.4372,-4.9203,0.5036,0.1902,-0.663,0.0046,9.3919,-1.5855,0.329,0.3277,0.7409,0.0,166.6349
0.5588,-4.1939,0.1809,0.641,0.0,0.2365,0.6412,236417.77,0.0718,3.9403,12.3734,2.0,3.0,0.0401,-0.3011,0.046,0.1809,0.5692,0.0428,0.1118,-1.0644,0.3329,0.2746,0.6412,0.0,105.524
0.7913,-11.494,0.0235,0.5835,0.1869,0.1585,0.646,63973.0,0.0079,1.0662,11.0662,0.0,1.0,0.0063,-0.0912,0.0051,0.2104,0.5756,0.0037,0.0136,-10.7802,0.3425,0.3223,0.7913,0.0079,177.4298
0.666,-3.9063,0.0613,0.2959,0.3933,0.0243,0.4622,234049.03,0.5922,3.9008,12.3633,2.0,4.0,0.3944,-2.3133,0.2737,0.4546,-0.2963,0.0015,1.9949,-1.0014,0.3565,0.2467,0.666,0.0243,111.2194
0.5123,-12.6362,0.0377,0.3035,0.2373,0.4651,0.7947,261675.44,0.0034,4.3613,12.4749,3.0,0.0,0.0017,-0.043,0.0027,0.275,0.3001,0.0175,0.0112,-2.8974,0.3363,0.2795,0.7947,0.0034,131.4127
0.7044,-5.9826,0.1181,0.2267,0.4435,0.0327,0.4436,328851.03,0.3435,5.4809,12.7034,4.0,3.0,0.242,-2.0548,0.1523,0.5617,-0.1167,0.0039,1.5083,-1.0916,0.3304,0.2274,0.7044,0.0327,132.8482
0.5599,-15.0659,0.0235,0.0404,0.0,0.1623,0.35,259841.61,0.6595,4.3307,12.4678,3.0,0.0,0.3692,-9.9355,0.2308,0.0235,-0.619,0.0038,15.9219,-3.4789,0.2565,0.2704,0.6595,0.0,59.8412
0.6779,-9.796,0.0758,0.4845,0.0,0.0243,0.5925,353346.88,0.4814,5.8891,12.7752,4.0,1.0,0.3264,-4.7158,0.2852,0.0758,0.0031,0.0018,0.9916,-1.6634,0.3338,0.2897,0.6779,0.0,142.0516
0.7153,-6.0497,0.0872,0.193,0.0,0.1022,0.8248,242941.84,0.8477,4.049,12.4006,2.0,3.0,0.6064,-5.1281,0.6992,0.0872,-0.6547,0.0089,4.3695,-1.4941,0.3957,0.3807,0.8477,0.0,54.9336
0.6034,-7.1731,0.1129,0.2066,0.0897,0.0657,0.5433,227823.48,0.7037,3.7971,12.3363,1.0,2.0,0.4246,-5.0475,0.3823,0.2026,-0.497,0.0074,3.3892,-1.8891,0.3322,0.2738,0.7037,0.0657,85.2761
0.5567,-9.596,0.1736,0.3625,0.021,0.0535,0.4027,285049.06,0.3933,4.7508,12.5604,3.0,1.0,0.219,-3.7744,0.1584,0.1947,-0.0309,0.0093,1.0821,-2.0199,0.2805,0.2004,0.5567,0.021,107.4412
0.5827,-1.357,0.033,0.0519,0.0749,0.3235,0.5692,240135.5,0.2986,4.0023,12.389,2.0,4.0,0.174,-0.4052,0.17,0.108,-0.2467,0.0107,5.6456,-0.3391,0.2763,0.2354,0.5827,0.033,182.7169
0.975,-3.8266,0.0235,0.0791,0.2312,0.3039,0.5027,181792.03,0.6709,3.0299,12.1106,0.0,4.0,0.6541,-2.5671,0.3372,0.2547,-0.5918,0.0071,8.3792,-1.263,0.398,0.3408,0.975,0.0235,89.0134
0.464,-14.6671,0.0235,0.5028,0.142,0.3246,0.594,230455.27,0.8421,3.8409,12.3478,2.0,0.0,0.3908,-12.3516,0.5003,0.1655,-0.3394,0.0076,1.6717,-3.8186,0.4133,0.277,0.8421,0.0235,125.6453
0.879,-5.8182,0.0235,0.3187,0.0,0.1624,0.6819,313971.28,0.5128,5.2329,12.6571,4.0,3.0,0.4508,-2.9836,0.3497,0.0235,-0.1941,0.0038,1.6042,-1.1119,0.3683,0.3365,0.879,0.0,92.9213
0.531,-3.9986,0.1274,0.1768,0.2196,0.2169,0.6958,312424.66,0.6223,5.2071,12.6521,4.0,3.0,0.3304,-2.4885,0.433,0.347,-0.4455,0.0276,3.5002,-0.7679,0.37,0.2373,0.6958,0.1274,94.5246
0.5343,-9.2617,0.0235,0.6195,0.1021,0.2296,0.0256,261629.42,0.1467,4.3605,12.4747,3.0,2.0,0.0784,-1.3584,0.0038,0.1256,0.4728,0.0054,0.2364,-2.124,0.2402,0.242,0.6195,0.0235,125.246
0.5834,-13.9358,0.0235,0.27,0.338,0.1327,0.483,264640.8,0.4478,4.4107,12.4861,3.0,0.0,0.2612,-6.2405,0.2163,0.3615,-0.1778,0.0031,1.6525,-3.1596,0.3255,0.1991,0.5834,0.0235,156.095
0.7642,-1.357,0.1187,0.0975,0.0,0.0657,0.978,157924.86,0.6878,2.6321,11.9699,0.0,4.0,0.5256,-0.9333,0.6727,0.1187,-0.5903,0.0078,6.982,-0.5156,0.3874,0.4064,0.978,0.0,135.5878
0.6448,-5.5677,0.0235,0.046,0.0968,0.1815,0.4727,127586.64,0.4395,2.1264,11.7566,0.0,3.0,0.2834,-2.4468,0.2077,0.1203,-0.3935,0.0043,9.3545,-2.6183,0.2721,0.2446,0.6448,0.0235,62.2403
0.7497,-6.6969,0.0905,0.3099,0.1356,0.1579,0.3949,281847.7,0.1462,4.6975,12.5491,3.0,3.0,0.1096,-0.9791,0.0577,0.2261,0.1637,0.0143,0.4703,-1.4256,0.2835,0.2324,0.7497,0.0905,89.4654
0.547,-2.5917,0.0987,0.0,0.0,0.0632,0.284,244834.73,0.5405,4.0806,12.4083,2.0,4.0,0.2957,-1.4007,0.1535,0.0987,-0.5405,0.0062,537.5852,-0.6351,0.2191,0.2415,0.547,0.0,107.3344
0.6059,-4.0057,0.0972,0.5869,0.0686,0.2884,0.7172,241071.88,0.1041,4.0179,12.3929,2.0,3.0,0.063,-0.4169,0.0746,0.1657,0.4829,0.028,0.177,-0.997,0.3526,0.278,0.7172,0.0686,103.139
0.6969,-1.357,0.0988,0.5274,0.0871,0.0243,0.4156,209853.22,0.6915,3.4976,12.2542,1.0,4.0,0.4819,-0.9383,0.2874,0.1859,-0.1641,0.0024,1.3086,-0.388,0.3631,0.2915,0.6969,0.0243,91.1087
0.7028,-10.9644,0.0235,0.2429,0.3065,0.29,0.7745,281873.47,0.1234,4.6979,12.5492,3.0,1.0,0.0867,-1.353,0.0956,0.33,0.1195,0.0068,0.5059,-2.3339,0.352,0.2827,0.7745,0.0235,126.129
0.6461,-2.9074,0.0897,0.1796,0.0379,0.1137,0.978,283958.7,0.2659,4.7326,12.5566,3.0,4.0,0.1718,-0.773,0.26,0.1276,-0.0862,0.0102,1.4719,-0.6143,0.3301,0.3503,0.978,0.0379,130.2919
0.785,-13.6425,0.0923,0.0,0.0377,0.129,0.3613,241402.16,0.4159,4.0234,12.3942,2.0,0.0,0.3265,-5.6735,0.1503,0.1301,-0.4159,0.0119,413.6495,-3.3908,0.2602,0.2806,0.785,0.0,156.5418
0.4288,-13.9437,0.0235,0.1549,0.1919,0.1198,0.6423,263961.75,0.3895,4.3994,12.4836,3.0,0.0,0.167,-5.4315,0.2502,0.2154,-0.2346,0.0028,2.4978,-3.1695,0.2787,0.2161,0.6423,0.0235,150.2586
0.8188,-3.1628,0.089,0.0,0.1273,0.0243,0.5429,136485.9,0.7174,2.2748,11.824,0.0,4.0,0.5874,-2.269,0.3895,0.2163,-0.7174,0.0022,713.5752,-1.3904,0.3314,0.3502,0.8188,0.0,96.089
0.703,-10.8123,0.0329,0.6649,0.0795,0.3345,0.3619,181771.17,0.0558,3.0295,12.1105,0.0,1.0,0.0392,-0.6033,0.0202,0.1124,0.6091,0.011,0.0838,-3.569,0.3189,0.2822,0.703,0.0329,167.4867
0.4969,-7.0088,0.0969,0.638,0.0596,0.0243,0.3103,214946.1,0.9235,3.5824,12.2781,1.0,2.0,0.4588,-6.4724,0.2866,0.1564,-0.2855,0.0024,1.4452,-1.9564,0.3642,0.3386,0.9235,0.0243,130.302
0.3265,-8.1827,0.0392,0.1659,0.0,0.1659,0.4385,269889.62,0.4145,4.4982,12.5058,3.0,2.0,0.1353,-3.3914,0.1818,0.0392,-0.2485,0.0065,2.4828,-1.8191,0.2215,0.175,0.4385,0.0,71.7666
0.4206,-13.8811,0.0235,0.2316,0.018,0.0767,0.4441,270966.97,0.2613,4.5161,12.5098,3.0,0.0,0.1099,-3.6267,0.116,0.0415,-0.0296,0.0018,1.123,-3.0737,0.2108,0.1787,0.4441,0.018,172.3628
0.975,-7.8272,0.175,0.995,0.0,0.3268,0.8272,243732.5,0.3139,4.0622,12.4038,2.0,2.0,0.306,-2.4567,0.2596,0.175,0.6811,0.0572,0.3151,-1.9268,0.5161,0.4074,0.995,0.0,172.6418
0.8032,-7.1725,0.0896,0.1689,0.1545,0.0817,0.7746,120841.54,0.6335,2.014,11.7022,0.0,2.0,0.5088,-4.5435,0.4907,0.244,-0.4646,0.0073,3.7284,-3.5613,0.3866,0.3336,0.8032,0.0817,127.041
0.5636,-11.995,0.1032,0.311,0.3107,0.0243,0.6309,310866.8,0.3869,5.1811,12.6471,4.0,1.0,0.218,-4.6405,0.2441,0.414,-0.0759,0.0025,1.2401,-2.3151,0.3329,0.2213,0.6309,0.0243,151.2616
0.7054,-16.6617,0.0235,0.7049,0.3313,0.2465,0.5747,260739.92,0.0729,4.3457,12.4713,3.0,0.0,0.0514,-1.2152,0.0419,0.3548,0.632,0.0058,0.1033,-3.8341,0.3799,0.2861,0.7054,0.0235,122.9571
0.7221,-9.6331,0.0235,0.2899,0.0107,0.2375,0.6336,166488.53,0.0184,2.7748,12.0227,0.0,1.0,0.0133,-0.1772,0.0117,0.0342,0.2715,0.0056,0.0632,-3.4716,0.2765,0.2969,0.7221,0.0107,148.3501
0.7064,-1.357,0.1289,0.4978,0.3155,0.0243,0.3412,252335.05,0.7777,4.2056,12.4385,2.0,4.0,0.5494,-1.0554,0.2653,0.4444,-0.28,0.0031,1.5593,-0.3227,0.3988,0.2803,0.7777,0.0243,159.3426
0.7692,-6.9272,0.0235,0.2999,0.0465,0.1459,0.8453,179814.88,0.3194,2.9969,12.0997,0.0,3.0,0.2457,-2.2125,0.27,0.07,-0.0195,0.0034,1.0616,-2.3114,0.3499,0.3329,0.8453,0.0235,106.285
0.7568,-13.5329,0.0918,0.2335,0.0,0.2534,0.0256,254835.81,0.8945,4.2473,12.4484,2.0,0.0,0.677,-12.1056,0.0229,0.0918,-0.661,0.0232,3.814,-3.1863,0.3222,0.3591,0.8945,0.0,153.9613
0.7439,-10.6343,0.0235,0.046,0.0977,0.0986,0.6577,321351.56,0.5663,5.3559,12.6803,4.0,1.0,0.4212,-6.0218,0.3724,0.1212,-0.5203,0.0023,12.0562,-1.9855,0.3191,0.3204,0.7439,0.0235,123.7389
0.7825,-20.4812,0.052,0.2397,0.0402,0.1227,0.7958,238895.64,0.0228,3.9816,12.3838,2.0,0.0,0.0178,-0.467,0.0181,0.0922,0.2169,0.0064,0.0947,-5.144,0.2937,0.3462,0.7958,0.0228,110.2503
0.577,-15.4802,0.099,0.0149,0.0372,0.2418,0.7345,274585.6,0.8145,4.5764,12.523,3.0,0.0,0.47,-12.6081,0.5982,0.1362,-0.7996,0.0239,51.3659,-3.3826,0.3598,0.3414,0.8145,0.0149,96.0168
0.679,-12.0708,0.1814,0.4748,0.1146,0.0768,0.673,249846.9,0.0083,4.1641,12.4286,2.0,1.0,0.0056,-0.0998,0.0056,0.296,0.4665,0.0139,0.0174,-2.8988,0.3154,0.2872,0.679,0.0083,113.7704
0.409,-16.1475,0.0913,0.4071,0.0761,0.0846,0.0256,281101.06,0.3971,4.685,12.5465,3.0,0.0,0.1624,-6.4117,0.0102,0.1674,0.01,0.0077,0.9731,-3.4466,0.213,0.1803,0.409,0.0256,89.227
0.6745,-5.6133,0.0235,0.3659,0.0422,0.0567,0.9181,173653.78,0.0778,2.8942,12.0648,0.0,3.0,0.0525,-0.4367,0.0714,0.0657,0.2881,0.0013,0.212,-1.9395,0.3084,0.36,0.9181,0.0235,101.1377
0.6613,-1.357,0.1178,0.4117,0.2644,0.1755,0.5614,270148.22,0.7261,4.5025,12.5067,3.0,4.0,0.4802,-0.9854,0.4077,0.3822,-0.3144,0.0207,1.7594,-0.3014,0.4169,0.2406,0.7261,0.1178,126.3089
0.6243,-9.7492,0.0623,0.5409,0.0,0.2909,0.6906,205450.6,0.0391,3.4242,12.233,1.0,1.0,0.0244,-0.3815,0.027,0.0623,0.5017,0.0181,0.0722,-2.8472,0.3212,0.2964,0.6906,0.0,101.6065
0.7881,-6.9172,0.0955,0.157,0.0137,0.145,0.6924,214818.81,0.4431,3.5803,12.2776,1.0,3.0,0.3492,-3.0648,0.3068,0.1092,-0.2861,0.0139,2.8046,-1.932,0.3335,0.3091,0.7881,0.0137,85.9198
0.5642,-4.9462,0.0235,0.2906,0.0,0.3216,0.31,252996.42,0.5625,4.2166,12.4411,2.0,3.0,0.3174,-2.7824,0.1744,0.0235,-0.2719,0.0076,1.9292,-1.173,0.2961,0.2257,0.5642,0.0,100.1575
0.6836,-1.7266,0.2238,0.445,0.1176,0.0632,0.978,246611.73,0.6788,4.1102,12.4156,2.0,4.0,0.464,-1.172,0.6639,0.3414,-0.2338,0.0142,1.522,-0.4201,0.4557,0.3408,0.978,0.0632,118.363
0.7978,-11.3664,0.0727,0.4848,0.3343,0.0795,0.978,180597.56,0.0679,3.01,12.104,0.0,1.0,0.0541,-0.7714,0.0664,0.407,0.4169,0.0058,0.1397,-3.7763,0.4021,0.3706,0.978,0.0679,89.9691
0.3955,-19.5179,0.0235,0.4968,0.0,0.3823,0.6908,233115.22,0.1134,3.8853,12.3593,2.0,0.0,0.0449,-2.2133,0.0783,0.0235,0.3834,0.009,0.2278,-5.0236,0.3003,0.261,0.6908,0.0,99.7439
0.7385,-4.1286,0.1558,0.0,0.0961,0.3481,0.2448,262396.62,0.5641,4.3733,12.4776,3.0,3.0,0.4166,-2.3291,0.1381,0.2519,-0.5641,0.0542,561.1256,-0.9441,0.3068,0.2644,0.7385,0.0,106.4704
0.975,-5.6855,0.0235,0.4584,0.2035,0.2731,0.7795,147546.5,0.1717,2.4591,11.9019,0.0,3.0,0.1674,-0.9764,0.1339,0.227,0.2867,0.0064,0.3738,-2.312,0.4121,0.3478,0.975,0.0235,145.1141
0.677,-1.357,0.0235,0.1745,0.0,0.3526,0.0256,162358.97,0.6925,2.706,11.9976,0.0,4.0,0.4688,-0.9397,0.0177,0.0235,-0.5179,0.0083,3.9453,-0.5015,0.2779,0.3036,0.6925,0.0,111.3539
0.6836,-10.9772,0.0235,0.3859,0.0905,0.1445,0.5869,149996.73,0.4458,2.4999,11.9184,0.0,1.0,0.3047,-4.8937,0.2616,0.114,-0.0599,0.0034,1.1523,-4.391,0.3372,0.2559,0.6836,0.0235,114.9033
0.3502,-16.1634,0.0235,0.0,0.1229,0.1569,0.3856,338064.7,0.9411,5.6344,12.731,4.0,0.0,0.3296,-15.2119,0.3629,0.1464,-0.9411,0.0037,936.1157,-2.8687,0.2829,0.3259,0.9411,0.0,133.1199
0.6599,-9.7909,0.0782,0.0,0.0,0.0243,0.6486,232598.3,0.7865,3.8766,12.3571,2.0,1.0,0.519,-7.7002,0.5101,0.0782,-0.7865,0.0019,782.2737,-2.5256,0.3139,0.3632,0.7865,0.0,113.4343
0.353,-8.9902,0.0235,0.118,0.0949,0.2456,0.9336,286511.78,0.8924,4.7752,12.5655,3.0,2.0,0.315,-8.0228,0.8331,0.1184,-0.7744,0.0058,7.4974,-1.8827,0.3801,0.3797,0.9336,0.0235,79.3267
0.6936,-10.8286,0.1358,0.5345,0.0,0.0984,0.46,291082.9,0.0497,4.8514,12.5814,3.0,1.0,0.0345,-0.5378,0.0228,0.1358,0.4848,0.0134,0.0927,-2.2321,0.2817,0.2749,0.6936,0.0,117.1148
0.7383,-5.7153,0.0235,0.3071,0.0977,0.0744,0.4716,160956.53,0.3828,2.6826,11.9889,0.0,3.0,0.2826,-2.1878,0.1805,0.1212,-0.0757,0.0017,1.2426,-2.1305,0.2993,0.2571,0.7383,0.0235,120.714
0.7373,-7.8594,0.1106,0.0,0.1967,0.3738,0.5525,182873.78,0.539,3.0479,12.1166,0.0,2.0,0.3974,-4.2362,0.2978,0.3073,-0.539,0.0413,536.1264,-2.5786,0.3585,0.2677,0.7373,0.0,98.243
0.5547,-20.3105,0.0604,0.2855,0.0,0.2906,0.3023,303473.62,0.5699,5.0579,12.6231,4.0,0.0,0.3161,-11.5743,0.1723,0.0604,-0.2843,0.0175,1.9889,-4.0156,0.2948,0.218,0.5699,0.0,140.4523
0.6889,-9.338,0.1605,0.3362,0.0588,0.2689,0.356,168063.72,0.1545,2.8011,12.0321,0.0,2.0,0.1064,-1.4424,0.055,0.2193,0.1818,0.0432,0.4581,-3.3337,0.2891,0.206,0.6889,0.0588,83.7694
0.5902,-9.7702,0.129,0.268,0.1449,0.1227,0.3839,136928.89,0.0389,2.2821,11.8272,0.0,1.0,0.0229,-0.3797,0.0149,0.2738,0.2291,0.0158,0.1445,-4.2811,0.2396,0.1914,0.5902,0.0389,100.1039
0.498,-5.073,0.1376,0.1873,0.0423,0.1246,0.978,231568.89,0.3919,3.8595,12.3526,2.0,3.0,0.1952,-1.9879,0.3832,0.1799,-0.2046,0.0171,2.0811,-1.3144,0.3371,0.3251,0.978,0.0423,85.8026
0.3324,-11.4044,0.1048,0.4617,0.0,0.1936,0.584,230713.19,0.1648,3.8452,12.3489,2.0,1.0,0.0548,-1.8795,0.0963,0.1048,0.2969,0.0203,0.3562,-2.9659,0.263,0.2066,0.584,0.0,146.828
0.5522,-17.177,0.0402,0.0,0.2749,0.3816,0.9222,346072.3,0.2196,5.7679,12.7544,4.0,0.0,0.1213,-3.7721,0.2025,0.3151,-0.2196,0.0153,218.4292,-2.978,0.3415,0.3188,0.9222,0.0,144.2734
0.4977,-6.9475,0.0235,0.0674,0.0,0.3724,0.3978,342769.8,0.7829,5.7128,12.7448,4.0,2.0,0.3897,-5.4394,0.3114,0.0235,-0.7155,0.0088,11.4399,-1.2161,0.306,0.2908,0.7829,0.0,135.2384
0.6372,-2.5945,0.0964,0.0,0.0381,0.251,0.7839,315880.8,0.8138,5.2647,12.6631,4.0,4.0,0.5186,-2.1114,0.6379,0.1344,-0.8138,0.0242,809.4613,-0.4928,0.3743,0.3595,0.8138,0.0,148.2639
0.8277,-13.8784,0.0235,0.2895,0.0657,0.1231,0.51,187795.36,0.2085,3.1299,12.1431,1.0,0.0,0.1726,-2.8941,0.1064,0.0892,0.081,0.0029,0.7177,-4.4341,0.2926,0.2867,0.8277,0.0235,115.7835
0.5422,-13.8467,0.0235,0.0,0.0,0.1848,0.8112,226516.0,0.4011,3.7753,12.3306,1.0,0.0,0.2175,-5.5535,0.3253,0.0235,-0.4011,0.0043,398.9284,-3.6677,0.2804,0.3155,0.8112,0.0,171.4868
0.7709,-10.127,0.0235,0.3799,0.0795,0.1209,0.5626,171276.88,0.0624,2.8546,12.051,0.0,1.0,0.0481,-0.6319,0.0351,0.103,0.3175,0.0028,0.1638,-3.5476,0.2857,0.2913,0.7709,0.0235,117.7484
0.7309,-16.1719,0.0783,0.0944,0.0852,0.2636,0.8484,264890.7,0.0921,4.4148,12.4871,3.0,0.0,0.0673,-1.49,0.0782,0.1635,0.0023,0.0206,0.9655,-3.6631,0.3133,0.3335,0.8484,0.0783,122.5592
0.5679,-9.0766,0.0888,0.3255,0.1882,0.2985,0.6881,270416.47,0.1435,4.5069,12.5077,3.0,2.0,0.0815,-1.3022,0.0987,0.277,0.1821,0.0265,0.4394,-2.0139,0.3286,0.2232,0.6881,0.0888,153.4213
0.7437,-13.18,0.0474,0.3321,0.1249,0.0898,0.7928,285883.2,0.04,4.7647,12.5633,3.0,0.0,0.0297,-0.5272,0.0317,0.1722,0.2921,0.0043,0.1201,-2.7662,0.3101,0.3282,0.7928,0.04,144.0098
0.8132,-8.23,0.0872,0.7881,0.3315,0.0397,0.362,228342.83,0.4309,3.8057,12.3386,1.0,2.0,0.3504,-3.546,0.156,0.4186,0.3573,0.0035,0.546,-2.1625,0.4075,0.3043,0.8132,0.0397,110.2462
0.6377,-10.8295,0.1289,0.3549,0.3369,0.3106,0.7153,243811.1,0.0653,4.0635,12.4042,2.0,1.0,0.0416,-0.7068,0.0467,0.4658,0.2896,0.04,0.1834,-2.6651,0.3642,0.2403,0.7153,0.0653,69.5567
0.4169,-2.8972,0.0235,0.1947,0.1741,0.1596,0.8141,327969.5,0.2237,5.4662,12.7007,4.0,4.0,0.0933,-0.6482,0.1821,0.1976,-0.0291,0.0038,1.1434,-0.53,0.2867,0.26,0.8141,0.0235,100.9973
0.6608,-13.9358,0.0235,0.0879,0.1849,0.2779,0.3479,255888.03,0.919,4.2648,12.4525,2.0,0.0,0.6073,-12.807,0.3197,0.2084,-0.8311,0.0065,10.3391,-3.2676,0.3574,0.3235,0.919,0.0235,92.0965
0.5727,-10.643,0.0415,0.0,0.0,0.2925,0.443,161768.14,0.734,2.6961,11.9939,0.0,1.0,0.4204,-7.8119,0.3251,0.0415,-0.734,0.0121,730.0868,-3.9475,0.2977,0.2972,0.734,0.0,133.8218
0.5812,-4.4528,0.0235,0.1318,0.0792,0.2365,0.4378,281227.78,0.3727,4.6871,12.5469,3.0,3.0,0.2166,-1.6594,0.1632,0.1027,-0.2408,0.0056,2.8059,-0.95,0.2661,0.2053,0.5812,0.0235,57.4908
0.5422,-9.49,0.0235,0.0848,0.0378,0.0466,0.3868,133390.14,0.3724,2.2232,11.801,0.0,2.0,0.2019,-3.5341,0.1441,0.0613,-0.2876,0.0011,4.3394,-4.2687,0.2134,0.214,0.5422,0.0235,108.2195
0.4977,-16.0387,0.0235,0.5474,0.2157,0.1939,0.6765,283594.22,0.2937,4.7266,12.5553,3.0,0.0,0.1462,-4.71,0.1987,0.2392,0.2538,0.0046,0.5355,-3.3933,0.3498,0.2308,0.6765,0.0235,77.0027
0.5674,-1.357,0.0235,0.3776,0.0842,0.1257,0.3412,245968.6,0.5421,4.0995,12.413,2.0,4.0,0.3076,-0.7357,0.185,0.1077,-0.1646,0.003,1.4321,-0.331,0.2945,0.2202,0.5674,0.0235,135.5712
0.3676,-6.8264,0.0845,0.0117,0.2349,0.4155,0.978,276967.72,0.5295,4.6161,12.5317,3.0,3.0,0.1946,-3.6143,0.5178,0.3194,-0.5178,0.0351,41.7034,-1.4788,0.3745,0.3228,0.978,0.0117,114.7899
0.5159,-7.9712,0.0545,0.0786,0.35,0.0243,0.5778,294583.0,0.95,4.9097,12.5933,4.0,2.0,0.4901,-7.5726,0.5489,0.4045,-0.8714,0.0013,11.9331,-1.6235,0.3644,0.3428,0.95,0.0243,133.3707
0.4434,-3.5575,0.0235,0.1598,0.0666,0.2959,0.8441,160583.8,0.5347,2.6764,11.9866,0.0,4.0,0.2371,-1.9021,0.4513,0.0901,-0.3748,0.007,3.3245,-1.3292,0.3383,0.2921,0.8441,0.0235,135.4064
0.4958,-11.673,0.0397,0.5124,0.0019,0.1217,0.835,144714.47,0.1925,2.4119,11.8825,0.0,1.0,0.0955,-2.2474,0.1608,0.0415,0.3198,0.0048,0.375,-4.8397,0.3141,0.3078,0.835,0.0019,153.2429
0.8122,-8.053,0.0999,0.4601,0.3925,0.1364,0.978,171517.67,0.0179,2.8586,12.0524,0.0,2.0,0.0146,-0.1444,0.0175,0.4924,0.4422,0.0136,0.0389,-2.8171,0.4139,0.3678,0.978,0.0179,101.3391
0.4473,-1.357,0.0828,0.0788,0.0,0.0581,0.454,234868.0,0.874,3.9145,12.3668,2.0,4.0,0.3909,-1.186,0.3968,0.0828,-0.7952,0.0048,10.9556,-0.3467,0.285,0.3209,0.874,0.0,108.3216
0.7156,-6.4559,0.0235,0.0531,0.0,0.4906,0.7339,232793.3,0.4334,3.8799,12.3579,2.0,3.0,0.3101,-2.798,0.3181,0.0235,-0.3803,0.0115,8.0089,-1.6639,0.35,0.3227,0.7339,0.0,147.8313
0.7527,-9.9239,0.2095,0.6424,0.2969,0.111,0.6779,248248.02,0.0259,4.1375,12.4222,2.0,1.0,0.0195,-0.2567,0.0175,0.5064,0.6165,0.0233,0.0402,-2.3985,0.388,0.2971,0.7527,0.0259,136.5988
0.8786,-4.3964,0.0235,0.995,0.5343,0.0746,0.2443,179815.64,0.3564,2.9969,12.0997,0.0,3.0,0.3131,-1.5669,0.0871,0.5578,0.6386,0.0018,0.3578,-1.467,0.4438,0.3789,0.995,0.0235,139.225
0.4435,-10.9704,0.1379,0.4498,0.1532,0.1546,0.0256,331685.03,0.9334,5.5281,12.7119,4.0,1.0,0.4139,-10.2398,0.0239,0.2911,-0.4836,0.0213,2.0707,-1.9845,0.3283,0.3117,0.9334,0.0256,73.4071
0.6375,-4.9591,0.0235,0.4439,0.0,0.161,0.5343,310876.03,0.2323,5.1813,12.6472,4.0,3.0,0.1481,-1.1518,0.1241,0.0235,0.2116,0.0038,0.5221,-0.9571,0.2903,0.2514,0.6375,0.0,70.1514
0.6618,-9.6455,0.0235,0.4499,0.1423,0.1665,0.7995,152496.81,0.1222,2.5416,11.9349,0.0,1.0,0.0809,-1.1787,0.0977,0.1658,0.3277,0.0039,0.271,-3.795,0.338,0.301,0.7995,0.0235,124.4247
0.6569,-3.127,0.056,0.0027,0.2624,0.0931,0.3565,378844.1,0.9833,6.3141,12.8449,4.0,4.0,0.6459,-3.0747,0.3505,0.3184,-0.9805,0.0052,263.1404,-0.4952,0.3444,0.3596,0.9833,0.0027,116.1773
0.6323,-10.4723,0.0856,0.458,0.4437,0.0427,0.7058,312499.97,0.8627,5.2083,12.6524,4.0,1.0,0.5455,-9.0348,0.6089,0.5293,-0.4047,0.0037,1.8796,-2.0107,0.4616,0.3074,0.8627,0.0427,95.4606
0.3502,-11.0377,0.0235,0.0217,0.2956,0.2959,0.4839,227816.5,0.9722,3.7969,12.3363,1.0,1.0,0.3404,-10.7308,0.4705,0.3191,-0.9505,0.007,42.9092,-2.907,0.349,0.3228,0.9722,0.0217,165.5237
0.6665,-1.9792,0.1706,0.0677,0.4728,0.2769,0.3666,341493.1,0.3765,5.6916,12.7411,4.0,4.0,0.251,-0.7452,0.138,0.6434,-0.3089,0.0472,5.4843,-0.3477,0.3425,0.1971,0.6665,0.0677,118.4562
0.6084,-6.8581,0.0235,0.0,0.0,0.4155,0.6729,272892.9,0.39,4.5482,12.5168,3.0,3.0,0.2373,-2.6747,0.2624,0.0235,-0.39,0.0098,387.9208,-1.5079,0.3015,0.2921,0.6729,0.0,100.1409
0.6524,-11.4763,0.1547,0.3428,0.0,0.0243,0.5398,287909.56,0.7831,4.7985,12.5704,3.0,1.0,0.5109,-8.9867,0.4227,0.1547,-0.4403,0.0038,2.2779,-2.3917,0.3567,0.3113,0.7831,0.0,65.4736
0.6678,-4.9552,0.0727,0.0,0.0931,0.1548,0.7569,224522.1,0.8111,3.742,12.3217,1.0,3.0,0.5417,-4.0193,0.614,0.1658,-0.8111,0.0113,806.8088,-1.3242,0.3652,0.3608,0.8111,0.0,102.4787
0.79,-5.8967,0.0528,0.4536,0.0,0.0845,0.5471,217241.94,0.2651,3.6207,12.2888,1.0,3.0,0.2094,-1.563,0.145,0.0528,0.1885,0.0045,0.5831,-1.6286,0.3133,0.295,0.79,0.0,112.6829
0.3175,-17.6278,0.0235,0.0,0.0,0.2814,0.261,154514.67,0.898,2.5752,11.9481,0.0,0.0,0.2851,-15.8298,0.2344,0.0235,-0.898,0.0066,893.2124,-6.8451,0.2545,0.3167,0.898,0.0,132.1079
0.6084,-12.8288,0.0402,0.5909,0.1305,0.2085,0.3948,296794.7,0.0779,4.9466,12.6008,4.0,0.0,0.0474,-0.9989,0.0307,0.1707,0.513,0.0084,0.1316,-2.5935,0.293,0.2388,0.6084,0.0402,73.9733
0.574,-5.857,0.0421,0.0417,0.0,0.0243,0.4967,234078.28,0.7874,3.9013,12.3634,2.0,3.0,0.452,-4.6118,0.3911,0.0421,-0.7457,0.001,18.4387,-1.5013,0.2809,0.3286,0.7874,0.0,165.0808
0.5312,-10.6344,0.227,0.3951,0.2925,0.3338,0.7918,177976.39,0.3205,2.9663,12.0894,0.0,1.0,0.1702,-3.408,0.2538,0.5194,0.0746,0.0758,0.8091,-3.5851,0.4131,0.1923,0.7918,0.227,143.1494
0.5969,-3.1897,0.1276,0.0,0.2274,0.2818,0.5433,312545.4,0.3138,5.2091,12.6525,4.0,4.0,0.1873,-1.0009,0.1705,0.355,-0.3138,0.036,312.127,-0.6123,0.2987,0.2132,0.5969,0.0,69.3049
0.975,-4.6759,0.0899,0.7267,0.0,0.2358,0.5812,210939.78,0.4034,3.5157,12.2593,1.0,3.0,0.3933,-1.8863,0.2345,0.0899,0.3233,0.0212,0.5544,-1.33,0.4303,0.3528,0.975,0.0,106.5041
0.5878,-12.6446,0.1245,0.3518,0.4478,0.0243,0.7549,253867.64,0.6699,4.2311,12.4446,2.0,0.0,0.3937,-8.4702,0.5057,0.5723,-0.318,0.003,1.8986,-2.9885,0.423,0.2745,0.7549,0.0243,104.734
0.6727,-3.8264,0.1099,0.0068,0.0,0.0243,0.443,120988.83,0.7608,2.0165,11.7035,0.0,4.0,0.5118,-2.9111,0.337,0.1099,-0.754,0.0027,97.337,-1.8976,0.2882,0.3314,0.7608,0.0,138.2978
0.7577,-4.6738,0.1915,0.2076,0.0598,0.2509,0.978,264317.4,0.1498,4.4053,12.4849,3.0,3.0,0.1135,-0.7001,0.1465,0.2513,0.0578,0.048,0.7181,-1.061,0.3708,0.3505,0.978,0.0598,104.0837
0.7116,-1.357,0.0235,0.7265,0.1424,0.1245,0.4223,372119.6,0.7164,6.202,12.827,4.0,4.0,0.5098,-0.9722,0.3025,0.1659,0.0101,0.0029,0.9848,-0.2188,0.4096,0.313,0.7265,0.0235,131.1416
0.6924,-13.6454,0.1091,0.2449,0.1078,0.0517,0.7399,235660.06,0.1512,3.9277,12.3702,2.0,0.0,0.1047,-2.0632,0.1119,0.2169,0.0937,0.0056,0.6149,-3.4742,0.2996,0.2909,0.7399,0.0517,88.0045
0.975,-3.2784,0.1478,0.0033,0.0,0.233,0.4439,227910.81,0.9673,3.7985,12.3367,1.0,4.0,0.9432,-3.1713,0.4294,0.1478,-0.964,0.0344,222.9047,-0.8631,0.3958,0.4209,0.975,0.0,95.0934
0.7063,-4.0566,0.0993,0.4826,0.0,0.1096,0.3051,156973.14,0.2819,2.6162,11.9638,0.0,3.0,0.1991,-1.1434,0.086,0.0993,0.2008,0.0109,0.5828,-1.5505,0.2835,0.2461,0.7063,0.0,120.9544
0.9083,-1.357,0.0972,0.056,0.0695,0.3186,0.0256,231205.33,0.5965,3.8534,12.3511,2.0,4.0,0.5417,-0.8094,0.0153,0.1666,-0.5405,0.031,10.4716,-0.3522,0.2959,0.3384,0.9083,0.0256,102.956
0.5749,-3.0887,0.1214,0.4422,0.0,0.2767,0.7995,338905.06,0.846,5.6484,12.7335,4.0,4.0,0.4864,-2.6131,0.6764,0.1214,-0.4038,0.0336,1.9087,-0.5468,0.4373,0.3251,0.846,0.0,93.8195
0.975,-11.3902,0.0594,0.4588,0.1018,0.2212,0.4027,253473.8,0.2765,4.2246,12.443,2.0,1.0,0.2696,-3.149,0.1113,0.1613,0.1823,0.0131,0.6013,-2.6962,0.3565,0.309,0.975,0.0594,154.249
0.6375,-13.9765,0.1875,0.0137,0.0,0.2508,0.4728,267421.44,0.7018,4.457,12.4966,3.0,0.0,0.4474,-9.8087,0.3318,0.1876,-0.6881,0.047,47.7472,-3.1358,0.3235,0.2853,0.7018,0.0,121.1402
0.8929,-15.1628,0.1139,0.6199,0.0024,0.0243,0.6414,279995.88,0.0684,4.6666,12.5425,3.0,0.0,0.0611,-1.0371,0.0439,0.1163,0.5515,0.0028,0.1102,-3.2492,0.3376,0.3682,0.8929,0.0024,127.9312
0.5347,-12.673,0.0714,0.2547,0.0323,0.3056,0.571,284963.12,0.0568,4.7494,12.5601,3.0,0.0,0.0304,-0.7198,0.0324,0.1036,0.1979,0.0218,0.2222,-2.6684,0.2609,0.2247,0.571,0.0323,95.8646
0.6388,-5.3334,0.0815,0.8679,0.0,0.0243,0.5901,144543.86,0.6014,2.4091,11.8813,0.0,3.0,0.3842,-3.2075,0.3549,0.0815,0.2665,0.002,0.6921,-2.2139,0.4006,0.3548,0.8679,0.0,118.1281
0.6078,-11.64,0.0568,0.0,0.4056,0.2415,0.4569,306473.47,0.3679,5.1079,12.6329,4.0,1.0,0.2236,-4.282,0.1681,0.4624,-0.3679,0.0137,365.9054,-2.2788,0.3052,0.2189,0.6078,0.0,114.0578
0.3825,-3.2983,0.0635,0.0694,0.1597,0.2336,0.8738,255951.55,0.8587,4.2659,12.4527,2.0,4.0,0.3284,-2.8322,0.7503,0.2232,-0.7892,0.0148,12.1894,-0.7732,0.3773,0.3511,0.8738,0.0635,139.9969
0.3713,-7.04,0.0235,0.1912,0.3345,0.3749,0.6549,135942.88,0.4238,2.2657,11.82,0.0,2.0,0.1573,-2.9836,0.2775,0.358,-0.2326,0.0088,2.2046,-3.1072,0.3391,0.1961,0.6549,0.0235,100.0797
0.5273,-6.7244,0.0235,0.2907,0.2878,0.3679,0.453,334948.84,0.6189,5.5825,12.7217,4.0,3.0,0.3264,-4.1619,0.2804,0.3113,-0.3282,0.0086,2.1215,-1.2045,0.367,0.1944,0.6189,0.0235,50.0485
0.6795,-1.357,0.024,0.0,0.236,0.175,0.5768,305955.2,0.4417,5.0993,12.6312,4.0,4.0,0.3001,-0.5993,0.2548,0.2601,-0.4417,0.0042,439.312,-0.2661,0.3047,0.2666,0.6795,0.0,120.3364
0.8722,-14.23,0.0541,0.163,0.118,0.283,0.7467,107585.82,0.4039,1.7931,11.5861,0.0,0.0,0.3522,-5.747,0.3016,0.172,-0.2409,0.0153,2.4632,-7.936,0.3773,0.3185,0.8722,0.0541,154.4707
0.6377,-13.8239,0.0235,0.2239,0.2235,0.0948,0.4851,286023.53,0.1444,4.7671,12.5638,3.0,0.0,0.0921,-1.9962,0.07,0.247,0.0795,0.0022,0.642,-2.8999,0.2618,0.2208,0.6377,0.0235,124.1147
0.6888,-5.0019,0.0817,0.0,0.0039,0.1828,0.3615,309945.66,0.9523,5.1658,12.6442,4.0,3.0,0.656,-4.7632,0.3442,0.0856,-0.9523,0.0149,947.1898,-0.9683,0.3244,0.3686,0.9523,0.0,105.1203
0.8065,-6.7979,0.0235,0.0779,0.2616,0.0312,0.8497,210871.72,0.9637,3.5145,12.259,1.0,3.0,0.7772,-6.551,0.8188,0.2851,-0.8858,0.0007,12.2166,-1.9342,0.4306,0.4241,0.9637,0.0235,94.9092
0.6575,-8.4726,0.2043,0.1418,0.0,0.4968,0.581,289728.28,0.2774,4.8288,12.5767,3.0,2.0,0.1824,-2.3503,0.1612,0.2043,-0.1356,0.1015,1.9422,-1.7546,0.337,0.2452,0.6575,0.0,93.973
0.7747,-16.0877,0.0976,0.0047,0.0,0.2709,0.978,217739.98,0.3115,3.629,12.2911,1.0,0.0,0.2413,-5.0108,0.3046,0.0976,-0.3067,0.0264,54.2976,-4.4331,0.3482,0.3847,0.978,0.0,122.1673
0.785,-5.0373,0.145,0.0,0.0917,0.3917,0.4776,173942.98,0.2847,2.899,12.0665,0.0,3.0,0.2235,-1.4343,0.136,0.2367,-0.2847,0.0568,283.2153,-1.7376,0.3108,0.2683,0.785,0.0,120.8414
0.6047,-5.3369,0.0727,0.0,0.2546,0.0697,0.4827,341284.97,0.7185,5.6881,12.7405,4.0,3.0,0.4345,-3.8344,0.3468,0.3273,-0.7185,0.0051,714.6362,-0.9383,0.3147,0.2877,0.7185,0.0,118.393
0.6868,-9.2359,0.0772,0.5422,0.3513,0.0243,0.7662,141230.52,0.0581,2.3538,11.8582,0.0,2.0,0.0399,-0.5369,0.0445,0.4286,0.484,0.0019,0.107,-3.9238,0.358,0.3133,0.7662,0.0243,124.9324
0.8176,-1.357,0.0477,0.0,0.0,0.4918,0.4744,320198.97,0.6675,5.3366,12.6767,4.0,4.0,0.5458,-0.9058,0.3167,0.0477,-0.6675,0.0234,663.9744,-0.2543,0.357,0.3394,0.8176,0.0,121.7448
0.4907,-10.8229,0.0257,0.2398,0.0,0.2977,0.4987,270067.06,0.2579,4.5011,12.5064,3.0,1.0,0.1265,-2.7909,0.1286,0.0257,-0.0181,0.0077,1.071,-2.4045,0.2586,0.1977,0.4987,0.0,136.6404
0.6499,-11.1409,0.098,0.3931,0.2716,0.0243,0.3299,234419.48,0.5895,3.907,12.3649,2.0,1.0,0.3831,-6.5672,0.1945,0.3696,-0.1964,0.0024,1.4958,-2.8515,0.3366,0.2324,0.6499,0.0243,122.0023
0.7372,-1.357,0.1308,0.2468,0.0,0.1745,0.7567,161312.33,0.2217,2.6885,11.9911,0.0,4.0,0.1635,-0.3009,0.1678,0.1308,0.025,0.0228,0.8949,-0.5047,0.324,0.2997,0.7567,0.0,114.941
0.975,-4.6927,0.1912,0.4116,0.04,0.0499,0.7667,294530.6,0.7248,4.9088,12.5931,4.0,3.0,0.7067,-3.4012,0.5557,0.2311,-0.3132,0.0095,1.7566,-0.956,0.4513,0.376,0.975,0.04,75.7518
0.4913,-17.1715,0.0235,0.4488,0.0,0.2448,0.457,272492.78,0.5649,4.5415,12.5154,3.0,0.0,0.2775,-9.6996,0.2581,0.0235,-0.116,0.0058,1.2557,-3.781,0.3186,0.2312,0.5649,0.0,86.3966
0.975,-1.8669,0.188,0.0,0.0,0.0243,0.6318,232722.02,0.4957,3.8787,12.3576,2.0,4.0,0.4833,-0.9255,0.3132,0.188,-0.4957,0.0046,493.0904,-0.4813,0.3307,0.3799,0.975,0.0,100.8938
0.4849,-12.2758,0.0414,0.0,0.0,0.0677,0.3899,225656.83,0.8593,3.7609,12.3268,1.0,1.0,0.4167,-10.549,0.335,0.0414,-0.8593,0.0028,854.7519,-3.264,0.2633,0.3283,0.8593,0.0,102.0709
0.7492,-8.8665,0.0235,0.0,0.0,0.4024,0.7349,288072.4,0.4209,4.8012,12.571,3.0,2.0,0.3153,-3.7316,0.3093,0.0235,-0.4209,0.0095,418.6229,-1.8467,0.333,0.3329,0.7492,0.0,121.1046
0.4329,-13.6086,0.0235,0.0,0.3034,0.1191,0.4941,234929.81,0.6089,3.9155,12.367,2.0,0.0,0.2636,-8.2858,0.3008,0.3269,-0.6089,0.0028,605.6206,-3.4756,0.2831,0.2408,0.6089,0.0,118.5442
0.6727,-15.8548,0.0235,0.0,0.0281,0.1298,0.4467,132456.25,0.6421,2.2076,11.794,0.0,0.0,0.4319,-10.1798,0.2868,0.0516,-0.6421,0.0031,638.6436,-7.1819,0.2776,0.3009,0.6727,0.0,110.6138
0.8591,-16.3721,0.0975,0.3935,0.4902,0.0325,0.0256,340146.6,0.9451,5.6691,12.7371,4.0,0.0,0.812,-15.4738,0.0242,0.5877,-0.5516,0.0032,2.3958,-2.8879,0.4062,0.3835,0.9451,0.0256,133.2626
0.393,-8.5959,0.0552,0.2416,0.083,0.0243,0.5624,221403.55,0.8209,3.6901,12.3077,1.0,2.0,0.3226,-7.0561,0.4616,0.1383,-0.5793,0.0013,3.3834,-2.3295,0.3115,0.2984,0.8209,0.0243,139.8603
0.597,-8.8886,0.0904,0.1779,0.0,0.1658,0.9742,247739.47,0.2927,4.129,12.4201,2.0,2.0,0.1747,-2.602,0.2852,0.0904,-0.1149,0.015,1.6367,-2.1527,0.3283,0.3426,0.9742,0.0,73.2039
0.5025,-9.3475,0.0976,0.0493,0.1756,0.3186,0.8126,205795.52,0.7875,3.4299,12.2346,1.0,2.0,0.3957,-7.3608,0.6399,0.2733,-0.7382,0.0311,15.6647,-2.7253,0.392,0.3167,0.8126,0.0493,133.0234
0.7171,-10.1717,0.0235,0.254,0.0,0.1112,0.6865,186989.61,0.4159,3.1165,12.1388,1.0,1.0,0.2982,-4.2301,0.2855,0.0235,-0.1619,0.0026,1.631,-3.2638,0.3154,0.2998,0.7171,0.0,105.2689
0.6514,-11.1727,0.1767,0.0018,0.0,0.208,0.3797,250802.81,0.4965,4.18,12.4324,2.0,1.0,0.3234,-5.5469,0.1885,0.1767,-0.4946,0.0368,176.0586,-2.6729,0.2734,0.247,0.6514,0.0,79.1584
0.5088,-3.9276,0.0235,0.4558,0.0,0.1856,0.3357,216968.95,0.1835,3.6161,12.2875,1.0,4.0,0.0934,-0.7206,0.0616,0.0235,0.2724,0.0044,0.4016,-1.0861,0.2419,0.1994,0.5088,0.0,57.6312
0.7856,-8.1915,0.0235,0.434,0.0502,0.1678,0.5278,177275.42,0.1222,2.9546,12.0855,0.0,2.0,0.096,-1.001,0.0645,0.0737,0.3118,0.0039,0.2809,-2.7725,0.3016,0.2868,0.7856,0.0235,122.0526
0.605,-6.2578,0.0282,0.2329,0.0545,0.0601,0.4713,206831.0,0.8563,3.4472,12.2397,1.0,3.0,0.5181,-5.3588,0.4036,0.0828,-0.6234,0.0017,3.6613,-1.8153,0.3298,0.3219,0.8563,0.0282,141.7765
0.6385,-14.6969,0.136,0.0961,0.4059,0.1049,0.0256,181625.56,0.904,3.0271,12.1097,0.0,0.0,0.5772,-13.286,0.0231,0.5419,-0.8079,0.0143,9.3116,-4.8551,0.3301,0.3332,0.904,0.0256,98.659
0.8363,-1.357,0.0568,0.0941,0.0,0.2845,0.978,278822.75,0.6124,4.647,12.5383,3.0,4.0,0.5122,-0.831,0.5989,0.0568,-0.5183,0.0162,6.4403,-0.292,0.4089,0.3987,0.978,0.0,84.7764
0.4209,-6.7166,0.0235,0.3577,0.2363,0.3027,0.777,252890.42,0.6129,4.2148,12.4407,2.0,3.0,0.2579,-4.1164,0.4762,0.2598,-0.2552,0.0071,1.7088,-1.5936,0.3901,0.2473,0.777,0.0235,177.7169
0.4169,-1.357,0.0235,0.3067,0.0,0.2712,0.6926,141130.95,0.5643,2.3522,11.8575,0.0,4.0,0.2353,-0.7657,0.3908,0.0235,-0.2576,0.0064,1.8339,-0.5769,0.325,0.2584,0.6926,0.0,130.9791
0.7954,-2.3568,0.2371,0.2518,0.136,0.3971,0.4527,218922.72,0.4628,3.6487,12.2965,1.0,4.0,0.3681,-1.0907,0.2095,0.3731,-0.211,0.0941,1.8308,-0.6459,0.3904,0.2163,0.7954,0.136,84.0834
0.343,-1.357,0.16,0.2959,0.1456,0.2187,0.5099,324841.03,0.8793,5.414,12.6911,4.0,4.0,0.3016,-1.1932,0.4484,0.3056,-0.5834,0.035,2.9614,-0.2506,0.3646,0.2589,0.8793,0.1456,103.4846
0.5644,-14.6919,0.0681,0.4579,0.1756,0.2198,0.3711,154711.11,0.2654,2.5785,11.9493,0.0,0.0,0.1498,-3.8992,0.0985,0.2438,0.1925,0.015,0.5783,-5.6978,0.3032,0.1716,0.5644,0.0681,142.251
0.7694,-1.357,0.0235,0.2711,0.0,0.3501,0.7795,141460.53,0.3,2.3577,11.8598,0.0,4.0,0.2308,-0.4071,0.2338,0.0235,-0.0289,0.0082,1.1025,-0.5756,0.3562,0.3157,0.7795,0.0,150.5637
0.7171,-6.9672,0.0559,0.0844,0.123,0.0243,0.4478,162381.1,0.769,2.7064,11.9977,0.0,2.0,0.5514,-5.3578,0.3444,0.1789,-0.6846,0.0014,9.003,-2.5744,0.3174,0.3233,0.769,0.0243,116.3159
0.5928,-5.8928,0.0844,0.1789,0.1618,0.1757,0.557,309923.28,0.3884,5.1654,12.6441,4.0,3.0,0.2302,-2.2888,0.2164,0.2462,-0.2095,0.0148,2.1584,-1.1408,0.3056,0.2062,0.5928,0.0844,95.7745
0.826,-1.357,0.085,0.3926,0.0,0.3415,0.7038,237949.0,0.5085,3.9658,12.3798,2.0,4.0,0.42,-0.69,0.3578,0.085,-0.1159,0.029,1.2919,-0.3422,0.4082,0.3022,0.826,0.0,96.9139
0.8889,-9.3785,0.1088,0.2626,0.0517,0.2293,0.494,207915.34,0.3115,3.4653,12.2449,1.0,2.0,0.2769,-2.9211,0.1539,0.1606,-0.0489,0.025,1.1818,-2.7064,0.3353,0.283,0.8889,0.0517,180.0991
0.5625,-9.65,0.0774,0.0404,0.1689,0.3413,0.0256,232479.4,0.9444,3.8747,12.3566,2.0,1.0,0.5312,-9.1135,0.0242,0.2463,-0.904,0.0264,22.8012,-2.4905,0.3086,0.3403,0.9444,0.0256,140.4885
0.5669,-5.9442,0.1498,0.5548,0.1834,0.1881,0.5834,219718.06,0.1909,3.662,12.3001,1.0,3.0,0.1082,-1.1345,0.1114,0.3332,0.3639,0.0282,0.3434,-1.6232,0.3453,0.2092,0.5834,0.1498,78.592
0.7529,-2.5379,0.0235,0.0993,0.0,0.035,0.5928,253632.81,0.7158,4.2272,12.4436,2.0,4.0,0.5389,-1.8166,0.4243,0.0235,-0.6165,0.0008,7.14,-0.6004,0.317,0.3509,0.7529,0.0,150.3179
0.4476,-8.8794,0.1207,0.0,0.0476,0.0243,0.2528,245823.8,0.9956,4.0971,12.4124,2.0,2.0,0.4456,-8.8403,0.2517,0.1683,-0.9956,0.0029,990.2921,-2.1672,0.2698,0.3567,0.9956,0.0,99.3659
0.6464,-10.6205,0.0386,0.0309,0.0908,0.0638,0.459,275319.47,0.8734,4.5887,12.5257,3.0,1.0,0.5646,-9.2759,0.4009,0.1294,-0.8425,0.0025,27.4154,-2.3145,0.3147,0.3447,0.8734,0.0309,126.5589
0.6524,-8.8284,0.0909,0.2569,0.0767,0.3519,0.6817,211422.28,0.0683,3.5237,12.2616,1.0,2.0,0.0445,-0.6027,0.0465,0.1676,0.1887,0.032,0.2647,-2.5054,0.3113,0.2648,0.6817,0.0683,135.2775
0.3556,-5.9563,0.0433,0.4957,0.0,0.0243,0.0256,180102.55,0.6087,3.0017,12.1013,0.0,3.0,0.2165,-3.6258,0.0156,0.0433,-0.113,0.0011,1.2255,-1.9843,0.2219,0.2586,0.6087,0.0,166.2282
0.7469,-8.6649,0.0235,0.5691,0.2536,0.1811,0.4045,240432.39,0.1367,4.0072,12.3902,2.0,2.0,0.1021,-1.1848,0.0553,0.2771,0.4324,0.0043,0.2398,-2.1623,0.3308,0.2568,0.7469,0.0235,88.2054
0.73,-7.897,0.0762,0.0,0.0,0.1514,0.369,153676.72,0.4384,2.5613,11.9426,0.0,2.0,0.32,-3.462,0.1618,0.0762,-0.4384,0.0115,436.0627,-3.0832,0.2522,0.2723,0.73,0.0,131.7243
0.3556,-13.8426,0.0767,0.4532,0.42,0.2529,0.1536,178975.39,0.3375,2.9829,12.095,0.0,0.0,0.12,-4.6714,0.0518,0.4967,0.1158,0.0194,0.7429,-4.6406,0.2928,0.1388,0.4532,0.0767,148.4786
0.5722,-5.9144,0.101,0.5043,0.0,0.1741,0.978,287031.84,0.2685,4.7839,12.5674,3.0,3.0,0.1536,-1.5878,0.2626,0.101,0.2358,0.0176,0.5313,-1.2363,0.3712,0.3383,0.978,0.0,102.7334
0.6489,-8.8794,0.0235,0.3539,0.0,0.2467,0.5816,331879.97,0.2867,5.5313,12.7125,4.0,2.0,0.186,-2.5454,0.1667,0.0235,0.0672,0.0058,0.8077,-1.6053,0.3059,0.2494,0.6489,0.0,144.1674
0.8298,-17.6824,0.0872,0.1596,0.0,0.2166,0.737,250518.4,0.8181,4.1753,12.4313,2.0,0.0,0.6789,-14.4666,0.603,0.0872,-0.6585,0.0189,5.093,-4.235,0.4069,0.3702,0.8298,0.0,118.0878
0.3289,-4.9871,0.0235,0.5606,0.0788,0.1644,0.5776,157711.03,0.1369,2.6285,11.9685,0.0,3.0,0.045,-0.6826,0.0791,0.1023,0.4238,0.0039,0.2437,-1.8973,0.2672,0.2268,0.5776,0.0235,92.8645
0.8133,-12.8739,0.0235,0.1608,0.2375,0.3478,0.5913,302530.38,0.2319,5.0422,12.6199,4.0,0.0,0.1886,-2.9859,0.1371,0.261,-0.0711,0.0082,1.4336,-2.5532,0.3437,0.2713,0.8133,0.0235,83.8773
0.7116,-13.3304,0.0397,0.443,0.0969,0.4577,0.4466,189400.98,0.0449,3.1567,12.1516,1.0,0.0,0.0319,-0.5981,0.02,0.1366,0.3981,0.0182,0.1011,-4.2229,0.32,0.2606,0.7116,0.0397,110.5351
0.6461,-3.6468,0.0581,0.2987,0.0787,0.0243,0.7025,249965.34,0.4968,4.1661,12.4291,2.0,4.0,0.321,-1.8118,0.349,0.1367,-0.1981,0.0014,1.6575,-0.8754,0.3293,0.2881,0.7025,0.0243,107.698
0.7623,-1.357,0.0235,0.1635,0.2999,0.2236,0.4467,273556.22,0.5421,4.5593,12.5193,3.0,4.0,0.4133,-0.7357,0.2422,0.3234,-0.3786,0.0053,3.2954,-0.2976,0.3517,0.2504,0.7623,0.0235,66.4846
0.7066,-9.3619,0.0558,0.5537,0.1396,0.0243,0.5798,227431.73,0.0229,3.7905,12.3346,1.0,2.0,0.0162,-0.2141,0.0133,0.1954,0.5308,0.0014,0.0412,-2.4698,0.2975,0.3017,0.7066,0.0229,106.1418
0.8021,-12.5939,0.0788,0.0,0.0955,0.2502,0.5424,203651.9,0.2495,3.3942,12.2242,1.0,0.0,0.2001,-3.1417,0.1353,0.1743,-0.2495,0.0197,248.1366,-3.7104,0.2884,0.2874,0.8021,0.0,117.9347
0.4659,-13.4845,0.047,0.2879,0.2023,0.0243,0.4186,287833.53,0.716,4.7972,12.5701,3.0,0.0,0.3336,-9.6549,0.2997,0.2493,-0.4281,0.0011,2.4787,-2.8109,0.3088,0.2462,0.716,0.0243,95.7477
0.7048,-5.9437,0.0235,0.3239,0.0,0.3535,0.3635,127900.73,0.0395,2.1317,11.759,0.0,3.0,0.0278,-0.2346,0.0143,0.0235,0.2844,0.0083,0.1215,-2.7883,0.2584,0.2561,0.7048,0.0,100.2805
0.5397,-9.5696,0.0235,0.5674,0.1038,0.2436,0.5275,221255.9,0.1575,3.6876,12.3071,1.0,2.0,0.085,-1.5069,0.0831,0.1273,0.4099,0.0057,0.277,-2.5951,0.309,0.2304,0.5674,0.0235,118.6025
0.439,-7.9888,0.0744,0.0,0.1835,0.2438,0.6916,220147.36,0.2766,3.6691,12.3021,1.0,2.0,0.1214,-2.2097,0.1913,0.2579,-0.2766,0.0181,275.1253,-2.1773,0.2727,0.233,0.6916,0.0,131.1228
0.5709,-2.7856,0.0828,0.4533,0.0,0.0243,0.9244,159973.23,0.638,2.6662,11.9828,0.0,4.0,0.3642,-1.7772,0.5897,0.0828,-0.1847,0.002,1.4042,-1.0448,0.3848,0.3568,0.9244,0.0,150.7512
0.4481,-12.0776,0.0646,0.1869,0.0427,0.1778,0.4671,269958.84,0.2715,4.4993,12.506,3.0,1.0,0.1217,-3.2795,0.1268,0.1073,-0.0846,0.0115,1.4449,-2.6843,0.237,0.1694,0.4671,0.0427,100.0296
0.5229,-10.9774,0.0235,0.4099,0.0,0.2748,0.3416,182782.5,0.0896,3.0464,12.1161,0.0,1.0,0.0469,-0.9836,0.0306,0.0235,0.3203,0.0065,0.2181,-3.6034,0.2375,0.2031,0.5229,0.0,122.3264
0.4255,-6.6363,0.0235,0.4713,0.0,0.0565,0.8695,241318.98,0.7727,4.022,12.3939,2.0,3.0,0.3287,-5.1276,0.6718,0.0235,-0.3013,0.0013,1.6358,-1.65,0.3741,0.3606,0.8695,0.0,155.5183
0.6837,-6.874,0.0836,0.2944,0.1524,0.2258,0.5697,122356.79,0.3964,2.0393,11.7147,0.0,3.0,0.271,-2.7249,0.2258,0.236,-0.102,0.0189,1.3418,-3.3708,0.3437,0.2199,0.6837,0.0836,163.473
0.975,-16.9839,0.0235,0.0396,0.0,0.2577,0.4548,273653.62,0.7448,4.5609,12.5196,3.0,0.0,0.7262,-12.6496,0.3387,0.0235,-0.7052,0.0061,18.3258,-3.7238,0.3565,0.3854,0.975,0.0,114.4481
0.5041,-6.329,0.0235,0.5277,0.0,0.3878,0.0256,246833.89,0.8573,4.1139,12.4165,2.0,3.0,0.4322,-5.426,0.0219,0.0235,-0.3296,0.0091,1.6216,-1.5384,0.3323,0.3282,0.8573,0.0,113.6794
0.6947,-18.6517,0.0235,0.995,0.0,0.0829,0.0256,149871.58,0.1613,2.4979,11.9175,0.0,0.0,0.112,-3.0079,0.0041,0.0235,0.8337,0.0019,0.1619,-7.4671,0.2833,0.3969,0.995,0.0,102.3109
0.7638,-4.723,0.0746,0.1789,0.2148,0.3639,0.233,229648.69,0.4245,3.8275,12.3443,1.0,3.0,0.3242,-2.0047,0.0989,0.2894,-0.2456,0.0271,2.3598,-1.234,0.3219,0.2268,0.7638,0.0746,131.6838
0.8117,-6.9459,0.0235,0.1718,0.2836,0.1849,0.2845,271377.88,0.5446,4.523,12.5113,3.0,2.0,0.442,-3.7827,0.1549,0.3071,-0.3728,0.0043,3.152,-1.5357,0.3292,0.2653,0.8117,0.0235,111.2938
0.7623,-11.9035,0.0318,0.1205,0.3089,0.0243,0.4195,242371.44,0.6113,4.0395,12.3982,2.0,1.0,0.466,-7.277,0.2565,0.3407,-0.4908,0.0008,5.0308,-2.9468,0.3255,0.2889,0.7623,0.0243,107.6502
0.6375,-9.665,0.182,0.3906,0.0,0.1199,0.4467,234860.55,0.1319,3.9143,12.3668,2.0,1.0,0.0841,-1.2745,0.0589,0.182,0.2588,0.0218,0.3367,-2.4691,0.2727,0.2247,0.6375,0.0,131.0708
0.5737,-11.8601,0.0235,0.0722,0.0,0.1265,0.7409,299287.47,0.9316,4.9881,12.6092,4.0,1.0,0.5345,-11.0489,0.6902,0.0235,-0.8594,0.003,12.7354,-2.3777,0.3526,0.3867,0.9316,0.0,104.9255
0.4129,-10.8188,0.0549,0.0,0.0,0.0243,0.2966,249995.8,0.9527,4.1666,12.4292,2.0,1.0,0.3933,-10.3074,0.2826,0.0549,-0.9527,0.0013,947.6539,-2.5966,0.2488,0.3504,0.9527,0.0,87.8385
0.561,-16.6765,0.0235,0.0,0.0783,0.1678,0.7735,299094.5,0.4369,4.9849,12.6085,4.0,0.0,0.2451,-7.2854,0.3379,0.1018,-0.4369,0.0039,434.5376,-3.3454,0.2916,0.301,0.7735,0.0,143.5456
0.5618,-5.6651,0.0235,0.2077,0.0,0.3425,0.3795,308870.25,0.8451,5.1478,12.6407,4.0,3.0,0.4748,-4.7877,0.3208,0.0235,-0.6374,0.008,4.049,-1.1005,0.3372,0.2998,0.8451,0.0,142.3852
0.5079,-1.357,0.0395,0.4842,0.3944,0.0698,0.3713,292824.5,0.9419,4.8804,12.5873,4.0,4.0,0.4784,-1.2782,0.3497,0.4339,-0.4577,0.0028,1.9412,-0.2781,0.4013,0.3034,0.9419,0.0395,116.4136
0.6966,-1.357,0.0762,0.2187,0.2736,0.1896,0.5084,251694.4,0.4836,4.1949,12.436,2.0,4.0,0.3369,-0.6562,0.2459,0.3499,-0.2649,0.0145,2.2008,-0.3235,0.3495,0.2186,0.6966,0.0762,103.6482
0.4636,-14.9477,0.1312,0.3489,0.1725,0.1349,0.6088,203565.33,0.0395,3.3928,12.2237,1.0,0.0,0.0183,-0.5899,0.024,0.3037,0.3094,0.0177,0.1128,-4.4058,0.2713,0.2076,0.6088,0.0395,144.6521
0.3575,-20.1059,0.2214,0.3549,0.319,0.2508,0.4537,217417.23,0.3179,3.6236,12.2896,1.0,0.0,0.1136,-6.391,0.1442,0.5405,0.037,0.0555,0.8932,-5.5486,0.325,0.0762,0.4537,0.2214,122.509
0.7465,-1.357,0.1467,0.1334,0.3229,0.1645,0.0256,230298.23,0.8683,3.8383,12.3471,2.0,4.0,0.6482,-1.1783,0.0222,0.4696,-0.7349,0.0241,6.46,-0.3535,0.344,0.3302,0.8683,0.0256,74.9547
0.6738,-1.357,0.0235,0.0,0.2736,0.3924,0.3474,117419.21,0.3977,1.957,11.6735,0.0,4.0,0.268,-0.5397,0.1382,0.2971,-0.3977,0.0092,395.6128,-0.6934,0.3012,0.2335,0.6738,0.0,100.273
0.9147,-3.6445,0.0718,0.7356,0.3368,0.2478,0.6331,227045.4,0.3827,3.7841,12.3329,1.0,4.0,0.35,-1.3946,0.2423,0.4087,0.3529,0.0178,0.5195,-0.9631,0.4747,0.2966,0.9147,0.0718,119.2071
0.7374,-12.1666,0.0235,0.5674,0.0,0.2916,0.3613,179973.48,0.0498,2.9996,12.1006,0.0,1.0,0.0367,-0.6059,0.018,0.0235,0.5176,0.0069,0.0876,-4.0561,0.2901,0.2872,0.7374,0.0,81.8394
0.6381,-10.4266,0.0987,0.0,0.0,0.1538,0.6568,136430.22,0.9557,2.2738,11.8236,0.0,1.0,0.6098,-9.9644,0.6277,0.0987,-0.9557,0.0152,950.5716,-4.5855,0.3576,0.3852,0.9557,0.0,76.5469
0.5025,-3.5983,0.0235,0.4476,0.0584,0.0964,0.5589,206029.6,0.4938,3.4338,12.2358,1.0,4.0,0.2481,-1.7768,0.276,0.0819,-0.0462,0.0023,1.1008,-1.0479,0.3116,0.239,0.5589,0.0235,108.8921
0.7959,-5.2427,0.2073,0.0,0.0,0.0243,0.9041,242340.33,0.2748,4.039,12.3981,2.0,3.0,0.2187,-1.4407,0.2485,0.2073,-0.2748,0.005,273.3349,-1.298,0.3152,0.3818,0.9041,0.0,108.6477
0.63,-5.3669,0.1504,0.0617,0.2959,0.0243,0.2326,204087.48,0.5598,3.4015,12.2263,1.0,3.0,0.3527,-3.0044,0.1302,0.4463,-0.4981,0.0037,8.9315,-1.5778,0.2792,0.2356,0.63,0.0243,110.8221
0.3549,-15.6875,0.1302,0.196,0.0502,0.1401,0.4796,177814.36,0.5697,2.9636,12.0885,0.0,0.0,0.2022,-8.9367,0.2732,0.1804,-0.3737,0.0182,2.8916,-5.2935,0.2744,0.1962,0.5697,0.0502,120.1103
0.4445,-10.9149,0.1424,0.0,0.0,0.239,0.0256,253732.22,0.7693,4.2289,12.444,2.0,1.0,0.342,-8.3972,0.0197,0.1424,-0.7693,0.034,765.2317,-2.581,0.2315,0.2864,0.7693,0.0,117.1071
0.3485,-7.6191,0.0769,0.0,0.0,0.3358,0.5709,271399.2,0.4655,4.5233,12.5114,3.0,2.0,0.1622,-3.5464,0.2657,0.0769,-0.4655,0.0258,462.9851,-1.6844,0.2568,0.2313,0.5709,0.0,64.3642
0.4028,-11.2301,0.0867,0.0226,0.0743,0.3345,0.978,275416.8,0.7609,4.5903,12.526,3.0,1.0,0.3064,-8.5446,0.7441,0.161,-0.7383,0.029,32.2786,-2.4465,0.38,0.368,0.978,0.0226,77.0171
0.6279,-9.5966,0.0235,0.7662,0.0,0.2359,0.5551,294767.6,0.1795,4.9128,12.5939,4.0,1.0,0.1127,-1.7223,0.0996,0.0235,0.5867,0.0055,0.2339,-1.9534,0.3411,0.3064,0.7662,0.0,101.2704
0.6245,-10.2378,0.0822,0.382,0.1058,0.1069,0.6428,137741.03,0.0578,2.2957,11.8331,0.0,1.0,0.0361,-0.5917,0.0372,0.1881,0.3242,0.0088,0.1509,-4.4596,0.286,0.2612,0.6428,0.0578,119.355
0.7376,-12.7626,0.0976,0.0936,0.1146,0.0734,0.4463,248690.45,0.2925,4.1448,12.424,2.0,0.0,0.2157,-3.7326,0.1305,0.2122,-0.1989,0.0072,3.0915,-3.0791,0.2651,0.2496,0.7376,0.0734,158.6149
0.5671,-11.5349,0.0872,0.7264,0.0,0.1802,0.7643,225851.42,0.1917,3.7642,12.3276,1.0,1.0,0.1087,-2.2109,0.1465,0.0872,0.5347,0.0157,0.2635,-3.0644,0.3595,0.3176,0.7643,0.0,130.3782
0.6887,-10.8365,0.0235,0.6208,0.013,0.2428,0.5923,215964.55,0.0393,3.5994,12.2829,1.0,1.0,0.0271,-0.4262,0.0233,0.0365,0.5815,0.0057,0.0633,-3.0106,0.3172,0.3075,0.6887,0.013,140.2286
0.6089,-4.9528,0.056,0.0,0.0,0.1667,0.5711,241803.34,0.9089,4.0301,12.3959,2.0,3.0,0.5535,-4.5018,0.5191,0.056,-0.9089,0.0093,904.0874,-1.229,0.3302,0.363,0.9089,0.0,99.0579
0.4331,-10.9023,0.2371,0.0,0.1267,0.0243,0.4159,239171.53,0.9863,3.9862,12.3849,2.0,1.0,0.4272,-10.7526,0.4102,0.3638,-0.9863,0.0058,981.0085,-2.735,0.3176,0.3415,0.9863,0.0,97.9132
0.4254,-1.357,0.0235,0.316,0.0,0.2819,0.5392,210433.81,0.844,3.5072,12.2569,1.0,4.0,0.3591,-1.1453,0.4551,0.0235,-0.528,0.0066,2.6628,-0.3869,0.3471,0.2945,0.844,0.0,83.8705
0.7535,-6.1247,0.0235,0.4187,0.0236,0.0559,0.278,164465.61,0.8353,2.7411,12.0105,0.0,3.0,0.6294,-5.1158,0.2322,0.0471,-0.4165,0.0013,1.99,-2.2344,0.3412,0.3433,0.8353,0.0235,89.1698
0.3731,-13.1624,0.0807,0.5179,0.3722,0.0743,0.6429,282376.38,0.2713,4.7063,12.551,3.0,0.0,0.1012,-3.5705,0.1744,0.4529,0.2466,0.006,0.5228,-2.7968,0.3332,0.2113,0.6429,0.0743,138.1848
0.6502,-15.0343,0.0235,0.528,0.0,0.0434,0.8674,226471.39,0.9358,3.7745,12.3304,1.0,0.0,0.6084,-14.0691,0.8117,0.0235,-0.4078,0.001,1.7691,-3.9831,0.4355,0.4092,0.9358,0.0,125.2164
0.8026,-9.8785,0.0806,0.3284,0.0,0.0243,0.2457,227025.38,0.5409,3.7838,12.3328,1.0,1.0,0.4341,-5.343,0.1329,0.0806,-0.2124,0.002,1.6418,-2.6108,0.2889,0.2966,0.8026,0.0,132.4677
0.6769,-12.565,0.1936,0.0,0.1559,0.2437,0.2941,204418.67,0.4559,3.407,12.2279,1.0,0.0,0.3086,-5.728,0.1341,0.3495,-0.4559,0.0472,453.4362,-3.688,0.2886,0.2201,0.6769,0.0,138.2016
0.5822,-6.3414,0.127,0.1575,0.0,0.1906,0.8342,250880.69,0.9393,4.1813,12.4327,2.0,3.0,0.5469,-5.9567,0.7836,0.127,-0.7818,0.0242,5.9251,-1.5166,0.4044,0.3763,0.9393,0.0,147.0085
0.975,-13.183,0.0235,0.0,0.0949,0.1538,0.4818,213464.78,0.7299,3.5577,12.2712,1.0,0.0,0.7116,-9.6218,0.3517,0.1184,-0.7299,0.0036,725.9754,-3.7054,0.3513,0.384,0.975,0.0,127.7878
0.5474,-4.8763,0.0235,0.0,0.0,0.4899,0.865,314858.56,0.4889,5.2476,12.6599,4.0,3.0,0.2676,-2.3839,0.4229,0.0235,-0.4889,0.0115,486.2603,-0.9292,0.3449,0.3402,0.865,0.0,166.5428
0.4335,-3.7786,0.1429,0.0,0.3688,0.034,0.6347,264281.4,0.9436,4.4047,12.4848,3.0,4.0,0.4091,-3.5655,0.5989,0.5117,-0.9436,0.0049,938.5693,-0.8579,0.3654,0.3426,0.9436,0.0,137.3601
0.7799,-8.8583,0.1561,0.1719,0.0982,0.14,0.6241,162625.67,0.1246,2.7104,11.9992,0.0,2.0,0.0972,-1.1037,0.0778,0.2543,0.0473,0.0219,0.7205,-3.2682,0.2993,0.2797,0.7799,0.0982,121.4819
0.6316,-12.0515,0.1357,0.2466,0.0748,0.3487,0.7192,266933.44,0.1645,4.4489,12.4948,3.0,1.0,0.1039,-1.9829,0.1183,0.2106,0.0821,0.0473,0.6645,-2.7089,0.3316,0.2516,0.7192,0.0748,117.8944
0.5397,-7.4726,0.0235,0.7154,0.1048,0.3045,0.6338,241599.92,0.4055,4.0267,12.395,2.0,2.0,0.2188,-3.0299,0.257,0.1283,0.3099,0.0072,0.566,-1.8558,0.3896,0.2617,0.7154,0.0235,155.4047
0.5719,-10.4437,0.0235,0.3255,0.1231,0.0784,0.3416,180698.22,0.1802,3.0116,12.1046,0.0,1.0,0.1031,-1.882,0.0616,0.1466,0.1453,0.0018,0.5519,-3.4678,0.2349,0.1906,0.5719,0.0235,112.2546
0.6015,-5.1719,0.0235,0.2289,0.0,0.2689,0.5466,147833.36,0.4386,2.4639,11.9038,0.0,3.0,0.2638,-2.2684,0.2397,0.0235,-0.2097,0.0063,1.9077,-2.0991,0.3012,0.2392,0.6015,0.0,116.7826
0.8284,-1.357,0.0697,0.3067,0.0865,0.1859,0.7375,185710.84,0.2835,3.0952,12.132,1.0,4.0,0.2348,-0.3847,0.2091,0.1563,0.0232,0.013,0.9214,-0.4384,0.3569,0.3055,0.8284,0.0697,79.8455
0.8785,-12.8592,0.1712,0.6054,0.1134,0.2036,0.978,212431.0,0.1078,3.5405,12.2664,1.0,0.0,0.0947,-1.3862,0.1054,0.2845,0.4976,0.0348,0.1778,-3.632,0.4368,0.3773,0.978,0.1078,142.4316
0.6801,-8.9813,0.136,0.2316,0.0,0.1815,0.7721,332357.84,0.2704,5.5393,12.714,4.0,2.0,0.1839,-2.4285,0.2088,0.136,-0.0388,0.0247,1.1623,-1.6214,0.3245,0.2886,0.7721,0.0,82.5401
0.6825,-12.8902,0.0727,0.487,0.3595,0.1638,0.7305,237825.17,0.0119,3.9638,12.3793,2.0,0.0,0.0081,-0.1538,0.0087,0.4323,0.4751,0.0119,0.0245,-3.252,0.3583,0.2885,0.7305,0.0119,125.5032
0.6422,-1.357,0.0235,0.222,0.0812,0.2567,0.7416,182305.86,0.2448,3.0384,12.1134,0.0,4.0,0.1572,-0.3322,0.1815,0.1047,-0.0228,0.006,1.0978,-0.4466,0.316,0.2725,0.7416,0.0235,141.558
0.8176,-7.2638,0.0748,0.1739,0.4914,0.0243,0.6468,300695.72,0.7394,5.0116,12.6139,4.0,2.0,0.6045,-5.3708,0.4782,0.5662,-0.5655,0.0018,4.2274,-1.4494,0.424,0.3298,0.8176,0.0243,113.8597
0.5978,-11.2513,0.0235,0.106,0.0,0.3556,0.6687,221651.81,0.2535,3.6942,12.3089,1.0,1.0,0.1515,-2.8518,0.1695,0.0235,-0.1475,0.0084,2.3693,-3.0457,0.2864,0.2686,0.6687,0.0,86.7515
0.6624,-19.9612,0.0782,0.1415,0.0,0.1811,0.3684,272861.97,0.2888,4.5477,12.5167,3.0,0.0,0.1913,-5.7648,0.1064,0.0782,-0.1473,0.0142,2.0266,-4.3893,0.2458,0.2214,0.6624,0.0,127.0892
0.5376,-6.6434,0.1113,0.374,0.1389,0.2359,0.6813,290718.44,0.2527,4.8453,12.5801,3.0,3.0,0.1358,-1.6786,0.1721,0.2502,0.1213,0.0263,0.6738,-1.3711,0.3331,0.2112,0.6813,0.1113,99.09
0.4843,-5.9969,0.0235,0.5274,0.2714,0.252,0.3497,254801.05,0.7076,4.2467,12.4482,2.0,3.0,0.3427,-4.2434,0.2475,0.2949,-0.1802,0.0059,1.3391,-1.4121,0.3737,0.222,0.7076,0.0235,134.3131
0.9077,-6.3239,0.0235,0.995,0.0,0.2686,0.5326,213968.08,0.5739,3.5661,12.2736,1.0,3.0,0.5209,-3.6295,0.3057,0.0235,0.4211,0.0063,0.5762,-1.7733,0.4716,0.3964,0.995,0.0,133.8218
0.6458,-9.9948,0.224,0.3959,0.224,0.1609,0.6678,344612.88,0.0649,5.7435,12.7502,4.0,1.0,0.0419,-0.6483,0.0433,0.4479,0.331,0.036,0.1634,-1.7402,0.3405,0.2376,0.6678,0.0649,100.1575
0.4025,-2.8563,0.0371,0.1245,0.0,0.0321,0.2648,225751.17,0.6699,3.7625,12.3272,1.0,4.0,0.2696,-1.9135,0.1774,0.0371,-0.5454,0.0012,5.3381,-0.7591,0.2187,0.2463,0.6699,0.0,121.0966
0.975,-15.1417,0.0749,0.6429,0.0666,0.2134,0.7662,233808.05,0.0114,3.8968,12.3623,2.0,0.0,0.0111,-0.1726,0.0087,0.1415,0.6315,0.016,0.0177,-3.8857,0.3929,0.3929,0.975,0.0114,108.9797
0.6024,-10.7237,0.0665,0.0,0.0,0.1157,0.2938,301319.2,0.4955,5.022,12.6159,4.0,1.0,0.2985,-5.3132,0.1456,0.0665,-0.4955,0.0077,492.8252,-2.1353,0.2248,0.2445,0.6024,0.0,105.6455
0.4849,-1.357,0.0235,0.0,0.2626,0.1668,0.6478,220957.08,0.9463,3.6826,12.3057,1.0,4.0,0.4589,-1.2842,0.613,0.2861,-0.9463,0.0039,941.288,-0.3685,0.3617,0.3492,0.9463,0.0,121.3752
0.7694,-7.2917,0.0362,0.0664,0.0669,0.2964,0.3095,214848.61,0.5884,3.5808,12.2777,1.0,2.0,0.4527,-4.2904,0.1821,0.1031,-0.522,0.0107,8.7257,-2.0363,0.3048,0.2834,0.7694,0.0362,81.0405
0.6523,-3.7724,0.1478,0.2228,0.2717,0.3713,0.0256,134550.52,0.8911,2.2425,11.8097,0.0,4.0,0.5813,-3.3617,0.0228,0.4194,-0.6684,0.0549,3.9822,-1.6822,0.3689,0.3029,0.8911,0.0256,98.2999
0.6044,-10.1769,0.0949,0.3338,0.2619,0.0565,0.3525,180956.3,0.2069,3.0159,12.106,0.0,1.0,0.1251,-2.1059,0.0729,0.3568,0.1269,0.0054,0.6181,-3.3744,0.273,0.1839,0.6044,0.0565,108.8259
0.77,-12.5693,0.0549,0.2703,0.0326,0.1295,0.9431,290618.44,0.2826,4.8436,12.5798,3.0,0.0,0.2176,-3.5521,0.2665,0.0875,-0.0123,0.0071,1.0415,-2.595,0.3547,0.3595,0.9431,0.0326,120.1348
0.9574,-7.4564,0.0235,0.3701,0.2935,0.0842,0.3513,247071.92,0.5908,4.1179,12.4174,2.0,2.0,0.5656,-4.4053,0.2075,0.317,-0.2207,0.002,1.5921,-1.8108,0.3815,0.3164,0.9574,0.0235,83.7323
0.6522,-10.9357,0.0717,0.5917,0.3238,0.1916,0.978,234552.42,0.2199,3.9092,12.3654,2.0,1.0,0.1434,-2.4044,0.215,0.3954,0.3718,0.0137,0.371,-2.7974,0.4327,0.3205,0.978,0.0717,119.1087
0.3524,-6.6978,0.1557,0.3684,0.0,0.3824,0.6223,180698.22,0.7405,3.0116,12.1046,0.0,3.0,0.261,-4.9595,0.4608,0.1557,-0.372,0.0596,2.0043,-2.224,0.3745,0.253,0.7405,0.0,152.2472
0.5239,-13.1624,0.0235,0.2268,0.0,0.2731,0.5613,313988.78,0.3322,5.2331,12.6571,4.0,0.0,0.174,-4.3726,0.1865,0.0235,-0.1054,0.0064,1.4585,-2.5152,0.2772,0.2192,0.5613,0.0,106.6724
0.6642,-15.7,0.1268,0.268,0.0,0.1647,0.3278,259564.52,0.5275,4.3261,12.4668,3.0,0.0,0.3504,-8.2812,0.1729,0.1268,-0.2595,0.0209,1.9611,-3.6291,0.297,0.2325,0.6642,0.0,122.3102
0.7969,-7.1204,0.1277,0.4778,0.0822,0.1918,0.7615,213960.0,0.3323,3.566,12.2735,1.0,2.0,0.2648,-2.3664,0.2531,0.21,0.1455,0.0245,0.694,-1.9968,0.3958,0.2936,0.7969,0.0822,148.0474
0.8285,-9.597,0.1152,0.0,0.0962,0.1113,0.4723,332510.62,0.9183,5.5418,12.7144,4.0,1.0,0.7608,-8.8133,0.4337,0.2114,-0.9183,0.0128,913.4373,-1.7317,0.3631,0.3796,0.9183,0.0,119.8117
0.8283,-15.2829,0.0235,0.1056,0.0,0.3378,0.8377,302316.7,0.846,5.0386,12.6192,4.0,0.0,0.7007,-12.9293,0.7087,0.0235,-0.7404,0.0079,7.9365,-3.0332,0.4256,0.4003,0.846,0.0,70.526
0.3546,-8.5937,0.1567,0.235,0.0,0.0243,0.8106,243583.52,0.7565,4.0597,12.4032,2.0,2.0,0.2682,-6.5008,0.6132,0.1567,-0.5214,0.0038,3.2051,-2.1168,0.334,0.3303,0.8106,0.0,162.8108
0.5341,-9.8194,0.0235,0.271,0.3538,0.2581,0.6747,327541.8,0.1298,5.459,12.6994,4.0,1.0,0.0693,-1.2746,0.0876,0.3773,0.1412,0.0061,0.4772,-1.7987,0.3207,0.2248,0.6747,0.0235,110.4402
0.4517,-5.7152,0.0235,0.146,0.0,0.161,0.8543,263410.8,0.8908,4.3902,12.4815,3.0,3.0,0.4023,-5.0911,0.761,0.0235,-0.7448,0.0038,6.0608,-1.3018,0.361,0.3792,0.8908,0.0,195.3738
0.3919,-9.1714,0.0918,0.0518,0.2564,0.251,0.4479,143421.69,0.5393,2.3904,11.8736,0.0,2.0,0.2113,-4.9458,0.2416,0.3482,-0.4874,0.023,10.2084,-3.8368,0.29,0.1808,0.5393,0.0518,115.5824
0.8288,-10.2951,0.1225,0.995,0.0018,0.0243,0.574,161221.88,0.5474,2.687,11.9905,0.0,1.0,0.4537,-5.6355,0.3142,0.1244,0.4476,0.003,0.5496,-3.8314,0.442,0.3988,0.995,0.0018,158.2774
0.6987,-7.8371,0.0235,0.2329,0.0,0.0787,0.764,304481.84,0.5913,5.0747,12.6264,4.0,2.0,0.4132,-4.6344,0.4518,0.0235,-0.3584,0.0018,2.5276,-1.5444,0.3413,0.3335,0.764,0.0,104.9446
0.6459,-5.9774,0.1148,0.3396,0.2644,0.2145,0.6946,230716.06,0.3116,3.8453,12.3489,2.0,3.0,0.2012,-1.8626,0.2164,0.3792,0.028,0.0246,0.9148,-1.5545,0.3693,0.2184,0.6946,0.1148,145.5239
0.5661,-6.6448,0.0235,0.0,0.0,0.1165,0.4169,225037.9,0.726,3.7506,12.324,1.0,3.0,0.411,-4.8242,0.3026,0.0235,-0.726,0.0027,722.1294,-1.7717,0.2641,0.302,0.726,0.0,118.6552
0.6669,-5.857,0.0235,0.3071,0.367,0.1814,0.8484,218812.06,0.5385,3.6469,12.296,1.0,3.0,0.3591,-3.1538,0.4568,0.3905,-0.2314,0.0043,1.7478,-1.606,0.419,0.2853,0.8484,0.0235,140.678
0.6089,-8.2968,0.0235,0.0,0.189,0.3556,0.4559,259995.78,0.6381,4.3333,12.4684,3.0,2.0,0.3886,-5.2945,0.2909,0.2125,-0.6381,0.0084,634.7312,-1.9147,0.3244,0.262,0.6381,0.0,121.1153
0.699,-15.8361,0.073,0.0927,0.207,0.0243,0.5734,207057.73,0.7643,3.451,12.2408,1.0,0.0,0.5342,-12.103,0.4382,0.28,-0.6715,0.0018,8.1545,-4.5889,0.3477,0.3196,0.7643,0.0243,135.5839
0.5578,-5.6644,0.0836,0.1369,0.4907,0.181,0.978,227949.72,0.6744,3.7992,12.3369,1.0,3.0,0.3762,-3.8201,0.6596,0.5743,-0.5375,0.0151,4.891,-1.491,0.4432,0.3283,0.978,0.0836,126.9194
0.5618,-5.7489,0.1101,0.5522,0.0725,0.1785,0.5735,216445.84,0.1726,3.6074,12.2851,1.0,3.0,0.097,-0.9923,0.099,0.1827,0.3796,0.0197,0.312,-1.5936,0.3173,0.2323,0.5735,0.0725,98.6481
0.7091,-4.5018,0.0581,0.0,0.0,0.0243,0.7606,254830.52,0.6422,4.2472,12.4484,2.0,3.0,0.4554,-2.8911,0.4884,0.0581,-0.6422,0.0014,638.7762,-1.06,0.3135,0.3674,0.7606,0.0,116.5347
0.5696,-11.2764,0.0827,0.2544,0.2479,0.2056,0.4702,241538.97,0.3899,4.0256,12.3948,2.0,1.0,0.2221,-4.3963,0.1833,0.3307,-0.1354,0.017,1.5263,-2.8011,0.3172,0.1676,0.5696,0.0827,123.3482
0.89,-11.0376,0.0809,0.258,0.0501,0.0243,0.4718,327725.5,0.5175,5.4621,12.6999,4.0,1.0,0.4605,-5.7116,0.2442,0.131,-0.2595,0.002,1.9982,-2.0208,0.3275,0.3183,0.89,0.0243,135.4629
0.819,-3.661,0.125,0.9125,0.0977,0.0243,0.7372,217545.98,0.4185,3.6258,12.2902,1.0,4.0,0.3427,-1.532,0.3085,0.2227,0.494,0.003,0.4581,-1.0097,0.4477,0.3751,0.9125,0.0243,91.7864
0.7067,-6.9452,0.0587,0.1479,0.242,0.3245,0.0256,135829.98,0.9374,2.2638,11.8192,0.0,2.0,0.6624,-6.5104,0.024,0.3007,-0.7895,0.019,6.2943,-3.0679,0.349,0.3453,0.9374,0.0256,119.9532
0.5589,-11.2912,0.0477,0.3699,0.0,0.1948,0.8672,135555.73,0.2979,2.2593,11.8171,0.0,1.0,0.1665,-3.3633,0.2583,0.0477,0.072,0.0093,0.8032,-4.9977,0.3338,0.3029,0.8672,0.0,148.1449
0.3331,-9.6339,0.1529,0.0,0.0,0.3008,0.6628,300514.1,0.6088,5.0086,12.6133,4.0,1.0,0.2028,-5.8651,0.4035,0.1529,-0.6088,0.046,605.5542,-1.9235,0.2941,0.2675,0.6628,0.0,104.7776
0.5054,-10.5873,0.055,0.3488,0.2949,0.3546,0.5431,247080.42,0.1184,4.118,12.4175,2.0,1.0,0.0598,-1.2535,0.0643,0.3499,0.2304,0.0195,0.3384,-2.571,0.3172,0.1815,0.5431,0.055,125.73
0.4906,-13.7882,0.0975,0.0,0.0,0.2937,0.3513,227947.86,0.3762,3.7991,12.3369,1.0,0.0,0.1846,-5.1871,0.1322,0.0975,-0.3762,0.0286,374.1943,-3.6293,0.2299,0.1964,0.4906,0.0,114.7076
0.6735,-13.8821,0.1827,0.6075,0.2535,0.1513,0.7627,235931.88,0.0057,3.9322,12.3713,2.0,0.0,0.0039,-0.0796,0.0044,0.4362,0.6018,0.0277,0.0094,-3.5304,0.3767,0.2976,0.7627,0.0057,123.3711
0.5271,-13.4906,0.0235,0.0782,0.3028,0.2256,0.9277,173376.89,0.5125,2.8896,12.0632,0.0,0.0,0.2701,-6.9135,0.4754,0.3263,-0.4342,0.0053,6.4687,-4.6686,0.371,0.3127,0.9277,0.0235,136.2582
0.4766,-13.6395,0.1614,0.0996,0.066,0.0243,0.4516,271791.06,0.5697,4.5299,12.5128,3.0,0.0,0.2715,-7.77,0.2573,0.2274,-0.4701,0.0039,5.6625,-3.011,0.2642,0.2266,0.5697,0.0243,139.9296
0.5969,-17.007,0.0507,0.0,0.0,0.2611,0.7866,234914.8,0.6144,3.9152,12.367,2.0,0.0,0.3667,-10.4491,0.4833,0.0507,-0.6144,0.0132,611.1244,-4.3438,0.33,0.3319,0.7866,0.0,112.1677
0.7346,-6.5836,0.1049,0.4817,0.0729,0.3201,0.7427,308027.5,0.0639,5.1338,12.6379,4.0,3.0,0.047,-0.4209,0.0475,0.1777,0.4178,0.0336,0.1324,-1.2824,0.3601,0.2996,0.7427,0.0639,117.9923
0.4667,-8.6108,0.0979,0.2403,0.0,0.0243,0.7923,262962.62,0.7394,4.3827,12.4798,3.0,2.0,0.3451,-6.3668,0.5859,0.0979,-0.4991,0.0024,3.064,-1.9647,0.3373,0.3327,0.7923,0.0,138.7436
0.4446,-13.0676,0.0235,0.1167,0.0,0.1009,0.6987,241803.75,0.8598,4.0301,12.3959,2.0,0.0,0.3823,-11.2355,0.6008,0.0235,-0.7431,0.0024,7.3029,-3.2425,0.3206,0.3488,0.8598,0.0,139.9296
0.5844,-6.5476,0.0964,0.3034,0.1649,0.1881,0.7882,290183.78,0.5524,4.8364,12.5783,3.0,3.0,0.3228,-3.6169,0.4354,0.2613,-0.249,0.0181,1.8147,-1.3538,0.3825,0.2606,0.7882,0.0964,134.7073
0.8676,-9.0743,0.0235,0.4924,0.106,0.2501,0.2619,274055.53,0.1079,4.5676,12.5211,3.0,2.0,0.0936,-0.9788,0.0283,0.1295,0.3846,0.0059,0.2186,-1.9867,0.3013,0.2927,0.8676,0.0235,129.9638
0.6488,-7.8464,0.1035,0.3726,0.205,0.0476,0.5039,216869.78,0.7409,3.6145,12.2871,1.0,2.0,0.4806,-5.8131,0.3733,0.3086,-0.3683,0.0049,1.983,-2.1708,0.3746,0.2693,0.7409,0.0476,126.4667
0.5697,-8.0747,0.0701,0.2708,0.0,0.2937,0.0256,244435.56,0.9361,4.0739,12.4067,2.0,2.0,0.5333,-7.559,0.024,0.0701,-0.6654,0.0206,3.4445,-1.982,0.3094,0.3405,0.9361,0.0,99.4684
0.53,-17.1736,0.0235,0.0,0.0,0.2173,0.7066,226179.1,0.9961,3.7697,12.3291,1.0,0.0,0.5279,-17.1071,0.7039,0.0235,-0.9961,0.0051,990.8225,-4.5557,0.3534,0.3971,0.9961,0.0,118.4647
0.4876,-15.2677,0.0235,0.0087,0.0696,0.163,0.3727,218923.03,0.8895,3.6487,12.2965,1.0,0.0,0.4337,-13.5812,0.3315,0.0931,-0.8808,0.0038,91.2362,-4.1844,0.2878,0.3215,0.8895,0.0087,147.1398
0.8473,-15.5396,0.1845,0.0795,0.0532,0.1231,0.7099,160878.27,0.5473,2.6813,11.9884,0.0,0.0,0.4637,-8.5043,0.3885,0.2377,-0.4678,0.0227,6.8017,-5.7955,0.3635,0.3303,0.8473,0.0532,171.4537
0.5067,-8.7528,0.0235,0.1235,0.0,0.2826,0.5718,278816.7,0.5824,4.6469,12.5383,3.0,2.0,0.2951,-5.0976,0.333,0.0235,-0.4589,0.0066,4.6763,-1.8836,0.2986,0.2563,0.5824,0.0,65.9716
0.6388,-1.357,0.1529,0.6361,0.0,0.1599,0.6816,187538.14,0.4288,3.1256,12.1417,1.0,4.0,0.2739,-0.5819,0.2923,0.1529,0.2073,0.0245,0.673,-0.4342,0.3855,0.2799,0.6816,0.0,134.9645
0.8594,-4.2517,0.153,0.0829,0.0,0.1371,0.2951,332040.94,0.8943,5.534,12.713,4.0,3.0,0.7685,-3.8022,0.2639,0.153,-0.8114,0.021,10.6626,-0.7683,0.3459,0.3734,0.8943,0.0,124.6697
0.968,-10.927,0.0235,0.0,0.0396,0.0477,0.7814,172402.62,0.907,2.8734,12.0576,0.0,1.0,0.878,-9.9108,0.7087,0.0631,-0.907,0.0011,902.1644,-3.8029,0.3953,0.462,0.968,0.0,92.9148
0.4023,-9.6923,0.1085,0.1669,0.0,0.236,0.3869,255501.31,0.9239,4.2584,12.451,2.0,1.0,0.3717,-8.9544,0.3575,0.1085,-0.757,0.0256,5.5026,-2.2761,0.3178,0.3037,0.9239,0.0,196.5414
0.704,-2.7108,0.0235,0.5198,0.0748,0.0586,0.8356,157069.8,0.4855,2.6178,11.9645,0.0,4.0,0.3418,-1.316,0.4057,0.0983,0.0343,0.0014,0.9322,-1.0355,0.386,0.3333,0.8356,0.0235,161.5675
0.7083,-10.0859,0.0775,0.0715,0.1469,0.2376,0.5425,250846.6,0.5678,4.1808,12.4326,2.0,1.0,0.4022,-5.7268,0.308,0.2244,-0.4963,0.0184,7.837,-2.4124,0.336,0.2637,0.7083,0.0715,112.3197
0.7876,-4.4448,0.0876,0.0,0.0,0.1206,0.978,331783.5,0.5087,5.5297,12.7122,4.0,3.0,0.4007,-2.2612,0.4975,0.0876,-0.5087,0.0106,506.021,-0.8038,0.3546,0.4036,0.978,0.0,128.6245
0.4208,-11.9113,0.1359,0.2649,0.4601,0.2588,0.9183,239965.9,0.1865,3.9994,12.3883,2.0,1.0,0.0785,-2.2211,0.1712,0.596,0.0784,0.0352,0.7012,-2.9782,0.3779,0.2654,0.9183,0.1359,100.3955
0.5641,-11.7745,0.1047,0.2748,0.2148,0.0729,0.7718,291777.78,0.1029,4.863,12.5838,4.0,1.0,0.0581,-1.212,0.0794,0.3196,0.1718,0.0076,0.3733,-2.4213,0.3009,0.2673,0.7718,0.0729,150.8281
0.4025,-17.0942,0.0427,0.0,0.0,0.0243,0.792,232601.45,0.7643,3.8767,12.3571,2.0,0.0,0.3077,-13.0656,0.6054,0.0427,-0.7643,0.001,760.2584,-4.4095,0.2894,0.3628,0.792,0.0,176.9204
0.4986,-7.9794,0.0235,0.1285,0.1229,0.0942,0.5638,250158.97,0.7396,4.1693,12.4299,2.0,2.0,0.3688,-5.9016,0.417,0.1464,-0.6111,0.0022,5.71,-1.9138,0.3102,0.2832,0.7396,0.0235,117.016
0.8292,-9.5684,0.0958,0.356,0.0047,0.2883,0.4127,166653.48,0.1827,2.7776,12.0237,0.0,2.0,0.1515,-1.7478,0.0754,0.1006,0.1733,0.0276,0.5117,-3.4449,0.3099,0.2702,0.8292,0.0047,85.0702
0.6689,-12.6087,0.1436,0.4424,0.234,0.3312,0.4608,154023.7,0.0818,2.5671,11.9449,0.0,0.0,0.0547,-1.0314,0.0377,0.3776,0.3606,0.0476,0.1845,-4.9117,0.3375,0.204,0.6689,0.0818,128.7641
0.5822,-16.4376,0.1112,0.5753,0.1613,0.0975,0.724,206989.31,0.0058,3.4498,12.2404,1.0,0.0,0.0034,-0.0953,0.0042,0.2725,0.5695,0.0108,0.0101,-4.7648,0.3225,0.2927,0.724,0.0058,118.0256
0.5865,-14.2469,0.1529,0.2938,0.1345,0.0243,0.8454,142479.55,0.6367,2.3747,11.867,0.0,0.0,0.3734,-9.0705,0.5382,0.2875,-0.3428,0.0037,2.1594,-5.9995,0.382,0.3085,0.8454,0.0243,109.7694
0.6149,-2.546,0.161,0.1077,0.0,0.0697,0.7442,120923.21,0.8965,2.0154,11.7029,0.0,4.0,0.5513,-2.2826,0.6672,0.161,-0.7888,0.0112,8.2454,-1.2633,0.3706,0.369,0.8965,0.0,142.2616
0.5032,-7.7463,0.0773,0.3744,0.0,0.0243,0.2889,275446.8,0.6529,4.5908,12.5262,3.0,2.0,0.3285,-5.0573,0.1886,0.0773,-0.2784,0.0019,1.739,-1.6874,0.2744,0.2525,0.6529,0.0,123.1722
0.716,-6.6567,0.1096,0.2597,0.1523,0.2195,0.5667,267740.72,0.2772,4.4623,12.4978,3.0,3.0,0.1985,-1.8452,0.1571,0.2619,-0.0175,0.0241,1.0632,-1.4918,0.3287,0.2255,0.716,0.1096,165.3154
0.7394,-4.3589,0.0235,0.1539,0.0112,0.1538,0.909,161722.83,0.2437,2.6954,11.9936,0.0,3.0,0.1802,-1.0621,0.2215,0.0347,-0.0898,0.0036,1.5735,-1.6172,0.3192,0.3576,0.909,0.0112,157.8248
0.7766,-8.9772,0.1229,0.0,0.1079,0.1811,0.4601,220147.05,0.7223,3.6691,12.3021,1.0,2.0,0.561,-6.4845,0.3323,0.2309,-0.7223,0.0223,718.4822,-2.4467,0.3387,0.3144,0.7766,0.0,111.6057
0.8768,-7.8845,0.1423,0.0,0.0,0.1816,0.825,223194.6,0.2959,3.7199,12.3158,1.0,2.0,0.2594,-2.3328,0.2441,0.1423,-0.2959,0.0258,294.2893,-2.1195,0.3316,0.3697,0.8768,0.0,103.3694
0.6598,-1.357,0.0558,0.1833,0.0,0.2428,0.3616,281230.72,0.5477,4.6872,12.5469,3.0,4.0,0.3614,-0.7432,0.1981,0.0558,-0.3643,0.0136,2.9712,-0.2895,0.293,0.2452,0.6598,0.0,101.2324
0.4208,-1.357,0.1079,0.0,0.2408,0.0514,0.3027,245958.86,0.8977,4.0993,12.4129,2.0,4.0,0.3778,-1.2182,0.2717,0.3487,-0.8977,0.0056,892.9471,-0.331,0.2888,0.3064,0.8977,0.0,130.3533
0.6899,-6.676,0.1417,0.5555,0.0,0.3917,0.5929,316445.72,0.7394,5.2741,12.6649,4.0,3.0,0.5101,-4.9363,0.4384,0.1417,-0.1839,0.0555,1.3286,-1.2658,0.4444,0.281,0.7394,0.0,116.967
0.6425,-1.357,0.1172,0.0,0.0497,0.2031,0.4725,334815.34,0.867,5.5803,12.7213,4.0,4.0,0.5571,-1.1765,0.4097,0.1669,-0.867,0.0238,862.3777,-0.2432,0.336,0.3304,0.867,0.0,142.9077
0.8065,-1.357,0.0471,0.4534,0.0324,0.0994,0.8276,301919.8,0.4359,5.032,12.6179,4.0,4.0,0.3515,-0.5915,0.3607,0.0795,0.0175,0.0047,0.9593,-0.2697,0.386,0.3418,0.8276,0.0324,112.0301
0.5981,-5.9978,0.1076,0.2636,0.0799,0.1715,0.3265,203821.58,0.6974,3.397,12.225,1.0,3.0,0.4171,-4.1829,0.2277,0.1875,-0.4338,0.0185,2.6362,-1.7656,0.3207,0.2408,0.6974,0.0799,116.6049
0.5277,-6.6232,0.0235,0.2415,0.1351,0.2925,0.4735,240831.83,0.7357,4.0139,12.3919,2.0,3.0,0.3882,-4.8725,0.3484,0.1586,-0.4941,0.0069,3.0334,-1.6501,0.3471,0.2461,0.7357,0.0235,109.1841
0.5715,-13.5541,0.0701,0.3202,0.0212,0.0243,0.6689,322510.72,0.5737,5.3752,12.6839,4.0,0.0,0.3278,-7.7755,0.3838,0.0913,-0.2535,0.0017,1.786,-2.5216,0.3214,0.2853,0.6689,0.0212,105.5384
0.3299,-7.1745,0.1397,0.3925,0.0668,0.1624,0.8188,183585.58,0.4109,3.0598,12.1204,1.0,2.0,0.1356,-2.9478,0.3364,0.2065,-0.0184,0.0227,1.0442,-2.3448,0.3316,0.2526,0.8188,0.0668,126.323
0.975,-6.4209,0.0235,0.1368,0.2035,0.167,0.4425,334516.88,0.5124,5.5753,12.7204,4.0,3.0,0.4996,-3.29,0.2267,0.227,-0.3756,0.0039,3.7179,-1.1517,0.3515,0.3247,0.975,0.0235,88.4754
0.5479,-15.3868,0.091,0.2836,0.4445,0.2669,0.5275,299015.56,0.4525,4.9836,12.6083,4.0,0.0,0.2479,-6.962,0.2387,0.5355,-0.1689,0.0243,1.5898,-3.0875,0.3734,0.1657,0.5479,0.091,95.5486
0.429,-6.7268,0.1661,0.0957,0.0,0.2295,0.846,273943.1,0.4813,4.5657,12.5207,3.0,3.0,0.2065,-3.2378,0.4072,0.1661,-0.3856,0.0381,4.9763,-1.4733,0.3211,0.2884,0.846,0.0,120.3171
0.7065,-14.2568,0.0794,0.6636,0.0,0.0847,0.6188,334556.16,0.0219,5.5759,12.7206,4.0,0.0,0.0154,-0.3117,0.0135,0.0794,0.6417,0.0067,0.0329,-2.5568,0.3107,0.3318,0.7065,0.0,120.4381
0.788,-5.3334,0.0235,0.2717,0.0,0.0381,0.4057,128855.94,0.7155,2.1476,11.7665,0.0,3.0,0.5638,-3.8159,0.2903,0.0235,-0.4438,0.0009,2.624,-2.4834,0.3203,0.3304,0.788,0.0,112.3091
0.8241,-9.5735,0.1104,0.0,0.0,0.086,0.0256,134427.97,0.824,2.2405,11.8088,0.0,1.0,0.6791,-7.8886,0.0211,0.1104,-0.824,0.0095,819.607,-4.273,0.2672,0.3827,0.8241,0.0,124.1839
0.6333,-15.31,0.0395,0.6227,0.2431,0.4469,0.5036,272910.5,0.0301,4.5485,12.5169,3.0,0.0,0.0191,-0.4613,0.0152,0.2826,0.5925,0.0177,0.0483,-3.3659,0.3599,0.2573,0.6333,0.0301,94.6356
0.818,-9.7205,0.1234,0.0965,0.2088,0.3473,0.754,277598.94,0.8181,4.6266,12.5339,3.0,1.0,0.6692,-7.9527,0.6169,0.3323,-0.7217,0.0429,8.395,-2.101,0.4523,0.3326,0.8181,0.0965,145.0854
0.4771,-5.8142,0.0479,0.8224,0.1649,0.0243,0.4525,180698.03,0.7575,3.0116,12.1046,0.0,3.0,0.3614,-4.4045,0.3428,0.2128,0.0648,0.0012,0.9201,-1.9306,0.3924,0.3253,0.8224,0.0243,139.1404
0.8298,-10.0815,0.0696,0.3724,0.0,0.0301,0.475,268037.44,0.7064,4.4673,12.4989,3.0,1.0,0.5861,-7.1216,0.3355,0.0696,-0.334,0.0021,1.8921,-2.2567,0.3547,0.3358,0.8298,0.0,124.0677
0.8444,-7.6749,0.0235,0.0551,0.1613,0.2624,0.4908,252342.14,0.3154,4.2057,12.4385,2.0,2.0,0.2663,-2.4207,0.1548,0.1848,-0.2603,0.0062,5.6252,-1.8249,0.3076,0.2857,0.8444,0.0235,142.7761
0.6212,-11.0989,0.1745,0.5975,0.2299,0.3957,0.5795,161532.89,0.0018,2.6922,11.9925,0.0,1.0,0.0011,-0.02,0.001,0.4045,0.5957,0.0691,0.003,-4.1226,0.3715,0.2425,0.6212,0.0018,125.4819
0.5977,-8.3499,0.042,0.05,0.038,0.1111,0.3344,235567.19,0.904,3.9261,12.3698,2.0,2.0,0.5403,-7.5483,0.3023,0.0799,-0.854,0.0047,17.7263,-2.1268,0.2967,0.3386,0.904,0.038,103.3843
0.6382,-11.5691,0.0695,0.0979,0.1529,0.3165,0.5678,214838.38,0.2513,3.5806,12.2776,1.0,1.0,0.1604,-2.9077,0.1427,0.2224,-0.1535,0.022,2.5417,-3.231,0.2992,0.2252,0.6382,0.0695,112.4755
0.5395,-5.0255,0.0235,0.1313,0.5045,0.0762,0.445,281742.88,0.9416,4.6957,12.5488,3.0,3.0,0.508,-4.7321,0.4191,0.528,-0.8103,0.0018,7.1153,-1.0702,0.3802,0.3271,0.9416,0.0235,144.0033
0.7177,-11.8982,0.0987,0.5392,0.0686,0.2389,0.9101,210433.38,0.0653,3.5072,12.2569,1.0,1.0,0.0469,-0.7773,0.0595,0.1672,0.4739,0.0236,0.1209,-3.3925,0.3769,0.3453,0.9101,0.0653,140.7424
0.6337,-14.9836,0.0972,0.3944,0.0,0.2501,0.434,240844.98,0.7387,4.0141,12.3919,2.0,0.0,0.4681,-11.0679,0.3206,0.0972,-0.3443,0.0243,1.8682,-3.7328,0.364,0.2694,0.7387,0.0,125.9077
0.6322,-11.5966,0.06,0.1833,0.0,0.0871,0.7317,252683.8,0.0955,4.2114,12.4399,2.0,1.0,0.0604,-1.1071,0.0699,0.06,0.0879,0.0052,0.5179,-2.7536,0.2557,0.2976,0.7317,0.0,118.4725
0.599,-8.7247,0.099,0.1769,0.0,0.0243,0.5271,283767.44,0.6139,4.7295,12.5559,3.0,2.0,0.3677,-5.3558,0.3235,0.099,-0.4369,0.0024,3.4502,-1.8448,0.2914,0.277,0.6139,0.0,168.2707
0.8639,-13.7706,0.0996,0.0,0.0,0.0243,0.5624,203468.39,0.7655,3.3911,12.2233,1.0,0.0,0.6614,-10.5419,0.4305,0.0996,-0.7655,0.0024,761.452,-4.0608,0.3308,0.3858,0.8639,0.0,123.31
0.8592,-6.2939,0.0976,0.0,0.4385,0.1045,0.296,180698.33,0.7441,3.0116,12.1046,0.0,3.0,0.6394,-4.6835,0.2202,0.5361,-0.7441,0.0102,740.166,-2.0898,0.3629,0.3343,0.8592,0.0,118.457
0.6229,-8.79,0.0235,0.0,0.2726,0.1435,0.555,136032.94,0.9461,2.2672,11.8207,0.0,2.0,0.5894,-8.3165,0.5251,0.2961,-0.9461,0.0034,941.0891,-3.877,0.3662,0.353,0.9461,0.0,115.0255
0.8889,-8.1915,0.0344,0.1605,0.0,0.148,0.7822,290185.16,0.3869,4.8364,12.5783,3.0,2.0,0.3439,-3.1696,0.3026,0.0344,-0.2264,0.0051,2.3952,-1.6937,0.343,0.3599,0.8889,0.0,157.7154
0.6644,-16.2712,0.0671,0.5031,0.0,0.0835,0.0256,287914.5,0.2649,4.7986,12.5704,3.0,0.0,0.176,-4.3097,0.0068,0.0671,0.2382,0.0056,0.5255,-3.3908,0.2298,0.2605,0.6644,0.0,143.4844
0.5414,-11.8126,0.0709,0.5585,0.3965,0.3567,0.5418,258487.9,0.0661,4.3081,12.4626,2.0,1.0,0.0358,-0.7812,0.0358,0.4674,0.4924,0.0253,0.1182,-2.7419,0.3617,0.2147,0.5585,0.0661,99.5144
0.4641,-1.357,0.1819,0.5086,0.0,0.1206,0.7909,306909.06,0.7164,5.1152,12.6343,4.0,4.0,0.3325,-0.9722,0.5666,0.1819,-0.2078,0.0219,1.4057,-0.2653,0.3975,0.304,0.7909,0.0,121.73
0.5349,-5.9145,0.1708,0.1913,0.4085,0.0661,0.678,182996.25,0.9043,3.0499,12.1172,1.0,3.0,0.4836,-5.3483,0.6131,0.5793,-0.713,0.0113,4.7026,-1.9392,0.422,0.3039,0.9043,0.0661,102.3966
0.6916,-11.9392,0.0235,0.0,0.0,0.2116,0.8274,257894.33,0.3308,4.2982,12.4603,2.0,1.0,0.2288,-3.9495,0.2737,0.0235,-0.3308,0.005,329.0364,-2.7777,0.2978,0.3407,0.8274,0.0,167.1931
0.2801,-8.6246,0.0235,0.2649,0.0973,0.2823,0.978,303669.06,0.2323,5.0612,12.6237,4.0,2.0,0.0651,-2.0032,0.2272,0.1208,0.0326,0.0066,0.8735,-1.7041,0.3083,0.3118,0.978,0.0235,91.9811
0.4499,-13.6628,0.0235,0.3727,0.1066,0.1265,0.5677,174881.62,0.0575,2.9147,12.0719,0.0,0.0,0.0259,-0.7852,0.0326,0.1301,0.3153,0.003,0.1538,-4.6875,0.2435,0.216,0.5677,0.0235,111.6736
0.6194,-18.0057,0.2269,0.3728,0.3926,0.2619,0.6515,255862.27,0.0018,4.2644,12.4524,2.0,0.0,0.0011,-0.0324,0.0012,0.6195,0.371,0.0594,0.0048,-4.2224,0.361,0.227,0.6515,0.0018,124.7131
0.6399,-1.6086,0.0788,0.316,0.1958,0.4525,0.8296,265745.6,0.3191,4.4291,12.4903,3.0,4.0,0.2042,-0.5133,0.2647,0.2746,-0.003,0.0357,1.0064,-0.3632,0.4045,0.2592,0.8296,0.0788,99.6114
0.5679,-6.0747,0.1096,0.4169,0.0236,0.1313,0.7239,334565.06,0.5796,5.5761,12.7206,4.0,3.0,0.3292,-3.5209,0.4196,0.1332,-0.1627,0.0144,1.3869,-1.0894,0.3647,0.2754,0.7239,0.0236,59.8412
0.7765,-9.6427,0.0838,0.5601,0.2196,0.2964,0.8164,228774.9,0.0127,3.8129,12.3405,1.0,1.0,0.0098,-0.1221,0.0103,0.3034,0.5474,0.0248,0.0226,-2.529,0.3951,0.325,0.8164,0.0127,65.4736
0.4814,-3.5422,0.0783,0.4838,0.0989,0.0243,0.6798,104962.3,0.6424,1.7494,11.5614,0.0,4.0,0.3093,-2.2755,0.4367,0.1772,-0.1586,0.0019,1.325,-2.0248,0.3556,0.2805,0.6798,0.0243,139.428
0.3724,-5.5697,0.1479,0.2418,0.0,0.0838,0.0256,104585.72,0.8414,1.7431,11.5578,0.0,3.0,0.3133,-4.6863,0.0215,0.1479,-0.5996,0.0124,3.4653,-3.1953,0.2447,0.2931,0.8414,0.0,119.3267
0.7468,-1.357,0.0985,0.1511,0.0,0.1438,0.4928,374972.06,0.5907,6.2495,12.8346,4.0,4.0,0.4412,-0.8016,0.2911,0.0985,-0.4396,0.0142,3.8827,-0.2171,0.3177,0.2876,0.7468,0.0,77.7183
0.975,-4.016,0.098,0.828,0.2404,0.2678,0.5304,228960.44,0.2781,3.816,12.3413,1.0,3.0,0.2711,-1.1167,0.1475,0.3385,0.55,0.0263,0.3354,-1.0524,0.4597,0.3304,0.975,0.098,149.005
0.975,-16.1099,0.0646,0.4957,0.1447,0.2579,0.7311,240691.28,0.0609,4.0115,12.3913,2.0,0.0,0.0594,-0.9816,0.0445,0.2093,0.4348,0.0167,0.1227,-4.0159,0.39,0.3563,0.975,0.0609,117.6779
0.4449,-4.7165,0.1168,0.4415,0.2485,0.0466,0.7079,240547.5,0.7978,4.0091,12.3907,2.0,3.0,0.3549,-3.7629,0.5648,0.3653,-0.3563,0.0054,1.803,-1.1764,0.4006,0.2843,0.7978,0.0466,87.0833
0.6394,-10.5876,0.0377,0.5809,0.0,0.0243,0.9181,343908.72,0.6418,5.7318,12.7481,4.0,1.0,0.4103,-6.7951,0.5892,0.0377,-0.0609,0.0009,1.1029,-1.8472,0.406,0.3762,0.9181,0.0,126.9329
0.291,-8.9889,0.0235,0.0,0.0,0.0957,0.5958,258122.88,0.8243,4.302,12.4612,2.0,2.0,0.2399,-7.4099,0.4912,0.0235,-0.8243,0.0022,819.9385,-2.0894,0.2615,0.3292,0.8243,0.0,78.8601
0.6765,-12.4454,0.0313,0.0,0.0,0.1023,0.8563,135870.03,0.7095,2.2645,11.8195,0.0,0.0,0.48,-8.8305,0.6076,0.0313,-0.7095,0.0032,705.7505,-5.4959,0.3394,0.3871,0.8563,0.0,111.6049
0.6868,-7.3288,0.0611,0.0088,0.0,0.3125,0.4525,163881.89,0.8287,2.7314,12.0069,0.0,2.0,0.5691,-6.0732,0.375,0.0611,-0.8198,0.0191,84.3179,-2.6832,0.3358,0.3355,0.8287,0.0,61.5015
0.7769,-10.0991,0.1848,0.4377,0.0,0.0243,0.3344,248697.42,0.6128,4.145,12.424,2.0,1.0,0.4761,-6.1887,0.2049,0.1848,-0.1751,0.0045,1.3968,-2.4365,0.3387,0.2928,0.7769,0.0,178.5981
0.8025,-7.7978,0.0235,0.0687,0.0,0.164,0.332,225471.05,0.6527,3.7579,12.326,1.0,2.0,0.5238,-5.0894,0.2167,0.0235,-0.584,0.0039,9.3691,-2.0751,0.2919,0.3204,0.8025,0.0,113.982
0.3361,-7.9733,0.1121,0.0,0.0,0.1425,0.7266,261906.81,0.2884,4.3651,12.4757,3.0,2.0,0.0969,-2.2995,0.2095,0.1121,-0.2884,0.016,286.8624,-1.8266,0.2294,0.2545,0.7266,0.0,144.0982
0.8056,-9.8372,0.0964,0.277,0.0,0.0243,0.4058,327959.53,0.4878,5.466,12.7006,4.0,1.0,0.393,-4.7986,0.198,0.0964,-0.2108,0.0023,1.7545,-1.7997,0.2996,0.2916,0.8056,0.0,110.8448
0.4867,-9.8714,0.0859,0.0,0.0969,0.0243,0.5344,233546.19,0.6999,3.8924,12.3611,2.0,1.0,0.3406,-6.9087,0.374,0.1828,-0.6999,0.0021,696.1354,-2.5361,0.2754,0.2883,0.6999,0.0,113.1595
0.4208,-5.7501,0.0235,0.2928,0.0169,0.2897,0.8288,304494.53,0.1577,5.0749,12.6264,4.0,3.0,0.0664,-0.907,0.1307,0.0404,0.135,0.0068,0.5369,-1.1331,0.29,0.28,0.8288,0.0169,111.5741
0.5361,-12.0521,0.035,0.4726,0.0433,0.0243,0.6718,233081.17,0.6875,3.8847,12.3591,2.0,1.0,0.3686,-8.2862,0.4619,0.0784,-0.2149,0.0009,1.4516,-3.1025,0.353,0.3072,0.6875,0.0243,110.5763
0.7234,-11.9371,0.144,0.3378,0.3957,0.0243,0.2616,253850.8,0.7219,4.2308,12.4445,2.0,1.0,0.5222,-8.6178,0.1889,0.5398,-0.3841,0.0035,2.1308,-2.8215,0.3727,0.2685,0.7234,0.0243,70.8486
0.593,-11.8769,0.0235,0.3812,0.0,0.0595,0.295,243935.83,0.6709,4.0656,12.4047,2.0,1.0,0.3978,-7.9678,0.1979,0.0235,-0.2897,0.0014,1.7555,-2.9213,0.289,0.2749,0.6709,0.0,130.9507
0.5718,-11.3898,0.0506,0.2097,0.1312,0.2303,0.3889,238722.44,0.1312,3.9787,12.3831,2.0,1.0,0.075,-1.4943,0.051,0.1818,0.0785,0.0117,0.6227,-2.8627,0.2448,0.1792,0.5718,0.0506,156.7155
0.7175,-3.8237,0.0291,0.1806,0.17,0.2858,0.3344,243581.2,0.2299,4.0597,12.4032,2.0,4.0,0.1649,-0.879,0.0769,0.1991,-0.0493,0.0083,1.2657,-0.9419,0.2782,0.2167,0.7175,0.0291,102.8889
0.844,-7.9829,0.0915,0.5649,0.1933,0.0908,0.639,182090.19,0.1439,3.0348,12.1123,0.0,2.0,0.1215,-1.149,0.092,0.2848,0.421,0.0083,0.2543,-2.6304,0.3668,0.309,0.844,0.0908,127.7466
0.6698,-12.2411,0.1367,0.6302,0.0686,0.2578,0.4765,304986.03,0.0623,5.0831,12.628,4.0,1.0,0.0418,-0.763,0.0297,0.2053,0.5679,0.0352,0.0988,-2.4082,0.3289,0.2613,0.6698,0.0623,109.8953
0.7713,-1.357,0.0845,0.3767,0.2845,0.4414,0.4089,187983.27,0.8277,3.1331,12.1441,1.0,4.0,0.6383,-1.1231,0.3385,0.369,-0.451,0.0373,2.1916,-0.4331,0.4564,0.2626,0.8277,0.0845,155.3289
0.5889,-6.8491,0.1082,0.4289,0.0079,0.3624,0.978,214838.81,0.5615,3.5806,12.2776,1.0,3.0,0.3307,-3.846,0.5492,0.1161,-0.1326,0.0392,1.3061,-1.9128,0.4337,0.3238,0.978,0.0079,129.3347
0.6057,-1.357,0.1844,0.3934,0.1858,0.0636,0.1139,120857.69,0.9945,2.0143,11.7024,0.0,4.0,0.6024,-1.3496,0.1132,0.3702,-0.6012,0.0117,2.5218,-0.6737,0.363,0.3351,0.9945,0.0636,147.3903
0.6526,-7.5279,0.0235,0.0,0.0211,0.2158,0.6309,224430.05,0.3739,3.7405,12.3213,1.0,2.0,0.244,-2.8144,0.2359,0.0446,-0.3739,0.0051,371.8734,-2.0125,0.274,0.2846,0.6526,0.0,116.1326
0.6763,-1.357,0.0235,0.1925,0.1811,0.4044,0.5712,205599.97,0.3079,3.4267,12.2337,1.0,4.0,0.2082,-0.4178,0.1758,0.2046,-0.1154,0.0095,1.591,-0.396,0.3367,0.2305,0.6763,0.0235,125.2361
0.5826,-16.0118,0.0985,0.1225,0.3344,0.134,0.3495,337801.6,0.6588,5.63,12.7302,4.0,0.0,0.3838,-10.5486,0.2303,0.4329,-0.5363,0.0132,5.3332,-2.844,0.3258,0.2263,0.6588,0.0985,115.7513
0.5609,-5.6817,0.0235,0.0167,0.199,0.1017,0.373,259564.16,0.7926,4.3261,12.4668,3.0,3.0,0.4446,-4.5033,0.2957,0.2225,-0.7759,0.0024,44.6798,-1.3134,0.2954,0.295,0.7926,0.0167,112.2514
0.8462,-5.8351,0.0854,0.7112,0.0,0.2358,0.4728,280301.28,0.5814,4.6717,12.5436,3.0,3.0,0.492,-3.3925,0.2749,0.0854,0.1298,0.0201,0.8164,-1.249,0.419,0.3208,0.8462,0.0,154.1018
0.7095,-2.0681,0.0235,0.1445,0.2828,0.0566,0.544,153353.86,0.4654,2.5559,11.9405,0.0,4.0,0.3302,-0.9625,0.2532,0.3063,-0.3209,0.0013,3.1993,-0.8091,0.318,0.2622,0.7095,0.0235,115.0255
0.4314,-9.5828,0.0235,0.0927,0.0,0.4977,0.7154,214563.02,0.2654,3.5761,12.2764,1.0,1.0,0.1145,-2.5433,0.1899,0.0235,-0.1727,0.0117,2.8314,-2.6797,0.2895,0.2704,0.7154,0.0,113.3541
0.5836,-4.8035,0.1368,0.5273,0.0,0.0243,0.7713,287817.88,0.5838,4.797,12.5701,3.0,3.0,0.3407,-2.8043,0.4503,0.1368,-0.0565,0.0033,1.1051,-1.0014,0.3753,0.313,0.7713,0.0,113.2601
0.781,-8.9934,0.0472,0.3556,0.0,0.0243,0.3425,218639.39,0.4108,3.644,12.2952,1.0,2.0,0.3208,-3.6945,0.1407,0.0472,-0.0552,0.0011,1.1519,-2.468,0.2802,0.2816,0.781,0.0,94.3396
0.4428,-5.5278,0.0482,0.3838,0.0,0.4139,0.978,186954.75,0.5964,3.1159,12.1386,1.0,3.0,0.2641,-3.2968,0.5833,0.0482,-0.2126,0.02,1.55,-1.7741,0.409,0.3312,0.978,0.0,137.0303
0.762,-12.2985,0.1669,0.1704,0.1228,0.0609,0.0256,240691.16,0.6716,4.0115,12.3913,2.0,1.0,0.5118,-8.2597,0.0172,0.2897,-0.5012,0.0102,3.918,-3.0658,0.2829,0.3022,0.762,0.0256,117.885
0.5428,-2.9109,0.0395,0.1879,0.0648,0.0829,0.7039,205701.27,0.3425,3.4284,12.2342,1.0,4.0,0.1859,-0.9969,0.2411,0.1042,-0.1546,0.0033,1.8133,-0.8491,0.2806,0.2595,0.7039,0.0395,132.5597
0.6397,-3.8139,0.0511,0.392,0.1887,0.0566,0.0256,283043.62,0.8924,4.7174,12.5534,3.0,4.0,0.5709,-3.4035,0.0228,0.2398,-0.5004,0.0029,2.271,-0.8085,0.3209,0.3368,0.8924,0.0256,101.3516
0.7535,-10.088,0.1387,0.287,0.0,0.0243,0.5348,161617.17,0.7979,2.6936,11.993,0.0,1.0,0.6012,-8.0489,0.4267,0.1387,-0.5108,0.0034,2.77,-3.7452,0.3623,0.3351,0.7979,0.0,89.7254
0.4488,-1.357,0.0509,0.0,0.082,0.0243,0.3411,280120.6,0.5527,4.6687,12.543,3.0,4.0,0.2481,-0.75,0.1885,0.133,-0.5527,0.0012,549.7202,-0.2907,0.2143,0.228,0.5527,0.0,82.6717
0.7344,-11.8186,0.0478,0.0,0.2409,0.1245,0.7464,281706.7,0.5812,4.6951,12.5486,3.0,1.0,0.4268,-6.869,0.4338,0.2887,-0.5812,0.006,578.1014,-2.5172,0.3536,0.3253,0.7464,0.0,90.5836
0.6416,-6.5662,0.0998,0.0,0.2659,0.1809,0.7898,229113.19,0.3386,3.8186,12.342,1.0,3.0,0.2173,-2.2233,0.2674,0.3657,-0.3386,0.0181,336.7948,-1.7195,0.331,0.2878,0.7898,0.0,119.1554
0.6528,-8.9968,0.1776,0.0821,0.2523,0.2745,0.6959,246820.89,0.5185,4.1137,12.4164,2.0,2.0,0.3385,-4.6645,0.3608,0.4299,-0.4363,0.0487,6.2373,-2.187,0.3791,0.2417,0.6959,0.0821,115.2733
0.5869,-10.6707,0.0523,0.7347,0.189,0.2363,0.792,283365.44,0.0154,4.7228,12.5545,3.0,1.0,0.009,-0.1643,0.0122,0.2413,0.7193,0.0124,0.0209,-2.2594,0.3724,0.3254,0.792,0.0154,127.0302
0.9032,-14.9837,0.069,0.0,0.0,0.0799,0.384,260197.73,0.5933,4.3366,12.4692,3.0,0.0,0.5359,-8.8893,0.2278,0.069,-0.5933,0.0055,590.1037,-3.4552,0.2899,0.3507,0.9032,0.0,100.1575
0.7316,-4.3845,0.0235,0.2839,0.0,0.2728,0.3635,126023.52,0.4595,2.1004,11.7442,0.0,3.0,0.3362,-2.0148,0.167,0.0235,-0.1756,0.0064,1.6129,-2.0875,0.305,0.2527,0.7316,0.0,131.5784
0.6239,-13.1571,0.0839,0.3716,0.1436,0.0243,0.4634,161617.17,0.6665,2.6936,11.993,0.0,0.0,0.4158,-8.7688,0.3088,0.2275,-0.2949,0.002,1.7886,-4.8845,0.3396,0.2605,0.6665,0.0243,140.3106
0.8261,-7.639,0.0235,0.4401,0.0,0.0888,0.6501,263553.44,0.2088,4.3926,12.482,3.0,2.0,0.1725,-1.595,0.1358,0.0235,0.2313,0.0021,0.4733,-1.7391,0.3196,0.3255,0.8261,0.0,88.2659
0.4351,-6.5014,0.0791,0.4567,0.0,0.0243,0.5889,276053.03,0.9813,4.6009,12.5284,3.0,3.0,0.427,-6.3801,0.5779,0.0791,-0.5247,0.0019,2.1442,-1.4131,0.3665,0.3592,0.9813,0.0,138.3974
0.866,-10.9264,0.0235,0.0909,0.0,0.0908,0.3135,242029.52,0.9499,4.0338,12.3968,2.0,1.0,0.8226,-10.3786,0.2978,0.0235,-0.859,0.0021,10.3352,-2.7087,0.3335,0.406,0.9499,0.0,112.3091
0.6825,-10.5099,0.0314,0.0,0.0136,0.0645,0.5539,178079.77,0.9937,2.968,12.09,0.0,1.0,0.6782,-10.4434,0.5504,0.045,-0.9937,0.002,988.369,-3.5411,0.3342,0.4048,0.9937,0.0,113.5059
0.4655,-13.6366,0.0235,0.0165,0.1536,0.1189,0.9659,270855.44,0.5569,4.5143,12.5093,3.0,0.0,0.2592,-7.5938,0.5379,0.1771,-0.5404,0.0028,31.8025,-3.0208,0.3287,0.3517,0.9659,0.0165,143.2763
0.4129,-2.2548,0.0235,0.0,0.4787,0.2906,0.2969,277977.78,0.924,4.633,12.5353,3.0,4.0,0.3815,-2.0834,0.2743,0.5022,-0.924,0.0068,919.0738,-0.4867,0.3466,0.3123,0.924,0.0,95.4019
0.567,-11.0871,0.0769,0.2089,0.1169,0.0434,0.3638,262919.38,0.6455,4.382,12.4796,3.0,1.0,0.366,-7.1563,0.2348,0.1939,-0.4366,0.0033,3.0757,-2.5301,0.2889,0.242,0.6455,0.0434,80.1646
0.6039,-8.8264,0.0235,0.0927,0.0,0.308,0.0256,216437.56,0.6139,3.6073,12.2851,1.0,2.0,0.3707,-5.4182,0.0157,0.0235,-0.5211,0.0072,6.5499,-2.4468,0.2382,0.2735,0.6139,0.0,127.727
0.6115,-6.2729,0.0728,0.3255,0.0687,0.0243,0.5806,173327.88,0.8951,2.8888,12.0629,0.0,3.0,0.5474,-5.6151,0.5197,0.1415,-0.5697,0.0018,2.7419,-2.1715,0.3684,0.3364,0.8951,0.0243,134.7192
0.764,-3.0902,0.0235,0.4825,0.0,0.3416,0.4478,385945.12,0.6531,6.4324,12.8635,4.0,4.0,0.4989,-2.0181,0.2924,0.0235,-0.1706,0.008,1.3507,-0.4804,0.3875,0.2915,0.764,0.0,124.6697
0.48,-12.2701,0.0585,0.0773,0.1824,0.2818,0.8444,293465.28,0.8263,4.8911,12.5895,4.0,1.0,0.3966,-10.1392,0.6977,0.241,-0.749,0.0165,10.5512,-2.5087,0.393,0.3335,0.8444,0.0585,111.3722
0.7417,-8.8362,0.0411,0.015,0.0,0.0243,0.4849,323420.7,0.5829,5.3903,12.6867,4.0,2.0,0.4323,-5.1503,0.2826,0.0411,-0.5679,0.001,36.5007,-1.6393,0.27,0.3207,0.7417,0.0,160.3575
0.8816,-3.252,0.0235,0.0,0.1113,0.257,0.8164,263055.94,0.8683,4.3843,12.4801,3.0,4.0,0.7655,-2.8236,0.7089,0.1348,-0.8683,0.006,863.6376,-0.7417,0.4226,0.4136,0.8816,0.0,127.6592
0.5395,-7.9522,0.0235,0.0,0.0,0.0987,0.6039,188599.27,0.8743,3.1433,12.1474,1.0,2.0,0.4717,-6.9528,0.528,0.0235,-0.8743,0.0023,869.6719,-2.5299,0.3057,0.3597,0.8743,0.0,92.6959
0.6818,-6.7776,0.0235,0.8114,0.0,0.1157,0.7623,108900.55,0.1492,1.815,11.5982,0.0,3.0,0.1017,-1.0112,0.1137,0.0235,0.6622,0.0027,0.1836,-3.7342,0.3634,0.3688,0.8114,0.0,173.3691
0.4659,-10.8669,0.0235,0.0937,0.0696,0.1818,0.6338,256680.75,0.4045,4.278,12.4556,2.0,1.0,0.1885,-4.3953,0.2563,0.0931,-0.3108,0.0043,4.2725,-2.5402,0.2675,0.234,0.6338,0.0235,108.3614
0.708,-8.8462,0.0235,0.3538,0.1733,0.1445,0.2689,241059.92,0.3538,4.0177,12.3928,2.0,2.0,0.2505,-3.1298,0.0952,0.1968,0.0,0.0034,0.9971,-2.2018,0.2894,0.2195,0.708,0.0235,129.3661
0.4341,-6.8372,0.102,0.3566,0.0858,0.3676,0.6678,153743.66,0.3375,2.5624,11.943,0.0,3.0,0.1465,-2.3073,0.2254,0.1878,0.0192,0.0375,0.9436,-2.6683,0.3359,0.1994,0.6678,0.0858,112.4766
0.5785,-7.8193,0.0235,0.4734,0.0,0.4035,0.754,288877.03,0.3359,4.8146,12.5738,3.0,2.0,0.1943,-2.6263,0.2533,0.0235,0.1375,0.0095,0.708,-1.6241,0.367,0.2771,0.754,0.0,86.3438
0.7901,-6.3308,0.1196,0.1906,0.2458,0.1571,0.4867,331716.03,0.8147,5.5286,12.712,4.0,3.0,0.6436,-5.1575,0.3965,0.3654,-0.6241,0.0188,4.2522,-1.1451,0.4006,0.2991,0.8147,0.1196,135.5562
0.8869,-10.8035,0.0545,0.0,0.1379,0.276,0.7046,240569.06,0.9467,4.0095,12.3908,2.0,1.0,0.8396,-10.2273,0.667,0.1923,-0.9467,0.015,941.6196,-2.6945,0.4295,0.4054,0.9467,0.0,117.8634
0.6929,-4.7536,0.1919,0.8743,0.1114,0.0243,0.3928,322564.94,0.5019,5.3761,12.6841,4.0,3.0,0.3478,-2.3857,0.1971,0.3033,0.3724,0.0047,0.5734,-0.8842,0.3985,0.3133,0.8743,0.0243,97.3544
0.7909,-15.3087,0.0235,0.995,0.0523,0.161,0.4036,297099.4,0.1669,4.9517,12.6018,4.0,0.0,0.132,-2.5545,0.0673,0.0758,0.8281,0.0038,0.1675,-3.0916,0.3705,0.3818,0.995,0.0235,142.0099
0.7967,-7.0439,0.0581,0.2524,0.1646,0.3044,0.6397,316535.2,0.5084,5.2756,12.6652,4.0,2.0,0.4051,-3.5811,0.3252,0.2227,-0.256,0.0177,2.0061,-1.3352,0.3892,0.2674,0.7967,0.0581,134.9645
0.6361,-10.1717,0.0562,0.2613,0.0,0.2639,0.4941,162326.39,0.3482,2.7054,11.9974,0.0,1.0,0.2215,-3.5418,0.172,0.0562,-0.0869,0.0148,1.3274,-3.7597,0.2943,0.2255,0.6361,0.0,114.5232
0.3811,-1.357,0.102,0.0818,0.2624,0.0243,0.5391,155815.62,0.7387,2.5969,11.9564,0.0,4.0,0.2815,-1.0024,0.3982,0.3644,-0.6568,0.0025,8.917,-0.5225,0.3042,0.2647,0.7387,0.0243,138.9104
0.646,-1.357,0.0235,0.9082,0.0,0.3588,0.0256,175038.34,0.4786,2.9173,12.0728,0.0,4.0,0.3092,-0.6495,0.0123,0.0235,0.4296,0.0084,0.5264,-0.4652,0.3487,0.3536,0.9082,0.0,118.0957
0.6312,-6.9988,0.0658,0.2326,0.1329,0.4101,0.5344,226951.98,0.4244,3.7825,12.3325,1.0,2.0,0.2679,-2.9703,0.2268,0.1987,-0.1918,0.027,1.8165,-1.8503,0.3473,0.2097,0.6312,0.0658,131.1648
0.8291,-15.9243,0.0385,0.0,0.4538,0.0243,0.3906,272961.7,0.7721,4.5494,12.5171,3.0,0.0,0.6401,-12.2946,0.3015,0.4923,-0.7721,0.0009,767.9504,-3.5003,0.3583,0.3524,0.8291,0.0,154.9187
0.4533,-1.357,0.0801,0.2731,0.262,0.0243,0.5526,217211.23,0.6935,3.6202,12.2886,1.0,4.0,0.3144,-0.9411,0.3832,0.3421,-0.4205,0.0019,2.5304,-0.3748,0.3341,0.2451,0.6935,0.0243,125.9118
0.3889,-1.357,0.0235,0.379,0.1819,0.0663,0.6158,172472.8,0.6875,2.8745,12.058,0.0,4.0,0.2674,-0.9329,0.4234,0.2054,-0.3085,0.0016,1.8092,-0.4721,0.3347,0.2584,0.6875,0.0235,104.2848
0.8146,-4.9132,0.1458,0.1669,0.2512,0.2812,0.5738,292711.66,0.4488,4.8785,12.5869,4.0,3.0,0.3656,-2.2051,0.2575,0.397,-0.2819,0.041,2.6726,-1.0071,0.3832,0.2442,0.8146,0.1458,126.1042
0.4461,-6.3579,0.0568,0.0371,0.0,0.273,0.6524,220977.8,0.8387,3.683,12.3058,1.0,3.0,0.3741,-5.3322,0.5471,0.0568,-0.8015,0.0155,21.9922,-1.7263,0.3292,0.3288,0.8387,0.0,88.0147
0.7649,-5.2948,0.0235,0.0945,0.0967,0.3502,0.5029,258922.44,0.566,4.3154,12.4643,2.0,3.0,0.4329,-2.9969,0.2846,0.1202,-0.4715,0.0082,5.9249,-1.227,0.3427,0.2822,0.7649,0.0235,90.3858
0.5395,-6.3024,0.1516,0.2967,0.0,0.0671,0.978,132297.77,0.4125,2.205,11.7928,0.0,3.0,0.2225,-2.5995,0.4034,0.1516,-0.1157,0.0102,1.3854,-2.8583,0.3493,0.3364,0.978,0.0,106.3513
0.658,-1.357,0.1229,0.0,0.0691,0.2346,0.7921,310876.25,0.7728,5.1813,12.6472,4.0,4.0,0.5085,-1.0487,0.6121,0.192,-0.7728,0.0288,768.6798,-0.2619,0.3785,0.3487,0.7921,0.0,124.8478
0.7385,-7.4476,0.0235,0.2515,0.0066,0.3482,0.5662,237784.66,0.2634,3.9631,12.3791,2.0,2.0,0.1945,-1.9617,0.1491,0.0301,-0.0119,0.0082,1.0434,-1.8793,0.314,0.2678,0.7385,0.0066,122.3044
0.6328,-13.209,0.0235,0.0,0.0,0.1265,0.7598,252996.42,0.6536,4.2166,12.4411,2.0,0.0,0.4136,-8.6334,0.4966,0.0235,-0.6536,0.003,650.1154,-3.1326,0.3138,0.3494,0.7598,0.0,131.9807
0.7437,-5.0768,0.1039,0.2327,0.0,0.1411,0.7476,321972.6,0.4369,5.3662,12.6822,4.0,3.0,0.3249,-2.2179,0.3266,0.1039,-0.2042,0.0147,1.8695,-0.9461,0.3437,0.3057,0.7476,0.0,111.8458
0.6628,-6.3574,0.0964,0.2049,0.1265,0.1829,0.5689,220167.42,0.2575,3.6695,12.3021,1.0,3.0,0.1707,-1.6368,0.1465,0.223,-0.0526,0.0176,1.2503,-1.7325,0.3,0.2236,0.6628,0.0964,163.9801
0.3357,-1.357,0.0724,0.1255,0.2369,0.1365,0.6207,220042.3,0.9084,3.6674,12.3016,1.0,4.0,0.305,-1.2327,0.5638,0.3093,-0.7829,0.0099,7.1803,-0.37,0.348,0.3085,0.9084,0.0724,105.6824
0.6199,-4.7737,0.0885,0.3566,0.1175,0.0243,0.528,321734.97,0.7556,5.3622,12.6815,4.0,3.0,0.4684,-3.607,0.399,0.206,-0.399,0.0021,2.113,-0.8902,0.3558,0.2879,0.7556,0.0243,123.1546
0.7096,-7.183,0.0546,0.3146,0.0,0.0243,0.5347,225456.77,0.5421,3.7576,12.3259,1.0,2.0,0.3847,-3.8942,0.2899,0.0546,-0.2275,0.0013,1.7176,-1.9116,0.3114,0.2907,0.7096,0.0,131.531
0.4969,-1.357,0.0702,0.17,0.0634,0.0243,0.7544,381496.4,0.9465,6.3583,12.8519,4.0,4.0,0.4703,-1.2844,0.714,0.1337,-0.7764,0.0017,5.5334,-0.2134,0.3608,0.3739,0.9465,0.0243,105.2689
0.5918,-1.357,0.0818,0.2316,0.0159,0.3374,0.7887,299069.34,0.0399,4.9845,12.6084,4.0,4.0,0.0236,-0.0541,0.0314,0.0977,0.1918,0.0276,0.1714,-0.2722,0.2982,0.2961,0.7887,0.0159,122.6146
0.3528,-12.057,0.0616,0.2761,0.3056,0.1006,0.6612,153026.69,0.0434,2.5504,11.9384,0.0,1.0,0.0153,-0.5233,0.0287,0.3672,0.2327,0.0062,0.1566,-4.7274,0.2573,0.2174,0.6612,0.0434,103.3156
0.5793,-8.6729,0.0972,0.4589,0.0,0.2235,0.3041,248104.1,0.9063,4.1351,12.4216,2.0,2.0,0.525,-7.86,0.2756,0.0972,-0.4474,0.0217,1.9706,-2.0974,0.367,0.3099,0.9063,0.0,119.0542
0.4924,-3.9729,0.0235,0.0,0.1469,0.2601,0.6478,305007.8,0.7478,5.0835,12.6281,4.0,3.0,0.3682,-2.9709,0.4844,0.1704,-0.7478,0.0061,743.8132,-0.7815,0.3312,0.3009,0.7478,0.0,131.8586
0.5643,-14.4918,0.0235,0.0,0.2928,0.1416,0.2923,222400.33,0.6065,3.7067,12.3122,1.0,0.0,0.3422,-8.7888,0.1773,0.3163,-0.6065,0.0033,603.2334,-3.9097,0.2744,0.2418,0.6065,0.0,133.9593
0.5827,-10.8356,0.1406,0.3365,0.0983,0.3028,0.6523,151399.86,0.1027,2.5233,11.9277,0.0,1.0,0.0598,-1.1124,0.067,0.2389,0.2339,0.0426,0.3042,-4.2941,0.3166,0.2268,0.6523,0.0983,107.4082
0.7114,-11.086,0.1558,0.0145,0.4054,0.2279,0.6526,336076.47,0.4731,5.6013,12.7251,4.0,1.0,0.3366,-5.2451,0.3088,0.5612,-0.4586,0.0355,30.4821,-1.9792,0.3772,0.2583,0.7114,0.0145,88.5316
0.4874,-1.357,0.0235,0.493,0.0626,0.0998,0.5627,171879.34,0.8173,2.8647,12.0546,0.0,4.0,0.3984,-1.1091,0.4599,0.0861,-0.3243,0.0023,1.6544,-0.4737,0.3638,0.3037,0.8173,0.0235,140.8334
0.8031,-7.4768,0.0892,0.1867,0.1556,0.1514,0.944,149433.9,0.4496,2.4906,11.9146,0.0,2.0,0.3611,-3.3616,0.4244,0.2448,-0.2629,0.0135,2.3949,-3.002,0.3971,0.3475,0.944,0.0892,72.6713
0.8176,-6.3951,0.0434,0.0174,0.0,0.0243,0.5395,145310.06,0.8393,2.4218,11.8866,0.0,3.0,0.6862,-5.3676,0.4528,0.0434,-0.8219,0.0011,45.5762,-2.6406,0.3259,0.3922,0.8393,0.0,135.799
0.5678,-17.3411,0.0235,0.0058,0.0,0.2446,0.6568,265887.28,0.8581,4.4315,12.4908,3.0,0.0,0.4872,-14.8798,0.5636,0.0235,-0.8522,0.0057,125.4982,-3.9132,0.3367,0.3552,0.8581,0.0,103.0287
0.4548,-2.373,0.0998,0.0045,0.2635,0.2588,0.7041,280167.12,0.5562,4.6695,12.5431,3.0,4.0,0.253,-1.3199,0.3916,0.3633,-0.5517,0.0258,101.7353,-0.5082,0.3345,0.25,0.7041,0.0045,109.8589
0.6945,-2.8093,0.0842,0.0,0.0,0.082,0.607,321056.0,0.3907,5.3509,12.6794,4.0,4.0,0.2714,-1.0977,0.2372,0.0842,-0.3907,0.0069,388.6502,-0.525,0.2655,0.2955,0.6945,0.0,99.743
0.6039,-4.9073,0.0924,0.062,0.152,0.3358,0.978,183653.44,0.4959,3.0609,12.1208,1.0,3.0,0.2995,-2.4333,0.485,0.2444,-0.4338,0.031,7.8679,-1.6032,0.3886,0.3313,0.978,0.062,115.1335
0.7517,-6.8498,0.0235,0.2957,0.2402,0.3749,0.294,182371.5,0.3159,3.0395,12.1138,0.0,3.0,0.2374,-2.1636,0.0929,0.2637,-0.0201,0.0088,1.0645,-2.2536,0.328,0.2177,0.7517,0.0235,97.9475
0.5671,-1.357,0.0235,0.2549,0.0582,0.1079,0.3714,321466.5,0.2652,5.3578,12.6807,4.0,4.0,0.1504,-0.3599,0.0985,0.0817,-0.0103,0.0025,1.0363,-0.2533,0.2355,0.1925,0.5671,0.0235,120.9832
0.975,-23.5303,0.0941,0.3154,0.03,0.1434,0.543,212430.33,0.2629,3.5405,12.2664,1.0,0.0,0.2563,-6.1853,0.1427,0.1241,0.0525,0.0135,0.8308,-6.646,0.3377,0.3282,0.975,0.03,117.3979
0.7527,-5.8431,0.0594,0.5678,0.1958,0.0243,0.8296,172351.06,0.5394,2.8725,12.0573,0.0,3.0,0.406,-3.1518,0.4475,0.2553,0.0284,0.0014,0.9484,-2.0341,0.4242,0.3295,0.8296,0.0243,160.58
0.8298,-4.6113,0.0235,0.5645,0.2581,0.2376,0.7496,152496.81,0.0725,2.5416,11.9349,0.0,3.0,0.0601,-0.3342,0.0543,0.2816,0.492,0.0056,0.1282,-1.8143,0.3908,0.3238,0.8298,0.0235,77.5136
0.7768,-12.5398,0.025,0.156,0.4589,0.1037,0.5642,313973.75,0.0895,5.2329,12.6571,4.0,0.0,0.0695,-1.1219,0.0505,0.4839,0.0665,0.0026,0.5699,-2.3963,0.3106,0.2889,0.7768,0.025,58.2543
0.5946,-1.357,0.0845,0.0,0.0,0.3499,0.4816,218842.31,0.9553,3.6474,12.2961,1.0,4.0,0.568,-1.2964,0.4601,0.0845,-0.9553,0.0296,950.2401,-0.372,0.3523,0.3557,0.9553,0.0,76.0215
0.5395,-9.8948,0.1926,0.1946,0.069,0.1426,0.6025,236967.25,0.3269,3.9495,12.3757,2.0,1.0,0.1764,-3.2349,0.197,0.2616,-0.1323,0.0275,1.6713,-2.5054,0.2954,0.2042,0.6025,0.069,123.2891
0.4835,-8.4558,0.0857,0.2488,0.0661,0.3135,0.978,217471.12,0.1396,3.6245,12.2898,1.0,2.0,0.0675,-1.1804,0.1365,0.1518,0.1092,0.0269,0.5588,-2.333,0.3308,0.3204,0.978,0.0661,129.5636
0.4988,-6.6345,0.0235,0.1301,0.0179,0.1689,0.528,214838.48,0.8955,3.5806,12.2776,1.0,3.0,0.4467,-5.9409,0.4728,0.0414,-0.7654,0.004,6.8297,-1.8529,0.3232,0.3277,0.8955,0.0179,88.8944
0.7648,-1.6622,0.0235,0.6426,0.0,0.1201,0.6466,335541.5,0.0522,5.5924,12.7235,4.0,4.0,0.0399,-0.0868,0.0338,0.0235,0.5904,0.0028,0.0811,-0.2972,0.3214,0.3441,0.7648,0.0,107.5774
0.4845,-1.357,0.0235,0.396,0.0379,0.034,0.9574,157711.05,0.8953,2.6285,11.9685,0.0,4.0,0.4337,-1.2149,0.8572,0.0614,-0.4992,0.0008,2.2549,-0.5163,0.4041,0.402,0.9574,0.0235,127.3484
0.7597,-6.7164,0.0235,0.4023,0.0279,0.0963,0.4528,245792.23,0.2879,4.0965,12.4122,2.0,3.0,0.2187,-1.9334,0.1303,0.0514,0.1144,0.0023,0.7138,-1.6395,0.2929,0.2698,0.7597,0.0235,158.3587
0.5445,-11.1349,0.205,0.1259,0.0,0.1514,0.6578,208923.81,0.1697,3.4821,12.2497,1.0,1.0,0.0924,-1.89,0.1116,0.205,-0.0438,0.031,1.3373,-3.1978,0.2649,0.2407,0.6578,0.0,75.5532
0.5674,-1.357,0.1278,0.2349,0.0,0.1737,0.5899,210870.06,0.7849,3.5145,12.259,1.0,4.0,0.4454,-1.0652,0.463,0.1278,-0.5501,0.0222,3.328,-0.3861,0.3541,0.2916,0.7849,0.0,70.1411
0.8266,-13.5854,0.0235,0.1083,0.0642,0.2836,0.4135,336879.44,0.8416,5.6147,12.7275,4.0,0.0,0.6957,-11.4335,0.348,0.0877,-0.7333,0.0067,7.6985,-2.4196,0.3659,0.3469,0.8416,0.0235,115.7334
0.6226,-21.9699,0.0795,0.451,0.0832,0.3482,0.5326,298032.22,0.0836,4.9672,12.605,4.0,0.0,0.0521,-1.8367,0.0445,0.1627,0.3674,0.0277,0.1849,-4.423,0.3144,0.2325,0.6226,0.0795,111.2938
0.6458,-1.357,0.0358,0.1807,0.0782,0.2406,0.978,232792.94,0.4154,3.8799,12.3579,2.0,4.0,0.2683,-0.5637,0.4063,0.114,-0.2347,0.0086,2.2862,-0.3498,0.3678,0.3409,0.978,0.0358,116.1712
0.4585,-2.6396,0.1425,0.3611,0.4567,0.1405,0.4049,353044.38,0.4539,5.8841,12.7744,4.0,4.0,0.2081,-1.198,0.1838,0.5992,-0.0927,0.02,1.2534,-0.4486,0.3454,0.1437,0.4585,0.1405,68.2299
0.4836,-5.169,0.1836,0.226,0.0,0.0243,0.6796,297037.66,0.9979,4.9506,12.6016,4.0,3.0,0.4826,-5.1583,0.6782,0.1836,-0.7719,0.0045,4.3954,-1.0441,0.3707,0.3685,0.9979,0.0,82.5519
0.6069,-10.8834,0.0235,0.0,0.248,0.0622,0.8592,310870.72,0.85,5.1812,12.6471,4.0,1.0,0.5159,-9.2508,0.7303,0.2715,-0.85,0.0015,845.4683,-2.1006,0.3786,0.3855,0.8592,0.0,104.0884
0.3889,-4.9683,0.0235,0.0661,0.2372,0.3617,0.791,224413.28,0.3791,3.7402,12.3212,1.0,3.0,0.1474,-1.8833,0.2998,0.2607,-0.3129,0.0085,5.6467,-1.3284,0.3211,0.2553,0.791,0.0235,126.2792
0.4381,-5.3338,0.0235,0.4585,0.2396,0.1855,0.0256,181671.7,0.7094,3.0279,12.11,0.0,3.0,0.3108,-3.7838,0.0182,0.2631,-0.2509,0.0044,1.5438,-1.7616,0.2972,0.2517,0.7094,0.0235,92.0425
0.5317,-6.5272,0.046,0.0188,0.0,0.0795,0.546,241174.55,0.6816,4.0196,12.3933,2.0,3.0,0.3624,-4.4489,0.3722,0.046,-0.6628,0.0037,34.3813,-1.6239,0.272,0.299,0.6816,0.0,70.4722
0.5783,-7.5558,0.0235,0.0,0.106,0.0794,0.6717,344622.03,0.8079,5.7437,12.7502,4.0,2.0,0.4672,-6.1041,0.5427,0.1295,-0.8079,0.0019,803.5596,-1.3155,0.3238,0.347,0.8079,0.0,135.7694
0.6385,-23.2907,0.1448,0.1856,0.0,0.0243,0.7965,220870.9,0.7379,3.6812,12.3053,1.0,0.0,0.4711,-17.1855,0.5877,0.1448,-0.5522,0.0035,3.9534,-6.327,0.3611,0.3488,0.7965,0.0,88.2989
0.5456,-13.2237,0.1479,0.2712,0.3989,0.1138,0.3615,286767.75,0.1242,4.7795,12.5664,3.0,0.0,0.0678,-1.6424,0.0449,0.5468,0.147,0.0168,0.4563,-2.7668,0.2805,0.1637,0.5456,0.1138,133.574
0.5567,-10.5679,0.043,0.1658,0.0422,0.1729,0.5478,207988.94,0.0952,3.4665,12.2452,1.0,1.0,0.053,-1.0061,0.0522,0.0852,0.0706,0.0074,0.5709,-3.0486,0.2319,0.2249,0.5567,0.0422,49.3932
0.5663,-14.0676,0.1111,0.1886,0.2826,0.373,0.5644,340830.0,0.2034,5.6805,12.7391,4.0,0.0,0.1152,-2.8613,0.1148,0.3937,-0.0148,0.0414,1.0725,-2.4765,0.3271,0.182,0.5663,0.1111,110.5429
0.975,-11.1686,0.1811,0.3676,0.2796,0.1667,0.3636,347517.84,0.5905,5.792,12.7586,4.0,1.0,0.5758,-6.5954,0.2147,0.4606,-0.2229,0.0302,1.602,-1.9283,0.4177,0.284,0.975,0.1667,150.2056
0.4948,-1.357,0.0982,0.6111,0.3979,0.0243,0.5036,229080.03,0.827,3.818,12.3418,1.0,4.0,0.4092,-1.1222,0.4165,0.4962,-0.2159,0.0024,1.351,-0.3554,0.4224,0.2815,0.827,0.0243,92.5756
0.7909,-16.1183,0.1208,0.1869,0.0,0.1116,0.7041,238543.23,0.3839,3.9757,12.3823,2.0,0.0,0.3036,-6.1873,0.2703,0.1208,-0.197,0.0135,2.0428,-4.0542,0.3283,0.3098,0.7909,0.0,118.4102
0.3769,-10.2231,0.1089,0.0783,0.0,0.4278,0.978,270866.56,0.3282,4.5144,12.5094,3.0,1.0,0.1237,-3.3552,0.321,0.1089,-0.2499,0.0466,4.138,-2.2645,0.3283,0.3298,0.978,0.0,139.2028
0.8687,-6.2845,0.1949,0.2951,0.0927,0.0243,0.5322,181621.5,0.9625,3.027,12.1097,0.0,3.0,0.8361,-6.0486,0.5122,0.2877,-0.6674,0.0047,3.2505,-2.0761,0.4243,0.3737,0.9625,0.0243,174.5308
0.4765,-8.1209,0.0733,0.498,0.0,0.3688,0.6343,234574.19,0.9602,3.9096,12.3655,2.0,2.0,0.4576,-7.7977,0.609,0.0733,-0.4622,0.027,1.9241,-2.0772,0.4302,0.328,0.9602,0.0,99.8703
0.3916,-12.99,0.0787,0.0,0.1224,0.1686,0.7549,232463.47,0.4965,3.8744,12.3565,2.0,0.0,0.1944,-6.45,0.3748,0.2011,-0.4965,0.0133,493.8861,-3.3528,0.2875,0.271,0.7549,0.0,96.8849
0.7119,-8.7448,0.0452,0.0,0.0,0.238,0.5643,232443.95,0.4474,3.8741,12.3564,2.0,2.0,0.3185,-3.9124,0.2525,0.0452,-0.4474,0.0108,445.0147,-2.2573,0.2867,0.2912,0.7119,0.0,118.7893
0.792,-2.4259,0.0235,0.3748,0.2912,0.3026,0.6217,187960.98,0.1896,3.1327,12.144,1.0,4.0,0.1502,-0.46,0.1179,0.3147,0.1852,0.0071,0.5045,-0.7744,0.3708,0.2597,0.792,0.0235,74.2287
0.7899,-6.7014,0.0235,0.1251,0.0391,0.1658,0.5346,159954.92,0.6323,2.6659,11.9827,0.0,3.0,0.4994,-4.2371,0.338,0.0626,-0.5072,0.0039,5.0146,-2.5137,0.33,0.3142,0.7899,0.0235,161.0433
0.4375,-6.7945,0.0467,0.1339,0.1269,0.2424,0.6823,229752.61,0.8363,3.8292,12.3448,1.0,3.0,0.3659,-5.6821,0.5706,0.1737,-0.7023,0.0113,6.1969,-1.7744,0.358,0.3039,0.8363,0.0467,119.798
0.476,-1.357,0.0235,0.3147,0.3528,0.0739,0.6428,295437.53,0.4118,4.924,12.5962,4.0,4.0,0.196,-0.5588,0.2647,0.3763,-0.0971,0.0017,1.3042,-0.2756,0.328,0.2184,0.6428,0.0235,100.0853
0.6737,-8.0566,0.0525,0.0,0.0,0.3454,0.646,275354.3,0.4339,4.5892,12.5258,3.0,2.0,0.2923,-3.4955,0.2803,0.0525,-0.4339,0.0181,431.5536,-1.7555,0.3074,0.2944,0.6737,0.0,80.0426
0.7326,-7.0262,0.1902,0.3321,0.2459,0.1246,0.7918,284895.78,0.0288,4.7483,12.5599,3.0,2.0,0.0211,-0.2024,0.0228,0.4361,0.3033,0.0237,0.0865,-1.4797,0.3494,0.2978,0.7918,0.0288,116.8627
0.4924,-14.4389,0.0818,0.0,0.0848,0.3546,0.453,255862.27,0.7715,4.2644,12.4524,2.0,0.0,0.3799,-11.1391,0.3494,0.1666,-0.7715,0.029,767.3536,-3.3859,0.3197,0.279,0.7715,0.0,130.6613
0.8889,-1.357,0.0548,0.3246,0.0,0.2401,0.3068,224904.42,0.7025,3.7484,12.3234,1.0,4.0,0.6245,-0.9533,0.2155,0.0548,-0.378,0.0132,2.1578,-0.362,0.3597,0.3261,0.8889,0.0,137.9778
0.6405,-11.598,0.1066,0.1688,0.0,0.1451,0.8794,307971.6,0.1826,5.1329,12.6378,4.0,1.0,0.1169,-2.1178,0.1606,0.1066,-0.0138,0.0155,1.0752,-2.2596,0.3033,0.325,0.8794,0.0,91.7797
0.7636,-6.6499,0.0235,0.3398,0.0,0.0697,0.0256,362323.38,0.6909,6.0387,12.8003,4.0,3.0,0.5275,-4.5942,0.0177,0.0235,-0.351,0.0016,2.027,-1.1012,0.2733,0.3314,0.7636,0.0,151.6127
0.5325,-8.8454,0.0235,0.094,0.1038,0.1663,0.35,274885.12,0.6259,4.5814,12.5241,3.0,2.0,0.3333,-5.5361,0.2191,0.1273,-0.5319,0.0039,6.5902,-1.9307,0.2709,0.2353,0.6259,0.0235,139.965
0.3267,-6.9278,0.171,0.241,0.1668,0.0243,0.7577,254870.86,0.8651,4.2478,12.4485,2.0,2.0,0.2827,-5.9934,0.6556,0.3378,-0.6241,0.0042,3.5751,-1.6309,0.3647,0.3199,0.8651,0.0243,120.5361
0.3548,-6.8083,0.077,0.224,0.0,0.0243,0.7496,272364.1,0.945,4.5394,12.5149,3.0,3.0,0.3353,-6.4339,0.7083,0.077,-0.721,0.0019,4.2006,-1.4998,0.3392,0.3724,0.945,0.0,138.7943
0.7537,-9.9369,0.0235,0.2917,0.0584,0.1238,0.7667,215876.4,0.2498,3.5979,12.2825,1.0,1.0,0.1883,-2.4822,0.1915,0.0819,0.0419,0.0029,0.8533,-2.7618,0.3239,0.3131,0.7667,0.0235,101.6848
0.4616,-3.6728,0.1235,0.0849,0.1334,0.3437,0.6815,273048.16,0.4698,4.5508,12.5174,3.0,4.0,0.2169,-1.7255,0.3202,0.2569,-0.3849,0.0424,5.4662,-0.8071,0.3284,0.2243,0.6815,0.0849,109.5244
0.5346,-9.8573,0.0235,0.181,0.0,0.3044,0.4746,212922.03,0.3239,3.5487,12.2687,1.0,1.0,0.1732,-3.1931,0.1537,0.0235,-0.1429,0.0072,1.7795,-2.7777,0.2632,0.207,0.5346,0.0,124.7223
0.4376,-13.9125,0.033,0.0,0.0,0.2864,0.394,232542.69,0.8277,3.8757,12.3568,2.0,0.0,0.3622,-11.5149,0.3261,0.033,-0.8277,0.0094,823.254,-3.5897,0.2827,0.3043,0.8277,0.0,138.2132
0.7461,-9.4958,0.0235,0.7155,0.0064,0.3339,0.7428,281513.53,0.2629,4.6919,12.5479,3.0,2.0,0.1961,-2.4961,0.1952,0.0299,0.4526,0.0078,0.3669,-2.0239,0.4044,0.3308,0.7461,0.0064,114.1055
0.5195,-16.3307,0.1312,0.0889,0.2225,0.158,0.6867,364020.78,0.5964,6.067,12.805,4.0,0.0,0.3098,-9.7396,0.4096,0.3537,-0.5075,0.0207,6.6362,-2.6917,0.3433,0.2489,0.6867,0.0889,104.5454
0.5316,-7.6737,0.0802,0.0,0.0,0.2319,0.9346,326741.47,0.6724,5.4457,12.6969,4.0,2.0,0.3575,-5.1598,0.6284,0.0802,-0.6724,0.0186,668.8151,-1.4091,0.3501,0.3675,0.9346,0.0,125.2161
0.7446,-11.8968,0.1715,0.6187,0.0,0.3567,0.4045,227501.28,0.0166,3.7917,12.3349,1.0,1.0,0.0124,-0.1975,0.0067,0.1715,0.6021,0.0612,0.0268,-3.1376,0.3304,0.2869,0.7446,0.0,135.3359
0.5432,-10.5837,0.0774,0.1051,0.0613,0.087,0.7222,322575.9,0.6874,5.3763,12.6841,4.0,1.0,0.3734,-7.2752,0.4964,0.1387,-0.5823,0.0067,6.4805,-1.9686,0.3262,0.3089,0.7222,0.0613,123.7341
0.8124,-13.8182,0.0235,0.243,0.1218,0.3314,0.5477,134470.98,0.2404,2.2412,11.8091,0.0,0.0,0.1953,-3.3219,0.1317,0.1453,0.0026,0.0078,0.9851,-6.1656,0.3315,0.2686,0.8124,0.0235,112.472
0.5725,-1.357,0.09,0.0779,0.0967,0.1771,0.0256,232675.5,0.9587,3.8779,12.3574,2.0,4.0,0.5489,-1.3009,0.0245,0.1867,-0.8808,0.0159,12.1533,-0.3499,0.2855,0.3492,0.9587,0.0256,117.6336
0.4288,-7.8585,0.0589,0.2568,0.493,0.0243,0.0256,160440.66,0.959,2.674,11.9857,0.0,2.0,0.4112,-7.5363,0.0246,0.5518,-0.7022,0.0014,3.7203,-2.9388,0.3209,0.3407,0.959,0.0243,73.8018
0.7493,-9.0372,0.0235,0.1599,0.1366,0.1541,0.243,263961.62,0.2622,4.3994,12.4836,3.0,2.0,0.1965,-2.3695,0.0637,0.1601,-0.1023,0.0036,1.63,-2.0542,0.2469,0.2348,0.7493,0.0235,142.3732
0.8761,-19.8674,0.1701,0.0932,0.0,0.0243,0.3135,125045.43,0.9571,2.0841,11.7364,0.0,0.0,0.8386,-19.0158,0.3001,0.1701,-0.864,0.0041,10.1634,-9.5329,0.3478,0.4028,0.9571,0.0,105.6377
0.3969,-5.965,0.0975,0.0,0.0179,0.1518,0.598,236250.58,0.8473,3.9375,12.3727,2.0,3.0,0.3363,-5.0543,0.5067,0.1154,-0.8473,0.0148,842.8159,-1.5149,0.3013,0.3241,0.8473,0.0,121.4866
0.4969,-8.5911,0.0546,0.426,0.0,0.0243,0.8361,252318.28,0.7869,4.2053,12.4385,2.0,2.0,0.391,-6.76,0.6579,0.0546,-0.3609,0.0013,1.8429,-2.0429,0.375,0.3573,0.8361,0.0,141.6922
0.8979,-11.3712,0.0235,0.5671,0.1624,0.2918,0.8121,210816.7,0.0394,3.5136,12.2587,1.0,1.0,0.0354,-0.448,0.032,0.1859,0.5277,0.0069,0.0693,-3.2363,0.3992,0.3618,0.8979,0.0235,132.0146
0.5717,-14.2598,0.1107,0.2467,0.0251,0.1191,0.7427,272734.47,0.0566,4.5456,12.5163,3.0,0.0,0.0324,-0.8071,0.042,0.1358,0.1901,0.0132,0.2285,-3.1371,0.2675,0.2795,0.7427,0.0251,168.1419
0.7616,-11.8172,0.0613,0.0,0.3488,0.0429,0.5641,316859.78,0.7668,5.281,12.6662,4.0,1.0,0.584,-9.0614,0.4325,0.4101,-0.7668,0.0026,762.7118,-2.2377,0.3637,0.3386,0.7668,0.0,129.1151
0.6499,-4.9285,0.0753,0.2071,0.0141,0.3275,0.9089,241203.38,0.1459,4.0201,12.3934,2.0,3.0,0.0948,-0.7189,0.1326,0.0894,0.0612,0.0247,0.701,-1.226,0.3327,0.3294,0.9089,0.0141,103.139
0.4869,-12.399,0.0235,0.0567,0.0,0.0786,0.2771,237738.94,0.9487,3.9623,12.3789,2.0,0.0,0.4619,-11.7625,0.2629,0.0235,-0.8919,0.0018,16.4305,-3.1292,0.2674,0.3472,0.9487,0.0,107.2993
0.5691,-11.2947,0.0235,0.1209,0.0112,0.0948,0.564,328859.97,0.5605,5.481,12.7034,4.0,1.0,0.319,-6.3303,0.3161,0.0347,-0.4396,0.0022,4.599,-2.0607,0.2777,0.271,0.5691,0.0112,133.1054
0.6041,-8.8463,0.058,0.3495,0.0,0.0243,0.6769,228846.05,0.6645,3.8141,12.3408,1.0,2.0,0.4014,-5.8781,0.4498,0.058,-0.3149,0.0014,1.8957,-2.3194,0.3396,0.3118,0.6769,0.0,101.2306
0.6111,-11.1737,0.1227,0.0,0.0,0.142,0.7347,276586.84,0.569,4.6098,12.5303,3.0,1.0,0.3477,-6.3578,0.418,0.1227,-0.569,0.0174,565.9664,-2.4239,0.3114,0.3145,0.7347,0.0,129.3614
0.4631,-12.3441,0.0235,0.1917,0.0,0.0465,0.7521,141162.98,0.9083,2.3527,11.8577,0.0,1.0,0.4206,-11.2117,0.6831,0.0235,-0.7166,0.0011,4.7141,-5.2467,0.3407,0.3723,0.9083,0.0,144.6355
0.7567,-8.8189,0.0774,0.3338,0.2321,0.3896,0.693,254830.52,0.0875,4.2472,12.4484,2.0,2.0,0.0662,-0.7714,0.0606,0.3095,0.2464,0.0302,0.2612,-2.0764,0.3672,0.2708,0.7567,0.0774,65.9035
0.3623,-7.9073,0.0889,0.0,0.0522,0.1186,0.4979,326746.44,0.6715,5.4458,12.6969,4.0,2.0,0.2433,-5.3095,0.3343,0.1412,-0.6715,0.0106,667.8868,-1.452,0.2559,0.257,0.6715,0.0,125.1915
0.6466,-12.0996,0.0953,0.0,0.0,0.0243,0.4548,271022.12,0.5918,4.517,12.51,3.0,1.0,0.3827,-7.1605,0.2692,0.0953,-0.5918,0.0023,588.6448,-2.6787,0.259,0.2931,0.6466,0.0,122.2571
0.7235,-12.9282,0.05,0.3478,0.0874,0.2667,0.6856,261629.64,0.0117,4.3605,12.4747,3.0,0.0,0.0084,-0.1508,0.008,0.1375,0.3361,0.0133,0.0335,-2.9648,0.3104,0.2948,0.7235,0.0117,135.1217
0.5394,-2.9144,0.099,0.1399,0.2318,0.0243,0.5869,253739.14,0.5355,4.229,12.4441,2.0,4.0,0.2888,-1.5606,0.3143,0.3308,-0.3955,0.0024,3.7998,-0.6891,0.3081,0.2385,0.5869,0.0243,138.463
0.5555,-8.556,0.0774,0.0018,0.0994,0.2477,0.6229,177951.81,0.7645,2.9659,12.0893,0.0,2.0,0.4247,-6.5408,0.4762,0.1768,-0.7627,0.0192,275.17,-2.8848,0.3385,0.3045,0.7645,0.0018,97.2883
0.5668,-2.5042,0.0235,0.0681,0.3974,0.1708,0.5158,281094.34,0.9079,4.6849,12.5464,3.0,4.0,0.5146,-2.2737,0.4683,0.4209,-0.8398,0.004,13.133,-0.5345,0.3786,0.3163,0.9079,0.0235,180.8694
0.6368,-17.6535,0.143,0.1575,0.0,0.3099,0.5814,141423.22,0.3942,2.3571,11.8595,0.0,0.0,0.251,-6.959,0.2292,0.143,-0.2367,0.0443,2.4865,-7.4896,0.3175,0.2361,0.6368,0.0,106.9871
0.7153,-12.1812,0.0235,0.0625,0.0,0.2369,0.3816,182841.05,0.8741,3.0474,12.1164,0.0,1.0,0.6253,-10.648,0.3336,0.0235,-0.8117,0.0056,13.7766,-3.9973,0.3277,0.3489,0.8741,0.0,147.0279
0.4437,-4.903,0.0235,0.1538,0.0,0.2579,0.456,208769.69,0.8127,3.4795,12.249,1.0,3.0,0.3605,-3.9845,0.3706,0.0235,-0.6589,0.0061,5.2503,-1.4091,0.3068,0.2878,0.8127,0.0,165.2527
0.6838,-11.478,0.1841,0.3423,0.0,0.2379,0.6168,252941.36,0.0529,4.2157,12.4409,2.0,1.0,0.0362,-0.6068,0.0326,0.1841,0.2894,0.0438,0.154,-2.7227,0.3025,0.2639,0.6838,0.0,101.1657
0.3901,-13.1774,0.2066,0.2216,0.2749,0.0243,0.2916,225223.81,0.8762,3.7537,12.3249,1.0,0.0,0.3418,-11.546,0.2555,0.4814,-0.6546,0.005,3.9362,-3.5105,0.3265,0.2667,0.8762,0.0243,123.6256
0.738,-1.357,0.1248,0.425,0.0,0.1947,0.7516,182981.81,0.5474,3.0497,12.1171,1.0,4.0,0.404,-0.7428,0.4114,0.1248,-0.1224,0.0243,1.285,-0.445,0.3974,0.2994,0.7516,0.0,121.4362
0.7059,-12.6424,0.0235,0.5565,0.4443,0.2815,0.55,224299.75,0.1462,3.7383,12.3207,1.0,0.0,0.1032,-1.8483,0.0804,0.4678,0.4103,0.0066,0.2622,-3.3818,0.3868,0.2455,0.7059,0.0235,94.8232
0.6308,-1.357,0.0829,0.3886,0.0772,0.0243,0.2323,208861.22,0.2699,3.481,12.2494,1.0,4.0,0.1703,-0.3663,0.0627,0.1601,0.1187,0.002,0.6928,-0.3898,0.2437,0.2135,0.6308,0.0243,106.8943
0.4523,-5.2998,0.0939,0.1216,0.155,0.2506,0.7995,235846.4,0.4258,3.9308,12.3709,2.0,3.0,0.1926,-2.2567,0.3404,0.2489,-0.3042,0.0235,3.4743,-1.3483,0.3284,0.2519,0.7995,0.0939,164.1628
0.7798,-8.9179,0.0235,0.2967,0.4543,0.2698,0.8089,332911.8,0.1227,5.5485,12.7156,4.0,2.0,0.0957,-1.0939,0.0992,0.4778,0.174,0.0063,0.4121,-1.6073,0.3937,0.3056,0.8089,0.0235,153.1412
0.7262,-12.0588,0.053,0.2349,0.3463,0.2514,0.8121,210821.72,0.0875,3.5137,12.2588,1.0,1.0,0.0635,-1.0547,0.071,0.3994,0.1474,0.0133,0.3708,-3.4319,0.3588,0.2985,0.8121,0.053,93.1588
0.7889,-11.2729,0.067,0.0,0.4051,0.2088,0.566,255770.8,0.9967,4.2628,12.452,2.0,1.0,0.7863,-11.2353,0.5641,0.4721,-0.9967,0.014,991.353,-2.6445,0.4332,0.373,0.9967,0.0,125.5032
0.5908,-8.257,0.0581,0.0,0.078,0.2049,0.8377,149853.84,0.6655,2.4976,11.9174,0.0,2.0,0.3932,-5.4953,0.5575,0.136,-0.6655,0.0119,661.9851,-3.306,0.3479,0.3411,0.8377,0.0,93.0441
0.78,-8.3845,0.2047,0.0562,0.0,0.2448,0.978,246066.16,0.7193,4.1011,12.4134,2.0,2.0,0.5611,-6.0312,0.7035,0.2047,-0.6631,0.0501,12.5729,-2.0444,0.4261,0.3907,0.978,0.0,78.3007
0.6536,-18.2716,0.1001,0.0045,0.0649,0.2186,0.6644,282296.47,0.8581,4.7049,12.5507,3.0,0.0,0.5609,-15.6794,0.5701,0.165,-0.8536,0.0219,155.9663,-3.8835,0.3663,0.3483,0.8581,0.0045,78.6683
0.4319,-18.1119,0.1537,0.0,0.348,0.0243,0.7959,156849.55,0.7649,2.6142,11.963,0.0,0.0,0.3303,-13.8532,0.6087,0.5016,-0.7649,0.0037,760.7888,-6.9284,0.3598,0.3276,0.7959,0.0,108.3606
0.3155,-8.1356,0.0235,0.6704,0.0,0.0595,0.3601,136486.84,0.1919,2.2748,11.824,0.0,2.0,0.0605,-1.561,0.0691,0.0235,0.4786,0.0014,0.2858,-3.5764,0.2316,0.2395,0.6704,0.0,101.2408
0.6589,-2.6112,0.1108,0.0,0.5159,0.083,0.5663,230129.52,0.928,3.8355,12.3464,1.0,4.0,0.6115,-2.4232,0.5255,0.6267,-0.928,0.0092,923.0524,-0.6808,0.409,0.3489,0.928,0.0,132.2769
0.4136,-16.5771,0.0235,0.2724,0.1235,0.1317,0.6416,232888.86,0.3075,3.8815,12.3583,2.0,0.0,0.1272,-5.0969,0.1973,0.147,-0.0351,0.0031,1.1246,-4.2708,0.2734,0.2087,0.6416,0.0235,135.1567
0.473,-8.5645,0.0717,0.0049,0.0,0.0243,0.4024,373437.75,0.719,6.224,12.8305,4.0,2.0,0.3401,-6.1579,0.2893,0.0717,-0.7141,0.0017,120.8718,-1.3761,0.2422,0.288,0.719,0.0,86.6364
0.4871,-8.8871,0.1108,0.665,0.0,0.2599,0.7498,215895.14,0.0239,3.5983,12.2826,1.0,2.0,0.0116,-0.2121,0.0179,0.1108,0.6411,0.0288,0.0358,-2.4698,0.3281,0.3079,0.7498,0.0,145.559
0.7039,-7.1363,0.1536,0.0562,0.1303,0.0701,0.5239,299390.94,0.8277,4.9898,12.6095,4.0,2.0,0.5826,-5.9065,0.4336,0.2839,-0.7715,0.0108,14.4714,-1.4302,0.3522,0.3253,0.8277,0.0562,127.9759
0.4355,-7.1378,0.0688,0.0,0.3556,0.0581,0.8342,260169.98,0.8673,4.3362,12.4691,3.0,2.0,0.3777,-6.1909,0.7235,0.4244,-0.8673,0.004,862.7092,-1.6461,0.3742,0.3633,0.8673,0.0,107.3655
0.7166,-3.9864,0.0235,0.5799,0.0,0.2565,0.6869,153776.88,0.1489,2.5629,11.9433,0.0,3.0,0.1067,-0.5937,0.1023,0.0235,0.4309,0.006,0.2564,-1.5554,0.3446,0.3106,0.7166,0.0,57.1244
0.514,-8.5945,0.0899,0.0,0.2378,0.3006,0.4437,164886.25,0.7799,2.7481,12.013,0.0,2.0,0.4008,-6.7025,0.346,0.3277,-0.7799,0.027,775.7088,-3.1274,0.338,0.266,0.7799,0.0,84.6356
0.7155,-8.594,0.0584,0.5393,0.015,0.3168,0.6789,255828.69,0.0117,4.2638,12.4523,2.0,2.0,0.0083,-0.1003,0.0079,0.0734,0.5276,0.0185,0.0216,-2.0156,0.3336,0.3132,0.7155,0.0117,109.2593
0.7757,-12.8697,0.161,0.4899,0.3238,0.222,0.5811,246743.1,0.0299,4.1124,12.4161,2.0,0.0,0.0232,-0.3844,0.0174,0.4848,0.46,0.0357,0.0608,-3.1295,0.3691,0.2604,0.7757,0.0299,137.1793
0.3689,-1.357,0.0235,0.1288,0.0,0.0376,0.516,227070.97,0.9343,3.7845,12.333,1.0,4.0,0.3446,-1.2678,0.482,0.0235,-0.8055,0.0009,7.197,-0.3586,0.287,0.3457,0.9343,0.0,124.3478
0.7159,-7.1694,0.0947,0.2818,0.2739,0.0243,0.7191,269931.25,0.2435,4.4989,12.5059,3.0,2.0,0.1743,-1.7455,0.1751,0.3686,0.0383,0.0023,0.8609,-1.5936,0.3362,0.2774,0.7191,0.0243,143.973
0.7633,-1.5636,0.1738,0.3966,0.0,0.1161,0.4104,332095.22,0.4154,5.5349,12.7132,4.0,4.0,0.3171,-0.6495,0.1705,0.1738,-0.0188,0.0202,1.0448,-0.2825,0.3251,0.2533,0.7633,0.0,138.6148
0.8949,-7.7548,0.0235,0.2659,0.0365,0.2254,0.0256,143900.66,0.4448,2.3983,11.8769,0.0,2.0,0.398,-3.4494,0.0114,0.06,-0.1789,0.0053,1.6666,-3.2334,0.2738,0.3157,0.8949,0.0235,95.1881
0.6342,-10.7521,0.1086,0.3099,0.0373,0.0243,0.6361,254884.64,0.6119,4.2481,12.4486,2.0,1.0,0.388,-6.5788,0.3892,0.1458,-0.3019,0.0026,1.9679,-2.531,0.3375,0.2869,0.6361,0.0243,135.2596
0.7669,-5.5278,0.0555,0.3859,0.1514,0.1668,0.6876,317621.1,0.1469,5.2937,12.6686,4.0,3.0,0.1126,-0.8119,0.101,0.2069,0.2391,0.0093,0.3796,-1.0442,0.3373,0.2854,0.7669,0.0555,132.2772
0.679,-3.3354,0.13,0.299,0.1867,0.2924,0.6376,183501.34,0.099,3.0584,12.12,1.0,4.0,0.0672,-0.3302,0.0631,0.3167,0.2,0.038,0.33,-1.0906,0.332,0.2355,0.679,0.099,88.5513
0.4387,-16.4177,0.0868,0.0,0.0746,0.1329,0.6388,251046.86,0.7575,4.1841,12.4334,2.0,0.0,0.3323,-12.4369,0.4839,0.1614,-0.7575,0.0115,753.4946,-3.9238,0.3042,0.3048,0.7575,0.0,85.1522
0.7511,-16.4025,0.1328,0.2595,0.2239,0.2466,0.5309,225842.97,0.2118,3.764,12.3276,1.0,0.0,0.1591,-3.4741,0.1125,0.3567,0.0477,0.0327,0.8129,-4.3577,0.3367,0.2212,0.7511,0.1328,121.1289
0.4375,-3.7228,0.0235,0.2488,0.0,0.4025,0.978,142617.64,0.2557,2.377,11.8679,0.0,4.0,0.1119,-0.952,0.2501,0.0235,-0.007,0.0095,1.0239,-1.5662,0.3351,0.3295,0.978,0.0,87.5063
0.3778,-1.357,0.0678,0.0,0.0,0.0597,0.6471,283566.06,0.5931,4.7261,12.5552,3.0,4.0,0.224,-0.8048,0.3837,0.0678,-0.5931,0.004,589.9048,-0.2871,0.2493,0.2846,0.6471,0.0,95.68
0.5568,-6.6393,0.0235,0.5674,0.2529,0.2046,0.2379,226560.81,0.7359,3.776,12.3308,1.0,3.0,0.4097,-4.8856,0.1751,0.2764,-0.1685,0.0048,1.2947,-1.7583,0.3684,0.2537,0.7359,0.0235,114.3251
0.3878,-4.717,0.0345,0.3088,0.0058,0.0243,0.7937,224055.33,0.3944,3.7343,12.3197,1.0,3.0,0.1529,-1.8604,0.313,0.0403,-0.0856,0.0008,1.2729,-1.2632,0.2785,0.2859,0.7937,0.0058,78.7394
0.6089,-6.0843,0.0569,0.1055,0.0279,0.2199,0.5548,225719.81,0.7179,3.762,12.3271,1.0,3.0,0.4371,-4.3677,0.3983,0.0848,-0.6124,0.0125,6.7399,-1.6173,0.3274,0.2907,0.7179,0.0279,141.1385
0.6338,-1.357,0.0235,0.0928,0.1661,0.1769,0.4477,255850.7,0.3119,4.2642,12.4524,2.0,4.0,0.1977,-0.4232,0.1396,0.1896,-0.2191,0.0042,3.3255,-0.3182,0.2647,0.2149,0.6338,0.0235,94.0398
0.6327,-1.7045,0.0772,0.3827,0.0731,0.2678,0.7516,226748.44,0.5195,3.7791,12.3316,1.0,4.0,0.3287,-0.8855,0.3905,0.1502,-0.1367,0.0207,1.3538,-0.451,0.3864,0.2645,0.7516,0.0731,115.4009
0.4089,-6.9123,0.0235,0.1359,0.1498,0.0585,0.2709,256841.94,0.4155,4.2807,12.4562,2.0,3.0,0.1699,-2.8718,0.1126,0.1733,-0.2795,0.0014,3.0343,-1.6148,0.209,0.1593,0.4155,0.0235,87.2761
0.4587,-4.9814,0.0637,0.121,0.0,0.0243,0.6649,310868.72,0.7976,5.1811,12.6471,4.0,3.0,0.3659,-3.9732,0.5303,0.0637,-0.6766,0.0015,6.539,-0.9615,0.3043,0.3316,0.7976,0.0,117.649
0.7115,-14.1396,0.0582,0.1927,0.0,0.3036,0.404,258122.88,0.0758,4.302,12.4612,2.0,0.0,0.0539,-1.0718,0.0306,0.0582,0.1169,0.0177,0.3913,-3.2867,0.2494,0.2491,0.7115,0.0,155.6818
0.5087,-6.0759,0.1718,0.0491,0.0212,0.1645,0.4746,240426.27,0.5045,4.0071,12.3902,2.0,3.0,0.2567,-3.0655,0.2394,0.193,-0.4555,0.0283,10.0798,-1.5163,0.2706,0.2181,0.5087,0.0212,87.5968
0.6814,-15.6414,0.0235,0.0,0.3349,0.3313,0.3745,250537.66,0.6914,4.1756,12.4314,2.0,0.0,0.4711,-10.8145,0.259,0.3584,-0.6914,0.0078,687.7138,-3.7459,0.3481,0.2759,0.6914,0.0,128.5866
0.4327,-10.6156,0.1009,0.0,0.0,0.4633,0.668,325965.62,0.5152,5.4328,12.6946,4.0,1.0,0.2229,-5.4691,0.3441,0.1009,-0.5152,0.0467,512.4532,-1.954,0.3114,0.2722,0.668,0.0,150.3179
0.6357,-23.7848,0.0243,0.2939,0.0,0.0243,0.2478,254874.86,0.6335,4.2479,12.4485,2.0,0.0,0.4027,-15.0669,0.157,0.0243,-0.3395,0.0006,2.1479,-5.5992,0.2656,0.277,0.6357,0.0,83.5478
0.6489,-11.2398,0.141,0.1585,0.0113,0.2444,0.4965,275822.12,0.0179,4.597,12.5275,3.0,1.0,0.0116,-0.2016,0.0089,0.1522,0.1406,0.0345,0.1124,-2.445,0.2455,0.2418,0.6489,0.0113,121.7973
0.361,-3.8047,0.143,0.0134,0.0449,0.1615,0.8148,260219.55,0.6867,4.337,12.4693,3.0,4.0,0.2479,-2.6128,0.5595,0.1879,-0.6733,0.0231,47.6556,-0.8773,0.3179,0.3181,0.8148,0.0134,129.1076
0.8741,-2.7737,0.0235,0.0,0.0,0.2296,0.61,231294.4,0.7125,3.8549,12.3515,2.0,4.0,0.6228,-1.9762,0.4346,0.0235,-0.7125,0.0054,708.6682,-0.7195,0.35,0.3741,0.8741,0.0,134.6716
0.8598,-3.5776,0.1388,0.0984,0.0,0.0947,0.599,248706.16,0.3698,4.1451,12.424,2.0,4.0,0.3179,-1.323,0.2215,0.1388,-0.2714,0.0131,3.7205,-0.8631,0.3086,0.3178,0.8598,0.0,146.3054
0.6685,-14.5849,0.1834,0.475,0.4967,0.2901,0.3101,261831.98,0.1513,4.3639,12.4755,3.0,0.0,0.1011,-2.2062,0.0469,0.68,0.3238,0.0532,0.3178,-3.3422,0.3679,0.1866,0.6685,0.1513,121.4783
0.5675,-6.9142,0.1289,0.246,0.3629,0.1417,0.978,222479.92,0.3862,3.708,12.3126,1.0,3.0,0.2192,-2.6703,0.3777,0.4918,-0.1402,0.0183,1.5634,-1.8647,0.4016,0.2965,0.978,0.1289,134.2559
0.6392,-13.454,0.0554,0.3215,0.2403,0.207,0.8483,300121.12,0.0151,5.002,12.6119,4.0,0.0,0.0096,-0.2027,0.0128,0.2957,0.3065,0.0115,0.0467,-2.6897,0.3324,0.3061,0.8483,0.0151,141.2816
0.369,-1.357,0.1011,0.2313,0.0,0.2456,0.978,353076.66,0.3334,5.8846,12.7744,4.0,4.0,0.123,-0.4524,0.3261,0.1011,-0.1021,0.0248,1.4354,-0.2306,0.3226,0.316,0.978,0.0,129.5389
0.7517,-15.5107,0.1479,0.6332,0.0299,0.1169,0.8376,120982.0,0.0115,2.0164,11.7034,0.0,0.0,0.0086,-0.1779,0.0096,0.1778,0.6218,0.0173,0.0181,-7.6924,0.3612,0.363,0.8376,0.0115,192.0622
0.6045,-5.6147,0.1514,0.2656,0.0,0.0982,0.6267,63973.0,0.3852,1.0662,11.0662,0.0,3.0,0.2328,-2.1628,0.2414,0.1514,-0.1196,0.0149,1.4447,-5.266,0.3045,0.2451,0.6267,0.0,129.5244
0.6615,-11.5934,0.0235,0.0,0.1446,0.2438,0.2648,178023.36,0.6321,2.9671,12.0897,0.0,1.0,0.4181,-7.3286,0.1674,0.1681,-0.6321,0.0057,628.7632,-3.9074,0.2815,0.2688,0.6615,0.0,107.9679
0.7968,-3.2701,0.0235,0.0167,0.252,0.2888,0.6206,283571.4,0.4589,4.7262,12.5552,3.0,4.0,0.3656,-1.5005,0.2848,0.2755,-0.4421,0.0068,25.8657,-0.6919,0.351,0.2932,0.7968,0.0167,96.9024
0.6388,-5.8864,0.061,0.062,0.0,0.1359,0.4374,239995.42,0.769,3.9999,12.3884,2.0,3.0,0.4913,-4.5267,0.3364,0.061,-0.707,0.0083,12.208,-1.4716,0.3006,0.3121,0.769,0.0,166.4452
0.6243,-10.2756,0.0952,0.0983,0.143,0.161,0.5414,214841.95,0.5393,3.5807,12.2777,1.0,1.0,0.3367,-5.5413,0.2919,0.2382,-0.441,0.0153,5.4317,-2.8697,0.3146,0.2401,0.6243,0.0952,156.5416
0.4616,-13.946,0.0992,0.0992,0.0,0.0243,0.3838,275722.56,0.7441,4.5954,12.5272,3.0,0.0,0.3435,-10.3777,0.2856,0.0992,-0.645,0.0024,7.4294,-3.0348,0.2589,0.2785,0.7441,0.0,87.983
0.7476,-6.8477,0.1111,0.0,0.2841,0.2413,0.6243,352392.66,0.3958,5.8732,12.7725,4.0,3.0,0.2959,-2.7103,0.2471,0.3951,-0.3958,0.0268,393.6898,-1.1659,0.3434,0.268,0.7476,0.0,124.6873
0.735,-8.5942,0.0235,0.0,0.4927,0.177,0.2478,261523.72,0.5967,4.3587,12.4743,3.0,2.0,0.4386,-5.1284,0.1479,0.5162,-0.5967,0.0042,593.5519,-1.9717,0.3247,0.2871,0.735,0.0,182.8489
0.7155,-9.083,0.0235,0.0127,0.0,0.134,0.5672,235847.33,0.8341,3.9308,12.3709,2.0,2.0,0.5968,-7.5764,0.4731,0.0235,-0.8214,0.0031,60.916,-2.3107,0.3267,0.3653,0.8341,0.0,101.9832
0.5694,-19.0574,0.0235,0.1737,0.0,0.4821,0.7435,131472.12,0.3657,2.1912,11.7866,0.0,0.0,0.2083,-6.9699,0.2719,0.0235,-0.192,0.0113,2.0935,-8.6972,0.3369,0.2827,0.7435,0.0,93.6368
0.553,-3.0906,0.0727,0.995,0.247,0.1928,0.6417,246562.92,0.2064,4.1094,12.4154,2.0,4.0,0.1141,-0.6379,0.1324,0.3198,0.7886,0.014,0.2072,-0.7521,0.4155,0.3279,0.995,0.0727,119.7284
0.7049,-3.8362,0.0235,0.7349,0.079,0.1748,0.3835,134072.27,0.5265,2.2345,11.8061,0.0,4.0,0.3711,-2.0196,0.2019,0.1025,0.2084,0.0041,0.7155,-1.7168,0.3753,0.2923,0.7349,0.0235,144.0033
0.8591,-5.9821,0.0553,0.0135,0.35,0.2707,0.978,270058.0,0.8183,4.501,12.5064,3.0,3.0,0.703,-4.8953,0.8003,0.4052,-0.8048,0.015,56.3064,-1.3291,0.4778,0.401,0.978,0.0135,126.489
0.3981,-14.6516,0.1106,0.995,0.4927,0.2678,0.591,294749.03,0.0559,4.9125,12.5939,4.0,0.0,0.0222,-0.8185,0.033,0.6033,0.9391,0.0296,0.0561,-2.9825,0.4159,0.3207,0.995,0.0559,79.1244
0.6768,-3.2759,0.144,0.2339,0.3148,0.0243,0.54,241364.4,0.7571,4.0227,12.3941,2.0,4.0,0.5124,-2.4801,0.4088,0.4588,-0.5232,0.0035,3.2234,-0.8143,0.3844,0.278,0.7571,0.0243,112.6057
0.6191,-8.7386,0.0812,0.4429,0.2545,0.0243,0.6746,151669.64,0.5321,2.5278,11.9295,0.0,2.0,0.3295,-4.6501,0.359,0.3357,-0.0892,0.002,1.1988,-3.457,0.3755,0.259,0.6746,0.0243,120.1348
0.7434,-7.0014,0.0303,0.4596,0.0,0.0243,0.3965,165796.98,0.6285,2.7633,12.0185,0.0,2.0,0.4672,-4.4001,0.2492,0.0303,-0.1688,0.0007,1.3644,-2.5337,0.3261,0.3091,0.7434,0.0,183.4708
0.4925,-3.7546,0.0235,0.0,0.2689,0.0828,0.4701,111944.305,0.8445,1.8657,11.6258,0.0,4.0,0.416,-3.1709,0.397,0.2924,-0.8445,0.0019,840.0308,-2.0124,0.3118,0.3099,0.8445,0.0,133.249
0.9674,-1.357,0.0691,0.5259,0.2523,0.364,0.0256,316718.03,0.8293,5.2786,12.6658,4.0,4.0,0.8023,-1.1254,0.0212,0.3214,-0.3034,0.0251,1.5739,-0.2571,0.4334,0.3622,0.9674,0.0256,113.0964
0.6819,-15.0792,0.0235,0.478,0.0,0.2739,0.4727,171370.47,0.0643,2.8562,12.0516,0.0,0.0,0.0438,-0.9691,0.0304,0.0235,0.4137,0.0064,0.1342,-5.2795,0.2849,0.2672,0.6819,0.0,95.1608
0.8048,-11.292,0.104,0.1771,0.2818,0.2714,0.0256,233855.48,0.6164,3.8976,12.3625,2.0,1.0,0.4961,-6.9604,0.0158,0.3858,-0.4393,0.0282,3.4614,-2.8972,0.3259,0.2829,0.8048,0.0256,110.7449
0.6404,-1.357,0.0235,0.6279,0.3375,0.1515,0.7064,309301.94,0.4513,5.155,12.6421,4.0,4.0,0.289,-0.6125,0.3188,0.361,0.1765,0.0036,0.7177,-0.2632,0.4198,0.2617,0.7064,0.0235,108.5356
0.639,-1.357,0.0235,0.1425,0.0131,0.0988,0.3556,209716.44,0.8591,3.4953,12.2535,1.0,4.0,0.549,-1.1658,0.3055,0.0366,-0.7166,0.0023,5.987,-0.3882,0.3045,0.3303,0.8591,0.0131,151.3825
0.5646,-10.0975,0.1812,0.331,0.0,0.3917,0.3626,280235.53,0.0495,4.6706,12.5434,3.0,1.0,0.0279,-0.4995,0.0179,0.1812,0.2815,0.071,0.149,-2.1619,0.2687,0.2014,0.5646,0.0,93.5727
0.4037,-7.2976,0.1808,0.0669,0.0,0.0243,0.5797,282408.62,0.7749,4.7068,12.5511,3.0,2.0,0.3129,-5.6552,0.4492,0.1808,-0.708,0.0044,11.406,-1.5504,0.2901,0.3023,0.7749,0.0,153.8016
0.4524,-11.5669,0.0866,0.1297,0.0,0.2745,0.658,348028.53,0.3795,5.8005,12.76,4.0,1.0,0.1717,-4.3892,0.2497,0.0866,-0.2497,0.0238,2.9027,-1.9941,0.283,0.2312,0.658,0.0,109.2299
0.9033,-4.5747,0.0402,0.0,0.0,0.1558,0.0256,295841.28,0.6193,4.9307,12.5976,4.0,3.0,0.5594,-2.8333,0.0159,0.0402,-0.6193,0.0063,616.0314,-0.9278,0.2492,0.3632,0.9033,0.0,157.005
0.7692,-12.9801,0.0235,0.0,0.0,0.4106,0.6837,230927.61,0.4425,3.8488,12.3499,2.0,0.0,0.3403,-5.7433,0.3025,0.0235,-0.4425,0.0096,440.1077,-3.3725,0.3328,0.3288,0.7692,0.0,94.0953
0.4889,-9.7456,0.0435,0.3816,0.0,0.0976,0.7264,213175.39,0.8457,3.5529,12.2699,1.0,1.0,0.4135,-8.2415,0.6143,0.0435,-0.464,0.0042,2.2101,-2.743,0.3691,0.3379,0.8457,0.0,106.824
0.6513,-8.7705,0.0235,0.1734,0.3895,0.3368,0.7883,224932.0,0.1576,3.7489,12.3236,1.0,2.0,0.1026,-1.3822,0.1242,0.413,0.0158,0.0079,0.9036,-2.3395,0.3601,0.2765,0.7883,0.0235,124.0517
0.564,-9.0349,0.0477,0.1026,0.113,0.38,0.6084,224302.9,0.4347,3.7384,12.3208,1.0,2.0,0.2452,-3.9278,0.2645,0.1607,-0.3322,0.0181,4.1977,-2.4168,0.3215,0.2323,0.6084,0.0477,106.035
0.6341,-4.8901,0.185,0.6179,0.266,0.1059,0.4098,273684.78,0.5944,4.5614,12.5197,3.0,3.0,0.3769,-2.9067,0.2436,0.451,0.0235,0.0196,0.9604,-1.0721,0.4019,0.2201,0.6341,0.1059,74.3164
0.6878,-13.6738,0.1567,0.2701,0.0,0.0994,0.7088,372372.44,0.5995,6.2062,12.8277,4.0,0.0,0.4123,-8.197,0.4249,0.1567,-0.3294,0.0156,2.2112,-2.2032,0.3603,0.2982,0.7088,0.0,131.2319
0.8235,-6.8488,0.0235,0.0491,0.0539,0.067,0.0528,183772.94,0.9499,3.0629,12.1215,1.0,3.0,0.7822,-6.5054,0.0501,0.0774,-0.9008,0.0016,18.965,-2.236,0.2885,0.4105,0.9499,0.0235,121.6809
0.5065,-6.8392,0.0235,0.3099,0.1141,0.2501,0.777,254718.97,0.4059,4.2453,12.4479,2.0,3.0,0.2056,-2.7763,0.3154,0.1376,-0.096,0.0059,1.3055,-1.611,0.341,0.2527,0.777,0.0235,72.2427
0.5644,-2.2358,0.0235,0.0319,0.0743,0.2087,0.3397,276977.72,0.711,4.6163,12.5317,3.0,4.0,0.4013,-1.5897,0.2415,0.0978,-0.6791,0.0049,21.6047,-0.4843,0.2791,0.2723,0.711,0.0235,119.0466
0.4529,-5.611,0.0235,0.4588,0.0,0.0823,0.3512,252625.08,0.7397,4.2104,12.4397,2.0,3.0,0.335,-4.1503,0.2598,0.0235,-0.2808,0.0019,1.6085,-1.3326,0.3012,0.2764,0.7397,0.0,114.0595
0.8499,-1.357,0.1298,0.4749,0.3055,0.1165,0.978,290776.1,0.4031,4.8463,12.5803,3.0,4.0,0.3425,-0.547,0.3942,0.4353,0.0718,0.0151,0.8469,-0.28,0.4654,0.3353,0.978,0.1165,159.3728
0.7176,-6.8675,0.078,0.0,0.3055,0.1301,0.3761,261668.4,0.8907,4.3611,12.4748,3.0,3.0,0.6392,-6.1166,0.335,0.3836,-0.8907,0.0102,885.9182,-1.5747,0.3569,0.3353,0.8907,0.0,148.6971
0.51,-7.8979,0.0235,0.0873,0.0,0.1227,0.4058,232899.86,0.7705,3.8817,12.3584,2.0,2.0,0.393,-6.0851,0.3127,0.0235,-0.6832,0.0029,8.7264,-2.0347,0.2743,0.293,0.7705,0.0,129.2011
0.7229,-18.3935,0.0386,0.1524,0.0,0.38,0.5026,244942.34,0.6359,4.0824,12.4088,2.0,0.0,0.4597,-11.6958,0.3196,0.0386,-0.4835,0.0147,4.146,-4.5056,0.3475,0.2897,0.7229,0.0,147.2496
0.7376,-9.7662,0.0235,0.0,0.0,0.371,0.5948,161130.22,0.2314,2.6855,11.99,0.0,1.0,0.1707,-2.2599,0.1376,0.0235,-0.2314,0.0087,230.1663,-3.6366,0.2798,0.3005,0.7376,0.0,129.902
0.4469,-10.9174,0.0868,0.0867,0.0,0.0243,0.2669,290530.78,0.5669,4.8422,12.5795,3.0,1.0,0.2533,-6.1887,0.1513,0.0868,-0.4802,0.0021,6.4645,-2.2546,0.2112,0.222,0.5669,0.0,71.3087
0.7638,-10.7917,0.1011,0.4067,0.0998,0.2714,0.7322,257743.12,0.0787,4.2957,12.4597,2.0,1.0,0.0601,-0.8489,0.0576,0.2009,0.328,0.0274,0.193,-2.5122,0.3505,0.2958,0.7638,0.0787,115.9117
0.6441,-10.837,0.1558,0.4147,0.3369,0.2925,0.6343,256743.19,0.0289,4.2791,12.4558,2.0,1.0,0.0186,-0.3128,0.0183,0.4927,0.3858,0.0456,0.0694,-2.5326,0.3582,0.2293,0.6441,0.0289,141.7765
0.4631,-1.357,0.0396,0.0106,0.0,0.3823,0.5639,268897.8,0.5673,4.4816,12.5021,3.0,4.0,0.2627,-0.7698,0.3199,0.0396,-0.5566,0.0151,48.7488,-0.3028,0.2895,0.2631,0.5673,0.0,126.2167
0.3101,-10.1485,0.1274,0.0709,0.3,0.0243,0.6571,315842.66,0.906,5.264,12.663,4.0,1.0,0.2809,-9.1946,0.5953,0.4274,-0.8351,0.0031,12.5977,-1.9279,0.3423,0.3268,0.906,0.0243,170.9467
0.593,-13.8954,0.0235,0.3701,0.1527,0.0433,0.7604,227587.92,0.5923,3.7931,12.3353,1.0,0.0,0.3512,-8.2298,0.4504,0.1762,-0.2222,0.001,1.5962,-3.6633,0.3622,0.2958,0.7604,0.0235,97.3247
0.6958,-3.1805,0.0586,0.2027,0.0,0.0598,0.4547,180698.89,0.3769,3.0116,12.1046,0.0,4.0,0.2623,-1.1988,0.1714,0.0586,-0.1742,0.0035,1.8504,-1.0561,0.2641,0.2559,0.6958,0.0,94.9878
0.4917,-18.0378,0.0859,0.0779,0.2936,0.36,0.2777,226563.3,0.1725,3.7761,12.3308,1.0,0.0,0.0848,-3.1109,0.0479,0.3795,-0.0946,0.0309,2.1864,-4.7769,0.2513,0.1504,0.4917,0.0779,116.6322
0.7351,-10.0369,0.0235,0.386,0.2578,0.2473,0.6929,341094.72,0.1695,5.6849,12.7399,4.0,1.0,0.1246,-1.7009,0.1174,0.2813,0.2165,0.0058,0.4379,-1.7655,0.3589,0.2661,0.7351,0.0235,143.6817
0.6644,-1.357,0.0567,0.2515,0.1424,0.0243,0.465,208701.27,0.6785,3.4784,12.2487,1.0,4.0,0.4508,-0.9207,0.3155,0.1991,-0.427,0.0014,2.687,-0.3901,0.3261,0.2772,0.6785,0.0243,137.7192
0.8445,-1.357,0.1788,0.3865,0.0,0.0243,0.6322,215827.72,0.4494,3.5971,12.2822,1.0,4.0,0.3795,-0.6098,0.2841,0.1788,-0.0629,0.0043,1.1597,-0.3772,0.3594,0.3143,0.8445,0.0,113.4103
0.4565,-3.9901,0.1305,0.4745,0.0,0.1379,0.7824,230427.6,0.8343,3.8405,12.3477,2.0,3.0,0.3809,-3.3291,0.6527,0.1305,-0.3599,0.018,1.7547,-1.039,0.4023,0.3278,0.8343,0.0,119.0766
0.6465,-14.2714,0.0566,0.2906,0.0568,0.0243,0.5665,231599.23,0.3109,3.86,12.3528,2.0,0.0,0.201,-4.4365,0.1761,0.1134,-0.0203,0.0014,1.0661,-3.6973,0.2789,0.2525,0.6465,0.0243,102.3062
0.819,-11.8126,0.0967,0.4021,0.1023,0.2578,0.4429,313845.56,0.0544,5.2308,12.6567,4.0,1.0,0.0446,-0.6426,0.0241,0.199,0.3477,0.0249,0.135,-2.2583,0.3107,0.2714,0.819,0.0544,73.2052
0.6669,-8.9558,0.1349,0.6088,0.1175,0.1526,0.5309,213699.84,0.0921,3.5617,12.2723,1.0,2.0,0.0614,-0.8245,0.0489,0.2525,0.5167,0.0206,0.151,-2.5145,0.3291,0.2591,0.6669,0.0921,145.6911
0.3769,-9.4608,0.0746,0.3323,0.377,0.2056,0.6935,273354.44,0.9651,4.5559,12.5185,3.0,2.0,0.3638,-9.131,0.6693,0.4516,-0.6328,0.0153,2.8958,-2.0766,0.4321,0.3021,0.9651,0.0746,138.7469
0.7327,-7.8597,0.0235,0.0131,0.2445,0.2429,0.2355,353021.4,0.6118,5.8837,12.7743,4.0,2.0,0.4482,-4.8085,0.1441,0.268,-0.5987,0.0057,43.5417,-1.3358,0.3006,0.275,0.7327,0.0131,99.9307
0.7969,-8.9874,0.0692,0.1399,0.166,0.4128,0.478,135942.6,0.3427,2.2657,11.82,0.0,2.0,0.2731,-3.0803,0.1638,0.2352,-0.2028,0.0286,2.4324,-3.9667,0.3437,0.2506,0.7969,0.0692,132.4543
0.4433,-2.8797,0.0235,0.3495,0.4229,0.2476,0.467,160927.08,0.8491,2.6821,11.9887,0.0,4.0,0.3765,-2.4452,0.3966,0.4464,-0.4996,0.0058,2.4226,-1.0737,0.4004,0.2504,0.8491,0.0235,147.288
0.5468,-7.0172,0.0235,0.505,0.0,0.2095,0.4033,126564.89,0.7064,2.1094,11.7485,0.0,2.0,0.3863,-4.957,0.2849,0.0235,-0.2014,0.0049,1.3961,-3.3266,0.3421,0.2711,0.7064,0.0,99.7585
0.6341,-12.4195,0.0235,0.0,0.099,0.2831,0.5533,283841.7,0.9079,4.7307,12.5562,3.0,0.0,0.5757,-11.2753,0.5023,0.1225,-0.9079,0.0067,903.0264,-2.6253,0.3573,0.3487,0.9079,0.0,133.2153
0.4836,-12.1137,0.0661,0.33,0.2437,0.0243,0.5619,271245.38,0.7175,4.5208,12.5108,3.0,1.0,0.3469,-8.6912,0.4032,0.3098,-0.3875,0.0016,2.1677,-2.6796,0.3467,0.2569,0.7175,0.0243,130.0173
0.7469,-11.8839,0.0298,0.8147,0.0,0.3058,0.2779,266645.44,0.1225,4.4441,12.4937,3.0,1.0,0.0915,-1.4554,0.034,0.0298,0.6922,0.0091,0.1501,-2.6741,0.3282,0.3302,0.8147,0.0,85.0701
0.9127,-9.5912,0.0537,0.4928,0.3524,0.0243,0.837,254830.52,0.2415,4.2472,12.4484,2.0,1.0,0.2204,-2.3166,0.2022,0.4061,0.2512,0.0013,0.4892,-2.2583,0.4163,0.3533,0.9127,0.0243,86.3529
0.9176,-3.9063,0.0235,0.0,0.2946,0.2143,0.0256,270432.44,0.4982,4.5072,12.5078,3.0,4.0,0.4572,-1.9461,0.0128,0.3181,-0.4982,0.005,495.5439,-0.8667,0.282,0.3336,0.9176,0.0,121.9338
0.5949,-7.1911,0.0551,0.1498,0.0,0.2799,0.8693,264355.94,0.2908,4.4059,12.4851,3.0,2.0,0.173,-2.0912,0.2528,0.0551,-0.141,0.0154,1.928,-1.6321,0.32,0.3113,0.8693,0.0,64.1375
0.4908,-15.9194,0.0235,0.5513,0.0,0.2098,0.434,324713.06,0.6021,5.4119,12.6907,4.0,0.0,0.2955,-9.5856,0.2613,0.0235,-0.0508,0.0049,1.0902,-2.9416,0.3302,0.2507,0.6021,0.0,94.8237
0.3907,-8.4386,0.0235,0.0,0.3315,0.252,0.8566,337437.7,0.8221,5.624,12.7291,4.0,2.0,0.3212,-6.9377,0.7043,0.355,-0.8221,0.0059,817.7502,-1.5005,0.3824,0.3447,0.8566,0.0,152.7465
0.4796,-4.096,0.0235,0.3928,0.0,0.1386,0.6104,233676.06,0.2346,3.8946,12.3617,2.0,3.0,0.1125,-0.9609,0.1432,0.0235,0.1582,0.0033,0.5958,-1.0517,0.2685,0.2335,0.6104,0.0,132.1474
0.8173,-4.6037,0.0235,0.3835,0.242,0.447,0.8186,259630.34,0.3165,4.3272,12.467,3.0,3.0,0.2587,-1.4569,0.259,0.2655,0.067,0.0105,0.8231,-1.0639,0.4355,0.2935,0.8186,0.0235,206.037
0.5994,-2.9077,0.0803,0.2633,0.0428,0.4569,0.8483,228026.39,0.2522,3.8004,12.3372,1.0,4.0,0.1512,-0.7333,0.2139,0.1231,0.0111,0.0367,0.9541,-0.7651,0.3633,0.2901,0.8483,0.0428,133.169
0.9337,-9.0527,0.0235,0.0801,0.1489,0.3369,0.5566,208710.02,0.3845,3.4785,12.2487,1.0,2.0,0.359,-3.4805,0.214,0.1724,-0.3044,0.0079,4.7397,-2.6025,0.352,0.3174,0.9337,0.0235,93.0729
0.7117,-4.6882,0.0235,0.0,0.0,0.072,0.6674,227423.33,0.5455,3.7904,12.3346,1.0,3.0,0.3882,-2.5573,0.364,0.0235,-0.5455,0.0017,542.5586,-1.2369,0.2886,0.3347,0.7117,0.0,102.0514
0.4026,-14.5135,0.0427,0.0,0.2641,0.0243,0.4568,311721.78,0.5569,5.1954,12.6499,4.0,0.0,0.2242,-8.0831,0.2544,0.3067,-0.5569,0.001,553.9641,-2.7936,0.2496,0.2298,0.5569,0.0,115.8973
0.6718,-12.3989,0.093,0.0779,0.0692,0.1639,0.6906,261045.78,0.2976,4.3508,12.4725,3.0,0.0,0.1999,-3.6899,0.2055,0.1622,-0.2197,0.0152,3.7728,-2.8498,0.2948,0.2753,0.6906,0.0692,146.97
0.4637,-9.3415,0.0789,0.2668,0.1613,0.4145,0.4627,297522.3,0.0821,4.9587,12.6032,4.0,2.0,0.0381,-0.7666,0.038,0.2402,0.1847,0.0327,0.3064,-1.8839,0.2757,0.1727,0.4637,0.0789,102.4082
0.6401,-1.357,0.1567,0.1378,0.0513,0.2327,0.8274,180584.53,0.2829,3.0097,12.104,0.0,4.0,0.1811,-0.3839,0.2341,0.2081,-0.145,0.0365,2.0376,-0.4509,0.3327,0.2886,0.8274,0.0513,136.1944
0.6518,-10.7718,0.0693,0.3767,0.0,0.2801,0.3376,153371.81,0.0983,2.5562,11.9406,0.0,1.0,0.0641,-1.0585,0.0332,0.0693,0.2784,0.0194,0.2602,-4.214,0.2591,0.225,0.6518,0.0,77.405
0.5809,-10.4041,0.0235,0.2699,0.3485,0.0928,0.7867,132626.36,0.2168,2.2104,11.7953,0.0,1.0,0.1259,-2.2556,0.1705,0.372,0.0531,0.0022,0.8004,-4.7068,0.3313,0.2703,0.7867,0.0235,115.6112
0.4139,-5.9791,0.072,0.0817,0.0907,0.1918,0.8497,271255.12,0.5673,4.5209,12.5108,3.0,3.0,0.2348,-3.3921,0.482,0.1628,-0.4856,0.0138,6.8593,-1.3225,0.3239,0.2994,0.8497,0.072,148.6531
0.5981,-10.8365,0.0235,0.0,0.0,0.1381,0.6344,297049.12,0.9071,4.9508,12.6017,4.0,1.0,0.5425,-9.8302,0.5755,0.0235,-0.9071,0.0032,902.297,-2.1888,0.3287,0.3755,0.9071,0.0,112.0261
0.5623,-6.6464,0.0235,0.2595,0.234,0.1069,0.6426,203695.11,0.3623,3.3949,12.2244,1.0,3.0,0.2038,-2.4082,0.2328,0.2575,-0.1028,0.0025,1.3908,-1.9578,0.313,0.2268,0.6426,0.0235,133.246
0.6823,-6.2578,0.0753,0.0662,0.0,0.0243,0.6921,272612.16,0.7641,4.5435,12.5158,3.0,3.0,0.5213,-4.7818,0.5288,0.0753,-0.6979,0.0018,11.37,-1.3773,0.3292,0.3607,0.7641,0.0,109.2341
0.5423,-12.946,0.0535,0.2656,0.0825,0.3484,0.4449,247481.75,0.3364,4.1247,12.4191,2.0,0.0,0.1824,-4.355,0.1496,0.136,-0.0708,0.0186,1.2618,-3.1387,0.2962,0.1791,0.5423,0.0535,115.9549
0.7245,-1.357,0.1067,0.0,0.0922,0.2038,0.5471,253724.44,0.6809,4.2287,12.444,2.0,4.0,0.4933,-0.9239,0.3725,0.1989,-0.6809,0.0218,677.2367,-0.3209,0.3365,0.3046,0.7245,0.0,172.3628
0.681,-2.4902,0.054,0.1259,0.0,0.3,0.4449,220582.33,0.4898,3.6764,12.304,1.0,4.0,0.3335,-1.2197,0.2179,0.054,-0.3639,0.0162,3.8595,-0.6774,0.2994,0.2526,0.681,0.0,155.2614
0.5898,-6.6228,0.1527,0.209,0.0,0.3858,0.4724,273032.5,0.2468,4.5505,12.5174,3.0,3.0,0.1456,-1.6345,0.1166,0.1527,-0.0378,0.0589,1.1754,-1.4554,0.2938,0.2015,0.5898,0.0,97.1053
0.4397,-8.8481,0.0647,0.1559,0.0,0.1385,0.32,268912.8,0.5473,4.4819,12.5021,3.0,2.0,0.2406,-4.8423,0.1751,0.0647,-0.3914,0.009,3.4879,-1.9742,0.238,0.2026,0.5473,0.0,140.303
0.54,-14.0957,0.0235,0.0,0.1777,0.1917,0.4638,217211.72,0.9283,3.6202,12.2886,1.0,0.0,0.5013,-13.0855,0.4306,0.2012,-0.9283,0.0045,923.384,-3.8936,0.3322,0.333,0.9283,0.0,153.5602
0.5717,-1.357,0.137,0.7496,0.2236,0.0243,0.4598,232087.86,0.5673,3.8681,12.3549,2.0,4.0,0.3244,-0.7699,0.2609,0.3605,0.1822,0.0033,0.7559,-0.3508,0.3905,0.2659,0.7496,0.0243,179.6204
0.5926,-6.7925,0.0793,0.4578,0.0,0.0243,0.0582,258421.69,0.6613,4.307,12.4624,2.0,3.0,0.3919,-4.4921,0.0385,0.0793,-0.2035,0.0019,1.4414,-1.5771,0.2676,0.2907,0.6613,0.0,106.1254
0.7013,-8.9179,0.1051,0.4347,0.076,0.2988,0.6975,300919.0,0.0123,5.0153,12.6146,4.0,2.0,0.0086,-0.11,0.0086,0.1811,0.4224,0.0314,0.0283,-1.7781,0.3323,0.2889,0.7013,0.0123,136.7289
0.714,-5.3876,0.0235,0.0,0.0,0.0515,0.68,258035.86,0.8401,4.3006,12.4609,2.0,3.0,0.5998,-4.5263,0.5713,0.0235,-0.8401,0.0012,835.6542,-1.2528,0.3299,0.3915,0.8401,0.0,95.4019
0.975,-7.7497,0.0812,0.0696,0.0,0.0967,0.5375,270193.16,0.6278,4.5032,12.5069,3.0,2.0,0.6121,-4.8653,0.3375,0.0812,-0.5582,0.0079,8.8906,-1.7209,0.3411,0.3741,0.975,0.0,117.9688
0.5804,-9.6934,0.0472,0.0648,0.2767,0.1285,0.0256,299053.75,0.8799,4.9842,12.6084,4.0,1.0,0.5107,-8.5289,0.0225,0.3239,-0.815,0.0061,13.3676,-1.9448,0.2862,0.3261,0.8799,0.0256,98.5764
0.8283,-8.1829,0.0748,0.5796,0.0969,0.2528,0.5541,151229.89,0.0268,2.5205,11.9266,0.0,2.0,0.0222,-0.2193,0.0148,0.1717,0.5528,0.0189,0.0462,-3.2465,0.3448,0.31,0.8283,0.0268,134.8649
0.6519,-11.0984,0.0235,0.6385,0.2095,0.2735,0.6525,142380.03,0.0395,2.373,11.8663,0.0,1.0,0.0257,-0.438,0.0258,0.233,0.599,0.0064,0.0617,-4.6769,0.3555,0.287,0.6525,0.0235,142.6297
0.6038,-12.849,0.1705,0.4975,0.0,0.0749,0.4401,303461.72,0.2227,5.0577,12.623,4.0,0.0,0.1345,-2.8619,0.098,0.1705,0.2747,0.0128,0.4468,-2.5405,0.2871,0.2285,0.6038,0.0,147.8532
0.8482,-10.5945,0.0405,0.1345,0.2337,0.0243,0.5672,290942.53,0.7111,4.849,12.5809,3.0,1.0,0.6032,-7.5341,0.4033,0.2743,-0.5766,0.001,5.2471,-2.1849,0.3657,0.3381,0.8482,0.0243,84.6539
0.5105,-7.7164,0.0241,0.5421,0.0114,0.2965,0.8785,300263.28,0.2984,5.0044,12.6124,4.0,2.0,0.1523,-2.3026,0.2622,0.0354,0.2437,0.0071,0.5494,-1.5419,0.3659,0.3073,0.8785,0.0114,101.6555
0.5785,-8.6888,0.0762,0.1445,0.0,0.3739,0.9597,167524.67,0.2566,2.7921,12.0289,0.0,2.0,0.1484,-2.2296,0.2463,0.0762,-0.1121,0.0285,1.7634,-3.112,0.3414,0.3348,0.9597,0.0,73.0428
0.676,-9.8588,0.0235,0.4845,0.0,0.1733,0.7945,109468.87,0.0289,1.8245,11.6034,0.0,1.0,0.0195,-0.2846,0.0229,0.0235,0.4556,0.0041,0.0595,-5.4036,0.3115,0.3354,0.7945,0.0,126.3876
0.5069,-4.68,0.0235,0.4557,0.0317,0.0696,0.4624,332919.78,0.7523,5.5487,12.7157,4.0,3.0,0.3814,-3.5206,0.3478,0.0552,-0.2966,0.0016,1.6473,-0.8435,0.3289,0.2868,0.7523,0.0235,138.1647
0.781,-7.7936,0.0235,0.4838,0.1069,0.1928,0.3565,238970.1,0.2091,3.9828,12.3841,2.0,2.0,0.1633,-1.6294,0.0745,0.1304,0.2748,0.0045,0.4312,-1.9568,0.3077,0.2587,0.781,0.0235,169.3081
0.623,-6.0928,0.0492,0.2413,0.3501,0.239,0.4764,187895.52,0.8263,3.1316,12.1436,1.0,3.0,0.5148,-5.0347,0.3937,0.3994,-0.585,0.0118,3.4105,-1.9456,0.4008,0.2627,0.8263,0.0492,155.5842
0.6381,-3.6636,0.1235,0.447,0.1039,0.3715,0.294,241833.98,0.6881,4.0306,12.396,2.0,4.0,0.4391,-2.5208,0.2023,0.2274,-0.241,0.0459,1.5357,-0.9089,0.3809,0.2293,0.6881,0.1039,119.7284
0.3323,-4.7327,0.0235,0.0705,0.0888,0.3099,0.6576,254419.0,0.6076,4.2403,12.4467,2.0,3.0,0.2019,-2.8756,0.3996,0.1123,-0.5371,0.0073,8.4965,-1.1161,0.2986,0.2573,0.6576,0.0235,104.2606
0.8109,-4.8042,0.1902,0.0,0.0,0.3582,0.4476,207528.83,0.8393,3.4588,12.243,1.0,3.0,0.6806,-4.0323,0.3757,0.1902,-0.8393,0.0681,834.8585,-1.389,0.378,0.348,0.8393,0.0,98.1437
0.6418,-12.49,0.0471,0.389,0.2408,0.0243,0.7206,252628.4,0.5165,4.2105,12.4397,2.0,0.0,0.3315,-6.4507,0.3722,0.2878,-0.1275,0.0011,1.3244,-2.9664,0.3686,0.2766,0.7206,0.0243,136.2708
0.4775,-5.8177,0.1369,0.23,0.0,0.0243,0.3029,288884.12,0.9123,4.8147,12.5738,3.0,3.0,0.4356,-5.3073,0.2763,0.1369,-0.6823,0.0033,3.95,-1.2083,0.2977,0.3172,0.9123,0.0,140.762
0.6777,-4.8985,0.0482,0.329,0.1335,0.1618,0.8264,257046.19,0.2405,4.2841,12.457,2.0,3.0,0.163,-1.1779,0.1987,0.1817,0.0885,0.0078,0.7287,-1.1434,0.3453,0.2944,0.8264,0.0482,138.7014
0.4616,-1.357,0.0235,0.2378,0.2396,0.2801,0.7339,272599.75,0.3125,4.5433,12.5158,3.0,4.0,0.1442,-0.424,0.2293,0.2631,-0.0746,0.0066,1.3083,-0.2987,0.327,0.2213,0.7339,0.0235,153.5475
0.975,-7.8954,0.1304,0.0709,0.0,0.1593,0.0256,285721.6,0.6734,4.762,12.5628,3.0,2.0,0.6566,-5.3168,0.0172,0.1304,-0.6025,0.0208,9.3648,-1.658,0.2907,0.3788,0.975,0.0,86.7891
0.5692,-10.4459,0.0911,0.2413,0.0691,0.0635,0.07,243974.06,0.8347,4.0662,12.4048,2.0,1.0,0.4751,-8.7189,0.0584,0.1601,-0.5934,0.0058,3.4446,-2.5689,0.277,0.3066,0.8347,0.0635,147.7145
0.798,-1.357,0.172,0.3677,0.0,0.0243,0.5717,243543.89,0.5605,4.0591,12.4031,2.0,4.0,0.4472,-0.7606,0.3204,0.172,-0.1927,0.0042,1.52,-0.3343,0.3563,0.304,0.798,0.0,101.6646
0.6545,-1.357,0.2211,0.4147,0.0,0.0243,0.4967,303461.72,0.9887,5.0577,12.623,4.0,4.0,0.6471,-1.3416,0.4911,0.2211,-0.5739,0.0054,2.3781,-0.2683,0.4,0.3545,0.9887,0.0,71.6009
0.6629,-5.4238,0.0472,0.4514,0.0,0.0243,0.4464,220556.42,0.6264,3.6759,12.3039,1.0,3.0,0.4152,-3.3975,0.2796,0.0472,-0.175,0.0011,1.3845,-1.4755,0.3227,0.2912,0.6629,0.0,94.6098
0.5593,-11.478,0.1157,0.0,0.0788,0.0695,0.6076,235799.62,0.8183,3.93,12.3707,2.0,1.0,0.4577,-9.3929,0.4972,0.1945,-0.8183,0.008,813.9704,-2.9206,0.3213,0.33,0.8183,0.0,133.0457
0.4459,-11.5809,0.0407,0.4741,0.2299,0.3078,0.978,241831.73,0.2119,4.0305,12.396,2.0,1.0,0.0945,-2.4536,0.2072,0.2706,0.2622,0.0125,0.446,-2.8733,0.384,0.3005,0.978,0.0407,52.6758
0.3089,-12.3733,0.0781,0.1589,0.0909,0.0243,0.0256,324841.6,0.926,5.414,12.6911,4.0,0.0,0.286,-11.4576,0.0237,0.169,-0.7671,0.0019,5.7922,-2.2854,0.2304,0.322,0.926,0.0243,128.083
0.649,-8.8194,0.0235,0.5342,0.0,0.2516,0.6906,209435.17,0.0639,3.4906,12.2522,1.0,2.0,0.0415,-0.5633,0.0441,0.0235,0.4703,0.0059,0.1193,-2.5266,0.3161,0.3033,0.6906,0.0,119.1087
0.9126,-14.3559,0.1424,0.0,0.0533,0.1449,0.3133,296742.38,0.9243,4.9457,12.6006,4.0,0.0,0.8435,-13.2696,0.2896,0.1957,-0.9243,0.0206,919.4053,-2.9027,0.3558,0.3965,0.9243,0.0,136.4224
0.6196,-5.9085,0.0819,0.0,0.0,0.2767,0.3968,235821.55,0.3099,3.9304,12.3708,2.0,3.0,0.192,-1.8313,0.123,0.0819,-0.3099,0.0227,308.281,-1.5033,0.2407,0.2292,0.6196,0.0,130.5721
0.4848,-19.4099,0.1935,0.4134,0.1745,0.3544,0.9101,335988.47,0.1248,5.5998,12.7248,4.0,0.0,0.0605,-2.4224,0.1136,0.368,0.2886,0.0686,0.3011,-3.4662,0.3794,0.2695,0.9101,0.1248,112.2341
0.7395,-6.0686,0.1675,0.2336,0.1374,0.1566,0.9587,241433.52,0.4825,4.0239,12.3944,2.0,3.0,0.3568,-2.9279,0.4625,0.305,-0.2488,0.0262,2.0564,-1.5081,0.4108,0.3274,0.9587,0.1374,97.6734
0.975,-4.9814,0.0937,0.0961,0.2766,0.0243,0.5945,265047.97,0.7968,4.4175,12.4877,3.0,3.0,0.7769,-3.9692,0.4737,0.3704,-0.7007,0.0023,8.2054,-1.1277,0.4082,0.3803,0.975,0.0243,129.3253
0.6649,-12.479,0.0434,0.0425,0.0,0.2455,0.5194,254031.39,0.6601,4.2339,12.4452,2.0,0.0,0.4389,-8.2378,0.3429,0.0434,-0.6176,0.0107,15.1723,-2.9474,0.3108,0.2987,0.6649,0.0,124.4434
0.793,-11.9814,0.0928,0.1097,0.0785,0.3459,0.5473,371299.66,0.3365,6.1883,12.8248,4.0,1.0,0.2668,-4.0314,0.1841,0.1712,-0.2267,0.0321,3.0384,-1.9361,0.3291,0.2677,0.793,0.0785,116.7749
0.6648,-8.5421,0.0235,0.4589,0.0023,0.0986,0.4831,249844.0,0.1696,4.1641,12.4286,2.0,2.0,0.1127,-1.4487,0.0819,0.0258,0.2893,0.0023,0.3688,-2.0514,0.2715,0.261,0.6648,0.0023,100.2988
0.843,-12.9122,0.1887,0.2228,0.0,0.2649,0.6092,202882.17,0.2744,3.3814,12.2204,1.0,0.0,0.2313,-3.5431,0.1672,0.1887,-0.0516,0.05,1.2259,-3.8186,0.3433,0.2851,0.843,0.0,121.4471
0.558,-4.8965,0.1625,0.0,0.164,0.0243,0.6417,232598.33,0.5119,3.8766,12.3571,2.0,3.0,0.2856,-2.5064,0.3285,0.3265,-0.5119,0.0039,509.1377,-1.2631,0.2946,0.2681,0.6417,0.0,184.9152
0.6416,-16.8135,0.0235,0.2223,0.0106,0.3846,0.9281,213629.45,0.3967,3.5605,12.272,1.0,0.0,0.2546,-6.6705,0.3682,0.0341,-0.1745,0.009,1.7768,-4.7222,0.3725,0.331,0.9281,0.0106,70.6641
0.6115,-16.1475,0.0807,0.3433,0.1528,0.1723,0.978,250195.05,0.1411,4.1699,12.43,2.0,0.0,0.0863,-2.2779,0.138,0.2334,0.2022,0.0139,0.4097,-3.8724,0.3542,0.329,0.978,0.0807,159.7819
0.619,-16.8762,0.1,0.0,0.3336,0.174,0.5921,154569.88,0.4858,2.5762,11.9484,0.0,0.0,0.3007,-8.1985,0.2876,0.4336,-0.4858,0.0174,483.21,-6.5509,0.3292,0.2458,0.619,0.0,140.1367
0.6118,-6.8247,0.0235,0.1596,0.176,0.1909,0.4948,230858.67,0.2612,3.8476,12.3496,2.0,3.0,0.1598,-1.7826,0.1292,0.1995,-0.1016,0.0045,1.6262,-1.7737,0.274,0.2063,0.6118,0.0235,90.4222
0.4331,-9.6339,0.0781,0.5662,0.1736,0.0243,0.6727,263953.44,0.3181,4.3992,12.4835,3.0,1.0,0.1377,-3.0642,0.214,0.2517,0.2481,0.0019,0.5608,-2.1899,0.3237,0.2467,0.6727,0.0243,145.5526
0.7745,-5.5555,0.1088,0.3427,0.0526,0.2951,0.3889,203342.05,0.2482,3.389,12.2226,1.0,3.0,0.1922,-1.3789,0.0965,0.1614,0.0945,0.0321,0.7222,-1.6393,0.3158,0.2358,0.7745,0.0526,138.1827
0.6259,-5.6826,0.1147,0.2538,0.0,0.1856,0.5557,184427.88,0.1665,3.0738,12.125,1.0,3.0,0.1042,-0.946,0.0925,0.1147,0.0874,0.0213,0.6532,-1.8487,0.2718,0.2322,0.6259,0.0,115.7519
0.4026,-11.2489,0.0546,0.0,0.2746,0.0243,0.9192,255726.34,0.6964,4.2621,12.4519,2.0,1.0,0.2804,-7.8337,0.6401,0.3292,-0.6964,0.0013,692.6872,-2.6393,0.3388,0.3576,0.9192,0.0,103.6467
0.5036,-4.0584,0.1004,0.0951,0.0,0.2327,0.545,305542.38,0.8949,5.0924,12.6298,4.0,3.0,0.4507,-3.6317,0.4877,0.1004,-0.7998,0.0234,9.3132,-0.797,0.3388,0.3218,0.8949,0.0,109.5357
0.5309,-9.8957,0.1087,0.465,0.0,0.3501,0.3726,280034.0,0.0435,4.6672,12.5427,3.0,1.0,0.0231,-0.4301,0.0162,0.1087,0.4216,0.0381,0.0933,-2.1203,0.2673,0.2134,0.5309,0.0,117.711
0.5735,-1.357,0.0831,0.1928,0.0,0.1486,0.8291,230988.92,0.5249,3.8498,12.3501,2.0,4.0,0.301,-0.7122,0.4352,0.0831,-0.3321,0.0123,2.7085,-0.3525,0.336,0.3076,0.8291,0.0,119.9384
0.3979,-4.085,0.0235,0.224,0.2313,0.208,0.7443,202754.14,0.3679,3.3792,12.2198,1.0,3.0,0.1464,-1.5027,0.2738,0.2548,-0.1439,0.0049,1.6352,-1.2088,0.3138,0.2257,0.7443,0.0235,153.4155
0.7928,-9.7359,0.0723,0.0,0.0,0.1456,0.6868,180976.81,0.5027,3.0163,12.1061,0.0,1.0,0.3985,-4.8939,0.3452,0.0723,-0.5027,0.0105,499.9867,-3.2278,0.3143,0.3386,0.7928,0.0,130.6444
0.6896,-15.1749,0.1556,0.2466,0.0875,0.0243,0.4525,63973.0,0.955,1.0662,11.0662,0.0,0.0,0.6586,-14.492,0.4322,0.2432,-0.7084,0.0038,3.8568,-14.2325,0.373,0.3444,0.955,0.0243,114.2226
0.6424,-4.8591,0.0235,0.2218,0.2568,0.0535,0.7401,383741.03,0.2178,6.3957,12.8577,4.0,3.0,0.1399,-1.0583,0.1612,0.2803,0.004,0.0013,0.9777,-0.7597,0.308,0.2776,0.7401,0.0235,127.7661
0.7346,-15.1813,0.0235,0.268,0.0843,0.303,0.448,287598.53,0.1544,4.7933,12.5693,3.0,0.0,0.1134,-2.344,0.0692,0.1078,0.1136,0.0071,0.574,-3.1672,0.288,0.2432,0.7346,0.0235,118.4567
0.6053,-2.5969,0.0989,0.5962,0.1744,0.0373,0.978,225011.38,0.5935,3.7502,12.3239,1.0,4.0,0.3593,-1.5412,0.5804,0.2733,0.0027,0.0037,0.9938,-0.6925,0.4405,0.3449,0.978,0.0373,96.229
0.7528,-8.9191,0.1185,0.175,0.0,0.3212,0.6056,207553.31,0.1434,3.4592,12.2431,1.0,2.0,0.1079,-1.279,0.0868,0.1185,0.0316,0.0381,0.8147,-2.5784,0.3024,0.2775,0.7528,0.0,127.8369
0.4587,-2.698,0.0235,0.2537,0.3315,0.303,0.0256,227751.98,0.7145,3.7959,12.336,1.0,4.0,0.3277,-1.9276,0.0183,0.355,-0.4607,0.0071,2.8049,-0.7108,0.3015,0.2422,0.7145,0.0235,109.9984
0.5322,-16.1864,0.0895,0.1666,0.0677,0.0474,0.4746,165588.2,0.3596,2.7598,12.0173,0.0,0.0,0.1914,-5.8206,0.1707,0.1572,-0.193,0.0042,2.145,-5.8651,0.2482,0.2037,0.5322,0.0474,89.6667
0.4869,-11.7157,0.1365,0.4046,0.0,0.3618,0.6104,281283.28,0.1579,4.6881,12.5471,3.0,1.0,0.0769,-1.8495,0.0964,0.1365,0.2467,0.0494,0.3893,-2.499,0.3083,0.217,0.6104,0.0,95.5307
0.4813,-1.357,0.0235,0.2924,0.0,0.137,0.3726,203847.11,0.8191,3.3975,12.2251,1.0,4.0,0.3942,-1.1116,0.3052,0.0235,-0.5267,0.0032,2.7916,-0.3994,0.3037,0.2889,0.8191,0.0,140.9338
0.6425,-9.7557,0.0967,0.1449,0.0,0.0418,0.571,218923.92,0.6664,3.6487,12.2965,1.0,1.0,0.4281,-6.5012,0.3805,0.0967,-0.5215,0.004,4.566,-2.6737,0.3091,0.3018,0.6664,0.0,117.14
0.8925,-11.5288,0.0396,0.0897,0.0,0.1643,0.0256,309868.97,0.9324,5.1645,12.6439,4.0,1.0,0.8322,-10.7494,0.0239,0.0396,-0.8427,0.0065,10.2777,-2.2323,0.3063,0.4176,0.9324,0.0,95.2999
0.6849,-6.7542,0.1338,0.3546,0.031,0.1575,0.5924,271643.03,0.2048,4.5274,12.5122,3.0,3.0,0.1403,-1.3833,0.1213,0.1648,0.1498,0.0211,0.576,-1.4918,0.3084,0.2468,0.6849,0.031,146.0793
0.5984,-7.0833,0.0235,0.3138,0.5399,0.2456,0.4849,272996.88,0.5155,4.5499,12.5172,3.0,2.0,0.3084,-3.6512,0.25,0.5634,-0.2016,0.0058,1.6372,-1.5568,0.3888,0.2048,0.5984,0.0235,106.7599
0.5392,-5.8656,0.0235,0.0,0.4017,0.2371,0.6724,221807.97,0.9885,3.6968,12.3096,1.0,3.0,0.533,-5.798,0.6646,0.4252,-0.9885,0.0056,983.1967,-1.5867,0.4089,0.3577,0.9885,0.0,66.3774
0.5896,-13.9732,0.073,0.107,0.0,0.0243,0.3513,107548.94,0.4108,1.7925,11.5857,0.0,0.0,0.2422,-5.7402,0.1443,0.073,-0.3038,0.0018,3.8046,-7.7954,0.2223,0.2278,0.5896,0.0,172.7792
0.6969,-6.6464,0.104,0.293,0.0,0.1274,0.3065,292487.5,0.9353,4.8748,12.5862,4.0,3.0,0.6519,-6.2166,0.2867,0.104,-0.6423,0.0133,3.1811,-1.3634,0.3519,0.3417,0.9353,0.0,121.7044
0.4434,-1.357,0.0235,0.2487,0.1114,0.2109,0.5398,297514.03,0.6354,4.9586,12.6032,4.0,4.0,0.2817,-0.8622,0.343,0.1349,-0.3867,0.005,2.5442,-0.2737,0.3162,0.2278,0.6354,0.0235,107.1534
0.5884,-10.9362,0.0986,0.1216,0.3415,0.0243,0.5689,371582.56,0.8273,6.193,12.8255,4.0,1.0,0.4868,-9.0479,0.4707,0.4401,-0.7058,0.0024,6.7505,-1.7659,0.3672,0.3033,0.8273,0.0243,108.5493
0.4615,-1.357,0.0235,0.4109,0.0527,0.3295,0.3511,173732.61,0.5393,2.8955,12.0653,0.0,4.0,0.2488,-0.7318,0.1893,0.0762,-0.1284,0.0077,1.3092,-0.4687,0.3098,0.1983,0.5393,0.0235,113.3741
0.4434,-1.357,0.1075,0.069,0.2099,0.346,0.2679,257586.4,0.9734,4.2931,12.4591,2.0,4.0,0.4316,-1.3209,0.2608,0.3173,-0.9044,0.0372,13.9012,-0.3161,0.3453,0.3059,0.9734,0.069,100.7456
0.975,-6.753,0.1886,0.0,0.1908,0.0243,0.3238,138767.36,0.9304,2.3128,11.8406,0.0,3.0,0.9071,-6.283,0.3013,0.3794,-0.9304,0.0046,925.4396,-2.9198,0.3761,0.4089,0.975,0.0,65.1606
0.6136,-7.6211,0.0235,0.0,0.1525,0.3476,0.6206,166624.97,0.5271,2.7771,12.0235,0.0,2.0,0.3234,-4.0174,0.3271,0.176,-0.5271,0.0082,524.323,-2.7443,0.3264,0.2703,0.6206,0.0,124.2268
0.338,-1.357,0.0867,0.0,0.0,0.0855,0.4556,237961.81,0.9799,3.966,12.3799,2.0,4.0,0.3312,-1.3297,0.4465,0.0867,-0.9799,0.0074,974.6426,-0.3422,0.278,0.355,0.9799,0.0,170.1345
0.5907,-11.6918,0.0488,0.9884,0.0,0.116,0.4047,180698.22,0.1668,3.0116,12.1046,0.0,1.0,0.0985,-1.9502,0.0675,0.0488,0.8216,0.0057,0.1686,-3.8822,0.3308,0.3576,0.9884,0.0,139.3895
0.8144,-9.2411,0.0235,0.1115,0.3902,0.234,0.3943,242375.17,0.5399,4.0396,12.3982,2.0,2.0,0.4396,-4.9889,0.2129,0.4137,-0.4283,0.0055,4.7976,-2.2876,0.3583,0.2682,0.8144,0.0235,129.242
0.7594,-5.3827,0.0235,0.0,0.0,0.2401,0.2767,239178.6,0.8065,3.9863,12.385,2.0,3.0,0.6124,-4.3409,0.2231,0.0235,-0.8065,0.0056,802.167,-1.3503,0.3009,0.3484,0.8065,0.0,137.2063
0.6331,-16.4029,0.0974,0.2615,0.1112,0.0243,0.5349,266987.88,0.3852,4.4498,12.495,3.0,0.0,0.2439,-6.3184,0.206,0.2086,-0.1237,0.0024,1.4677,-3.6862,0.2925,0.2335,0.6331,0.0243,124.2284
0.5055,-6.6366,0.158,0.0684,0.0395,0.2217,0.6383,182099.98,0.4537,3.035,12.1123,0.0,3.0,0.2293,-3.0108,0.2896,0.1975,-0.3852,0.035,6.5353,-2.1867,0.2979,0.2338,0.6383,0.0395,134.3779
0.975,-8.5398,0.0768,0.4623,0.0,0.0243,0.2715,226917.84,0.4429,3.782,12.3323,1.0,2.0,0.4319,-3.7826,0.1203,0.0768,0.0193,0.0019,0.9561,-2.258,0.3218,0.3454,0.975,0.0,103.1063
0.5439,-3.182,0.1076,0.0999,0.0,0.3876,0.5274,377595.62,0.5347,6.2933,12.8416,4.0,4.0,0.2908,-1.7013,0.282,0.1076,-0.4348,0.0417,5.2991,-0.5056,0.3144,0.2379,0.5439,0.0,88.1157
0.7917,-10.8058,0.0895,0.4628,0.078,0.1158,0.4487,286615.28,0.1045,4.7769,12.5659,3.0,1.0,0.0827,-1.1288,0.0469,0.1675,0.3583,0.0104,0.2252,-2.2621,0.2987,0.2757,0.7917,0.078,104.519
0.7921,-7.6396,0.0235,0.0,0.0,0.3056,0.9197,295567.28,0.6108,4.9261,12.5967,4.0,2.0,0.4838,-4.6663,0.5618,0.0235,-0.6108,0.0072,607.5436,-1.5508,0.3788,0.3949,0.9197,0.0,135.9437
0.3323,-12.7372,0.1379,0.2026,0.0,0.0243,0.3599,170951.05,0.5673,2.8492,12.0491,0.0,0.0,0.1885,-7.2263,0.2042,0.1379,-0.3647,0.0034,2.7863,-4.4705,0.2321,0.2023,0.5673,0.0,114.0861
0.453,-9.5246,0.0976,0.8269,0.266,0.0651,0.6341,309469.5,0.0771,5.1578,12.6426,4.0,2.0,0.0349,-0.734,0.0489,0.3636,0.7498,0.0063,0.0931,-1.8466,0.3457,0.3014,0.8269,0.0651,138.8507
0.6255,-5.3676,0.134,0.0,0.0178,0.2979,0.6711,182390.81,0.2199,3.0398,12.1139,0.0,3.0,0.1375,-1.1802,0.1476,0.1517,-0.2199,0.0399,218.6944,-1.7657,0.2809,0.2723,0.6711,0.0,140.2914
0.7046,-2.9809,0.115,0.0,0.0967,0.2159,0.6051,205397.23,0.8683,3.4233,12.2327,1.0,4.0,0.6118,-2.5882,0.5254,0.2117,-0.8683,0.0248,863.6376,-0.8708,0.3722,0.3454,0.8683,0.0,76.5288
0.3308,-4.248,0.0235,0.0,0.1661,0.0568,0.7445,338916.1,0.769,5.6486,12.7335,4.0,3.0,0.2544,-3.2667,0.5725,0.1896,-0.769,0.0013,764.9002,-0.7521,0.2987,0.3322,0.769,0.0,174.2318
0.771,-12.4959,0.0235,0.0,0.0,0.3736,0.0256,253969.1,0.5412,4.2328,12.445,2.0,0.0,0.4172,-6.7628,0.0139,0.0235,-0.5412,0.0088,538.3146,-2.9521,0.2478,0.3157,0.771,0.0,160.2749
0.5663,-1.357,0.1789,0.3187,0.1086,0.28,0.978,182770.48,0.3924,3.0462,12.116,0.0,4.0,0.2222,-0.5325,0.3838,0.2876,-0.0737,0.0501,1.2273,-0.4455,0.4033,0.2934,0.978,0.1086,69.4108
0.7222,-9.2718,0.0326,0.0176,0.1002,0.1538,0.3426,343327.12,0.9061,5.7221,12.7464,4.0,2.0,0.6544,-8.4015,0.3105,0.1328,-0.8885,0.005,48.7229,-1.6203,0.325,0.3549,0.9061,0.0176,135.5712
0.654,-5.7726,0.0308,0.2548,0.0514,0.0964,0.5732,221056.75,0.3558,3.6843,12.3062,1.0,3.0,0.2327,-2.0539,0.204,0.0823,-0.101,0.003,1.3907,-1.5668,0.2881,0.2516,0.654,0.0308,109.0217
0.3579,-14.898,0.0251,0.4567,0.0,0.0243,0.936,121215.625,0.4285,2.0203,11.7053,0.0,0.0,0.1534,-6.3833,0.4011,0.0251,0.0282,0.0006,0.9362,-7.3743,0.3184,0.3387,0.936,0.0,85.7728
0.6194,-10.7486,0.1881,0.1706,0.1407,0.4104,0.6034,205568.16,0.2365,3.4261,12.2335,1.0,1.0,0.1465,-2.5424,0.1427,0.3288,-0.0659,0.0772,1.3782,-3.1372,0.3384,0.206,0.6194,0.1407,110.5934
0.7228,-7.9814,0.1305,0.6375,0.0,0.181,0.0256,262865.0,0.4964,4.3811,12.4794,3.0,2.0,0.3588,-3.962,0.0127,0.1305,0.1411,0.0236,0.7775,-1.8218,0.3134,0.2995,0.7228,0.0,107.5573
0.5459,-14.8167,0.1103,0.0,0.4402,0.2748,0.5674,290193.75,0.7023,4.8366,12.5783,3.0,0.0,0.3833,-10.4052,0.3984,0.5505,-0.7023,0.0303,698.5226,-3.0635,0.3773,0.2576,0.7023,0.0,79.9483
0.6786,-1.357,0.0235,0.2673,0.0792,0.3439,0.261,267045.28,0.1512,4.4508,12.4952,3.0,4.0,0.1026,-0.2052,0.0395,0.1027,0.1161,0.0081,0.5635,-0.3049,0.2578,0.2171,0.6786,0.0235,137.7509
0.7264,-9.6361,0.0235,0.0,0.1324,0.2889,0.248,126838.875,0.9297,2.114,11.7507,0.0,1.0,0.6753,-8.9584,0.2306,0.1559,-0.9297,0.0068,924.7102,-4.5583,0.3356,0.3575,0.9297,0.0,92.0965
0.5663,-1.357,0.0235,0.4285,0.0124,0.2615,0.5089,261668.77,0.4417,4.3611,12.4748,3.0,4.0,0.2501,-0.5993,0.2248,0.0359,-0.0131,0.0061,1.0282,-0.3112,0.3204,0.2269,0.5663,0.0124,108.643
0.4815,-16.9141,0.0235,0.3617,0.0791,0.1536,0.5046,225053.0,0.2695,3.7509,12.3241,1.0,0.0,0.1298,-4.5589,0.136,0.1026,0.0922,0.0036,0.7431,-4.5094,0.2676,0.191,0.5046,0.0235,112.472
0.6618,-3.9032,0.0453,0.3676,0.0,0.3795,0.3245,241216.03,0.3369,4.0203,12.3935,2.0,4.0,0.2229,-1.3149,0.1093,0.0453,0.0308,0.0172,0.9139,-0.9709,0.3022,0.2231,0.6618,0.0,83.4776
0.5967,-18.9182,0.0235,0.0,0.0,0.1369,0.4865,237960.1,0.9239,3.966,12.3799,2.0,0.0,0.5513,-17.4779,0.4495,0.0235,-0.9239,0.0032,918.9412,-4.7701,0.3096,0.3639,0.9239,0.0,169.6434
0.5799,-1.5851,0.0864,0.1086,0.1305,0.1439,0.3139,354909.88,0.3156,5.9152,12.7796,4.0,4.0,0.183,-0.5002,0.0991,0.2168,-0.207,0.0124,2.8788,-0.268,0.2398,0.1774,0.5799,0.0864,122.1472
0.6909,-1.357,0.1607,0.0564,0.1453,0.0745,0.2718,262656.12,0.4547,4.3776,12.4786,3.0,4.0,0.3142,-0.6171,0.1236,0.3061,-0.3983,0.012,7.9228,-0.31,0.2649,0.2318,0.6909,0.0564,116.6538
0.4765,-9.8131,0.0235,0.063,0.0,0.31,0.7087,252895.75,0.7722,4.2149,12.4407,2.0,1.0,0.368,-7.5777,0.5473,0.0235,-0.7092,0.0073,12.075,-2.3282,0.3363,0.3252,0.7722,0.0,129.7303
0.3578,-8.8688,0.0235,0.1457,0.003,0.0906,0.7068,177922.61,0.3198,2.9654,12.0891,0.0,2.0,0.1144,-2.8363,0.226,0.0265,-0.1741,0.0021,2.1794,-2.9908,0.2353,0.2491,0.7068,0.003,96.7295
0.5624,-10.0635,0.0235,0.2616,0.0,0.2139,0.7241,329966.38,0.4099,5.4994,12.7067,4.0,1.0,0.2305,-4.1254,0.2968,0.0235,-0.1483,0.005,1.5608,-1.8299,0.3136,0.2692,0.7241,0.0,115.7367
0.4512,-10.9261,0.0878,0.0034,0.2355,0.4516,0.3616,237068.98,0.8549,3.9511,12.3761,2.0,1.0,0.3857,-9.3411,0.3091,0.3233,-0.8516,0.0397,196.2481,-2.7653,0.3494,0.2822,0.8549,0.0034,163.9056
0.7914,-20.6765,0.1326,0.1705,0.1087,0.057,0.8692,299539.56,0.0947,4.9923,12.61,4.0,0.0,0.0749,-1.9574,0.0823,0.2413,0.0759,0.0076,0.5518,-4.1417,0.3177,0.3526,0.8692,0.057,127.771
0.4387,-20.1237,0.0817,0.0783,0.0778,0.314,0.4089,334909.2,0.9082,5.5818,12.7216,4.0,0.0,0.3984,-18.2764,0.3714,0.1595,-0.8299,0.0256,11.4578,-3.6052,0.3296,0.3003,0.9082,0.0778,159.5579
0.7436,-14.8533,0.1301,0.1877,0.0637,0.0243,0.7777,171210.7,0.6837,2.8535,12.0507,0.0,0.0,0.5084,-10.1547,0.5317,0.1938,-0.4959,0.0032,3.6224,-5.2053,0.373,0.3436,0.7777,0.0243,92.9802
0.813,-1.357,0.1535,0.0,0.0391,0.2901,0.2317,263371.94,0.4399,4.3895,12.4813,3.0,4.0,0.3576,-0.5969,0.1019,0.1926,-0.4399,0.0445,437.5216,-0.3091,0.281,0.2782,0.813,0.0,104.6795
0.6649,-10.3523,0.0235,0.458,0.162,0.2356,0.2669,131836.75,0.1301,2.1973,11.7893,0.0,1.0,0.0865,-1.3472,0.0347,0.1855,0.3279,0.0055,0.2835,-4.7114,0.2773,0.2176,0.6649,0.0235,143.5514
0.5345,-23.7848,0.0235,0.7353,0.1055,0.232,0.9445,179814.97,0.1875,2.9969,12.0997,0.0,0.0,0.1002,-4.4604,0.1771,0.129,0.5477,0.0055,0.2547,-7.9364,0.3947,0.3485,0.9445,0.0235,136.7081
0.5558,-8.7881,0.0235,0.277,0.2659,0.0989,0.4088,303725.94,0.2348,5.0621,12.6239,4.0,2.0,0.1305,-2.0635,0.096,0.2894,0.0422,0.0023,0.8445,-1.7361,0.2664,0.179,0.5558,0.0235,130.4246
0.769,-8.7881,0.0235,0.4475,0.0644,0.0814,0.474,254031.88,0.2215,4.2339,12.4452,2.0,2.0,0.1703,-1.9463,0.105,0.0879,0.226,0.0019,0.4938,-2.0757,0.2973,0.2762,0.769,0.0235,133.3947
0.3879,-5.3331,0.0235,0.3908,0.2389,0.2778,0.6247,282363.62,0.1345,4.7061,12.551,3.0,3.0,0.0522,-0.7171,0.084,0.2624,0.2563,0.0065,0.3432,-1.1332,0.2969,0.1955,0.6247,0.0235,177.5736
0.5696,-1.357,0.0471,0.1427,0.0,0.2417,0.2599,223373.55,0.9923,3.7229,12.3166,1.0,4.0,0.5652,-1.3465,0.2579,0.0471,-0.8495,0.0114,6.9027,-0.3645,0.3219,0.3494,0.9923,0.0,162.7226
0.685,-7.758,0.0235,0.0,0.39,0.0764,0.7046,161118.45,0.8487,2.6853,11.9899,0.0,2.0,0.5814,-6.5839,0.598,0.4135,-0.8487,0.0018,844.1421,-2.889,0.3897,0.3608,0.8487,0.0,151.6446
0.634,-1.357,0.1168,0.4945,0.0,0.177,0.6949,228407.3,0.3234,3.8068,12.3389,1.0,4.0,0.205,-0.4389,0.2247,0.1168,0.1711,0.0207,0.6526,-0.3565,0.3487,0.2671,0.6949,0.0,145.2666
0.3824,-4.4177,0.0612,0.0,0.2319,0.1531,0.3765,64986.016,0.5158,1.0831,11.0819,0.0,3.0,0.1972,-2.2787,0.1942,0.293,-0.5158,0.0094,513.05,-4.0788,0.2458,0.1879,0.5158,0.0,157.3526
0.5024,-5.894,0.0713,0.0862,0.0456,0.0243,0.2656,257589.05,0.6562,4.2932,12.4591,2.0,3.0,0.3297,-3.8676,0.1743,0.1169,-0.57,0.0017,7.5273,-1.3729,0.236,0.2514,0.6562,0.0243,136.9146
0.632,-18.8795,0.079,0.4417,0.0395,0.0243,0.7661,162998.23,0.8525,2.7166,12.0015,0.0,0.0,0.5388,-16.0941,0.6531,0.1185,-0.4107,0.0019,1.9254,-6.9496,0.405,0.3578,0.8525,0.0243,118.6452
0.8208,-6.7019,0.0235,0.0,0.0,0.2785,0.5309,249399.81,0.4529,4.1567,12.4268,2.0,3.0,0.3717,-3.0351,0.2404,0.0235,-0.4529,0.0065,450.4522,-1.6123,0.301,0.3175,0.8208,0.0,125.9368
0.64,-15.1083,0.0235,0.0,0.0,0.2567,0.3979,177922.69,0.4385,2.9654,12.0891,0.0,0.0,0.2806,-6.6245,0.1745,0.0235,-0.4385,0.006,436.129,-5.0949,0.251,0.2536,0.64,0.0,108.6984
0.6514,-20.2515,0.0556,0.0,0.2328,0.0243,0.3957,229372.8,0.8082,3.8229,12.3431,1.0,0.0,0.5265,-16.3673,0.3198,0.2884,-0.8082,0.0014,803.8911,-5.2975,0.3097,0.3216,0.8082,0.0,97.7364
0.6366,-9.4589,0.0839,0.4479,0.0,0.3388,0.9086,282846.53,0.2195,4.7141,12.5527,3.0,2.0,0.1397,-2.0759,0.1994,0.0839,0.2284,0.0284,0.4889,-2.0065,0.3765,0.3187,0.9086,0.0,94.8009
0.7244,-7.5564,0.1324,0.6208,0.0,0.055,0.3587,263897.47,0.3413,4.3983,12.4833,3.0,2.0,0.2473,-2.5793,0.1224,0.1324,0.2795,0.0073,0.5489,-1.718,0.3189,0.278,0.7244,0.0,77.2412
0.7425,-6.7933,0.0326,0.257,0.3596,0.1048,0.5855,179569.48,0.4736,2.9928,12.0983,0.0,3.0,0.3517,-3.2173,0.2773,0.3922,-0.2166,0.0034,1.8354,-2.2699,0.3651,0.2559,0.7425,0.0326,118.1281
0.975,-10.6435,0.0718,0.0688,0.3551,0.1379,0.405,216437.38,0.4498,3.6073,12.2851,1.0,1.0,0.4386,-4.7875,0.1821,0.4269,-0.381,0.0099,6.4454,-2.9506,0.3519,0.3176,0.975,0.0688,168.7243
0.42,-2.4811,0.0612,0.0614,0.2985,0.0917,0.978,166711.47,0.5861,2.7785,12.024,0.0,4.0,0.2462,-1.4541,0.5732,0.3598,-0.5247,0.0056,9.3949,-0.893,0.3567,0.3393,0.978,0.0612,117.0924
0.5299,-4.0655,0.0841,0.5075,0.3738,0.0567,0.7339,260557.88,0.5256,4.3426,12.4706,3.0,3.0,0.2785,-2.1368,0.3857,0.4579,-0.0181,0.0048,1.0336,-0.9362,0.4017,0.2497,0.7339,0.0567,139.5925
0.5665,-1.357,0.0235,0.0,0.0,0.0887,0.5696,336931.2,0.5229,5.6155,12.7276,4.0,4.0,0.2962,-0.7095,0.2978,0.0235,-0.5229,0.0021,520.079,-0.2417,0.253,0.2826,0.5696,0.0,177.7946
0.7931,-7.8653,0.0235,0.0,0.0,0.1346,0.8271,291629.2,0.9083,4.8605,12.5832,4.0,2.0,0.7203,-7.1438,0.7512,0.0235,-0.9083,0.0032,903.4243,-1.6182,0.3838,0.4331,0.9083,0.0,156.4072
0.7386,-1.357,0.0235,0.0,0.257,0.1077,0.3839,185968.28,0.4729,3.0995,12.1333,1.0,4.0,0.3493,-0.6417,0.1815,0.2805,-0.4729,0.0025,470.3456,-0.4378,0.2834,0.2685,0.7386,0.0,113.4425
0.7444,-3.8293,0.0419,0.4857,0.3979,0.0243,0.5867,326724.84,0.7371,5.4454,12.6969,4.0,4.0,0.5487,-2.8227,0.4325,0.4398,-0.2514,0.001,1.5144,-0.7032,0.4312,0.2992,0.7444,0.0243,157.724
0.9335,-9.8372,0.0818,0.4915,0.0106,0.1877,0.7718,290941.84,0.0741,4.849,12.5809,3.0,1.0,0.0692,-0.7293,0.0572,0.0924,0.4173,0.0153,0.1505,-2.0287,0.3644,0.3711,0.9335,0.0106,145.8547
0.4033,-1.357,0.0574,0.0568,0.154,0.0243,0.592,315538.6,0.9708,5.259,12.662,4.0,4.0,0.3915,-1.3174,0.5747,0.2114,-0.914,0.0014,16.8025,-0.258,0.3227,0.3554,0.9708,0.0243,116.9816
0.6725,-10.4387,0.134,0.995,0.0,0.1341,0.4559,301530.97,0.0638,5.0255,12.6166,4.0,1.0,0.0429,-0.666,0.0291,0.134,0.9312,0.018,0.0641,-2.0771,0.3507,0.3717,0.995,0.0,111.5753
0.4948,-10.1415,0.0758,0.2937,0.2619,0.1405,0.7322,255814.81,0.1904,4.2636,12.4522,2.0,1.0,0.0942,-1.9309,0.1394,0.3377,0.1033,0.0107,0.646,-2.3786,0.3128,0.2283,0.7322,0.0758,122.9683
0.577,-7.0764,0.1695,0.0,0.0,0.2659,0.7909,238944.75,0.6117,3.9824,12.384,2.0,2.0,0.3529,-4.3284,0.4838,0.1695,-0.6117,0.0451,608.4056,-1.7769,0.345,0.3159,0.7909,0.0,61.6361
0.5567,-6.7195,0.098,0.0,0.0,0.4977,0.5445,265524.72,0.8421,4.4254,12.4895,3.0,3.0,0.4688,-5.6587,0.4586,0.098,-0.8421,0.0488,837.6436,-1.5184,0.3627,0.3296,0.8421,0.0,127.232
0.975,-19.7001,0.1588,0.4875,0.0398,0.2037,0.7299,266664.06,0.1766,4.4444,12.4937,3.0,0.0,0.1722,-3.479,0.1289,0.1986,0.3109,0.0323,0.3615,-4.4326,0.3959,0.3472,0.975,0.0398,133.7754
0.7045,-4.1845,0.1087,0.5864,0.49,0.0243,0.6781,236471.06,0.3395,3.9412,12.3736,2.0,3.0,0.2392,-1.4205,0.2302,0.5987,0.2469,0.0026,0.5779,-1.0617,0.4188,0.2708,0.7045,0.0243,109.2421
0.3436,-1.357,0.0499,0.1159,0.0916,0.2683,0.3434,288934.62,0.7816,4.8156,12.574,3.0,4.0,0.2686,-1.0606,0.2684,0.1415,-0.6657,0.0134,6.6855,-0.2818,0.2849,0.25,0.7816,0.0499,138.9848
0.7223,-3.8765,0.0235,0.089,0.2328,0.2871,0.3618,291742.9,0.5732,4.8624,12.5836,4.0,4.0,0.414,-2.222,0.2074,0.2563,-0.4842,0.0067,6.3706,-0.7972,0.3271,0.2508,0.7223,0.0235,120.7512
0.6239,-7.1729,0.0235,0.387,0.2049,0.1617,0.4145,280802.16,0.2964,4.68,12.5454,3.0,2.0,0.1849,-2.1261,0.1229,0.2284,0.0906,0.0038,0.764,-1.5327,0.3017,0.1959,0.6239,0.0235,146.9488
0.4328,-9.6448,0.0235,0.0,0.0,0.1688,0.52,135568.0,0.6068,2.2595,11.8172,0.0,1.0,0.2626,-5.8525,0.3155,0.0235,-0.6068,0.004,603.5649,-4.2686,0.2503,0.2635,0.6068,0.0,111.0431
0.5884,-14.4021,0.1074,0.0709,0.017,0.0243,0.3335,221627.5,0.7134,3.6938,12.3088,1.0,0.0,0.4198,-10.2744,0.2379,0.1245,-0.6425,0.0026,9.9205,-3.899,0.265,0.2864,0.7134,0.017,69.5869
0.3546,-3.9085,0.0561,0.2398,0.2261,0.2363,0.4199,168957.05,0.5979,2.816,12.0374,0.0,4.0,0.212,-2.337,0.2511,0.2822,-0.3581,0.0133,2.4827,-1.388,0.3044,0.1725,0.5979,0.0561,104.6995
0.7747,-6.0128,0.0235,0.2038,0.069,0.1556,0.5271,166518.33,0.3299,2.7753,12.0229,0.0,3.0,0.2555,-1.9834,0.1739,0.0924,-0.1261,0.0037,1.6109,-2.1665,0.2976,0.2701,0.7747,0.0235,128.1579
0.7442,-1.357,0.2264,0.3667,0.0,0.1349,0.6739,273889.7,0.3634,4.5648,12.5205,3.0,4.0,0.2704,-0.4931,0.2449,0.2264,0.0033,0.0305,0.9883,-0.2973,0.3585,0.2721,0.7442,0.0,149.089
0.6944,-10.7566,0.1292,0.0527,0.0148,0.1836,0.0256,141813.14,0.9083,2.3636,11.8623,0.0,1.0,0.6307,-9.7699,0.0233,0.144,-0.8555,0.0237,16.9031,-4.551,0.2869,0.3617,0.9083,0.0148,57.1244
0.5395,-11.8895,0.1149,0.2948,0.0,0.1646,0.8121,336921.06,0.1285,5.6154,12.7276,4.0,1.0,0.0693,-1.5282,0.1044,0.1149,0.1663,0.0189,0.4345,-2.1173,0.2935,0.2862,0.8121,0.0,156.2362
0.3917,-13.0524,0.0235,0.0758,0.4485,0.3764,0.5392,268845.9,0.4255,4.4808,12.5019,3.0,0.0,0.1666,-5.5534,0.2294,0.472,-0.3496,0.0088,5.5375,-2.913,0.3258,0.1964,0.5392,0.0235,138.2132
0.6513,-4.4961,0.0771,0.3645,0.0538,0.2128,0.3189,63973.0,0.1699,1.0662,11.0662,0.0,3.0,0.1107,-0.764,0.0542,0.131,0.1946,0.0164,0.4649,-4.2168,0.2641,0.2056,0.6513,0.0538,116.3104
0.5961,-9.9088,0.0404,0.5421,0.0,0.0313,0.8732,203563.33,0.6829,3.3927,12.2237,1.0,1.0,0.407,-6.7664,0.5963,0.0404,-0.1408,0.0013,1.2573,-2.9206,0.3951,0.3623,0.8732,0.0,111.5864
0.784,-2.9448,0.194,0.2524,0.3688,0.0768,0.5124,261944.03,0.3398,4.3657,12.4759,3.0,4.0,0.2664,-1.0006,0.1741,0.5628,-0.0874,0.0149,1.3412,-0.6745,0.3612,0.2319,0.784,0.0768,118.3453
0.568,-1.357,0.0235,0.1815,0.0,0.4033,0.7667,170182.34,0.4385,2.8364,12.0446,0.0,4.0,0.249,-0.595,0.3362,0.0235,-0.257,0.0095,2.4024,-0.4784,0.3402,0.2854,0.7667,0.0,158.1196
0.7114,-7.8371,0.0693,0.7383,0.2839,0.0243,0.8396,210871.7,0.7111,3.5145,12.259,1.0,2.0,0.5059,-5.5732,0.5971,0.3532,0.0272,0.0017,0.9619,-2.2299,0.4826,0.3459,0.8396,0.0243,72.7473
0.6865,-1.9731,0.0522,0.2177,0.0,0.0963,0.5926,187576.9,0.4909,3.1263,12.142,1.0,4.0,0.337,-0.9685,0.2909,0.0522,-0.2731,0.005,2.2442,-0.6311,0.3052,0.2801,0.6865,0.0,146.1157
0.6069,-10.8365,0.0235,0.0,0.3474,0.297,0.413,129699.99,0.9916,2.1617,11.773,0.0,1.0,0.6018,-10.7455,0.4095,0.3709,-0.9916,0.007,986.3134,-5.013,0.3828,0.343,0.9916,0.0,85.2064
0.6243,-15.2677,0.1179,0.3486,0.2323,0.1829,0.646,242034.72,0.0763,4.0339,12.3968,2.0,0.0,0.0476,-1.1644,0.0493,0.3502,0.2723,0.0216,0.2181,-3.7848,0.3183,0.2333,0.646,0.0763,105.226
0.7834,-12.5805,0.0522,0.3574,0.0248,0.4445,0.7944,231136.8,0.0056,3.8523,12.3508,2.0,0.0,0.0044,-0.0705,0.0044,0.077,0.3518,0.0232,0.0156,-3.2657,0.3518,0.3434,0.7944,0.0056,125.1517
0.4298,-6.6499,0.1529,0.519,0.1896,0.2917,0.7195,223281.8,0.4129,3.7214,12.3162,1.0,3.0,0.1775,-2.746,0.2971,0.3425,0.106,0.0446,0.7941,-1.7869,0.3879,0.1972,0.7195,0.1529,129.0996
0.4449,-11.5677,0.0235,0.1478,0.4288,0.2036,0.0256,241840.97,0.907,4.0307,12.396,2.0,1.0,0.4035,-10.4919,0.0232,0.4523,-0.7592,0.0048,6.0943,-2.8699,0.3116,0.3134,0.907,0.0235,164.6512
0.4323,-3.6745,0.1609,0.3779,0.0219,0.1145,0.3969,247031.69,0.5169,4.1172,12.4173,2.0,4.0,0.2234,-1.8992,0.2051,0.1828,-0.1389,0.0184,1.364,-0.8925,0.2887,0.1872,0.5169,0.0219,145.4281
0.7539,-5.519,0.0235,0.2825,0.3769,0.2638,0.5967,182661.02,0.3351,3.0444,12.1154,0.0,3.0,0.2526,-1.8492,0.1999,0.4004,-0.0526,0.0062,1.1821,-1.8129,0.3761,0.2376,0.7539,0.0235,118.7477
0.4269,-17.5939,0.0958,0.4526,0.1289,0.2514,0.1545,230742.06,0.7875,3.8457,12.3491,2.0,0.0,0.3362,-13.8558,0.1217,0.2247,-0.3349,0.0241,1.7361,-4.5749,0.3282,0.247,0.7875,0.0958,179.9785
0.6718,-13.4556,0.0235,0.445,0.2355,0.1367,0.0256,228769.8,0.2161,3.8128,12.3405,1.0,0.0,0.1452,-2.9073,0.0055,0.259,0.229,0.0032,0.4844,-3.529,0.2506,0.2352,0.6718,0.0235,127.4839
0.3777,-9.6169,0.0235,0.3535,0.0,0.1833,0.3732,215984.17,0.3895,3.5997,12.283,1.0,1.0,0.1471,-3.7461,0.1454,0.0235,-0.036,0.0043,1.0987,-2.6715,0.243,0.173,0.3895,0.0,144.3442
0.9584,-18.116,0.1634,0.4285,0.2924,0.419,0.4167,142364.9,0.0448,2.3727,11.8662,0.0,0.0,0.0429,-0.8116,0.0187,0.4558,0.3837,0.0685,0.1043,-7.635,0.389,0.2904,0.9584,0.0448,96.8849
0.7412,-6.769,0.1076,0.4945,0.5392,0.0243,0.6724,254761.73,0.3129,4.246,12.4481,2.0,3.0,0.2319,-2.1178,0.2104,0.6467,0.1817,0.0026,0.6314,-1.5942,0.4131,0.2744,0.7412,0.0243,89.5737
0.5981,-8.0653,0.1209,0.6196,0.0128,0.1928,0.8562,180698.22,0.0859,3.0116,12.1046,0.0,2.0,0.0514,-0.6925,0.0735,0.1337,0.5337,0.0233,0.1384,-2.678,0.3552,0.3294,0.8562,0.0128,135.7548
0.8138,-4.8781,0.0235,0.2734,0.0,0.0654,0.5301,224540.78,0.5792,3.7423,12.3218,1.0,3.0,0.4714,-2.8254,0.307,0.0235,-0.3058,0.0015,2.111,-1.3035,0.3265,0.3194,0.8138,0.0,129.5959
0.9042,-12.5696,0.0613,0.3336,0.2327,0.1177,0.3238,166633.55,0.1159,2.7772,12.0236,0.0,0.0,0.1048,-1.4572,0.0375,0.294,0.2177,0.0072,0.3465,-4.526,0.2985,0.2873,0.9042,0.0613,81.1496
0.7437,-1.357,0.0235,0.4535,0.0,0.0783,0.3039,280709.47,0.9988,4.6785,12.5451,3.0,4.0,0.7428,-1.3554,0.3035,0.0235,-0.5453,0.0018,2.1978,-0.2901,0.3717,0.3848,0.9988,0.0,143.1859
0.7886,-3.2593,0.0948,0.0774,0.0692,0.0243,0.4578,291570.5,0.7223,4.8595,12.583,4.0,4.0,0.5696,-2.3543,0.3307,0.164,-0.645,0.0023,9.2164,-0.6707,0.3192,0.3317,0.7886,0.0243,164.1629
0.538,-8.9267,0.0768,0.2358,0.0918,0.368,0.5767,241057.45,0.0675,4.0176,12.3928,2.0,2.0,0.0363,-0.6028,0.0389,0.1686,0.1683,0.0283,0.2852,-2.2219,0.2792,0.2184,0.5767,0.0675,127.9062
0.8487,-8.847,0.0916,0.815,0.2159,0.1711,0.978,255501.62,0.0981,4.2584,12.451,2.0,2.0,0.0833,-0.8682,0.096,0.3075,0.7169,0.0157,0.1203,-2.0776,0.4598,0.399,0.978,0.0916,115.7497
0.4028,-5.0027,0.0235,0.0,0.2829,0.2139,0.9342,216844.95,0.8143,3.6141,12.2869,1.0,3.0,0.328,-4.0739,0.7607,0.3064,-0.8143,0.005,809.9918,-1.3842,0.3817,0.3662,0.9342,0.0,127.3382
0.6922,-18.971,0.07,0.0,0.2046,0.1712,0.4616,255975.53,0.7799,4.2663,12.4528,2.0,0.0,0.5399,-14.7949,0.36,0.2746,-0.7799,0.012,775.7088,-4.4468,0.3399,0.3076,0.7799,0.0,107.2157
0.975,-8.8181,0.142,0.5278,0.0851,0.1746,0.6647,294023.78,0.1852,4.9004,12.5914,4.0,2.0,0.1806,-1.6331,0.1231,0.2272,0.3426,0.0248,0.3502,-1.7995,0.3935,0.3365,0.975,0.0851,140.5231
0.5813,-10.2779,0.0942,0.995,0.3159,0.0243,0.6864,362396.38,0.6413,6.0399,12.8005,4.0,1.0,0.3728,-6.5916,0.4402,0.4101,0.3537,0.0023,0.6439,-1.7017,0.4769,0.3482,0.995,0.0243,137.2497
0.7228,-10.9332,0.0235,0.595,0.2427,0.1479,0.2912,253850.78,0.1895,4.2308,12.4445,2.0,1.0,0.1369,-2.0715,0.0552,0.2662,0.4055,0.0035,0.3179,-2.5842,0.3161,0.2514,0.7228,0.0235,107.6986
0.7576,-12.9456,0.1186,0.0,0.2845,0.0596,0.7119,264560.94,0.9657,4.4093,12.4858,3.0,0.0,0.7315,-12.5011,0.6874,0.4031,-0.9657,0.0071,960.5183,-2.9359,0.414,0.3899,0.9657,0.0,121.6143
0.8172,-9.0158,0.1274,0.2811,0.241,0.0243,0.6339,351546.9,0.2902,5.8591,12.7701,4.0,2.0,0.2371,-2.6164,0.184,0.3684,-0.0091,0.0031,1.0286,-1.5388,0.345,0.2812,0.8172,0.0243,183.4524
0.7157,-1.357,0.0235,0.068,0.1758,0.0827,0.3911,166716.64,0.619,2.7786,12.0241,0.0,4.0,0.443,-0.84,0.2421,0.1993,-0.551,0.0019,8.9707,-0.4884,0.2965,0.2816,0.7157,0.0235,133.9927
0.4558,-14.1067,0.0962,0.0569,0.3108,0.0842,0.5416,171521.8,0.9835,2.8587,12.0525,0.0,0.0,0.4483,-13.8735,0.5327,0.4071,-0.9265,0.0081,16.9776,-4.9347,0.3613,0.3344,0.9835,0.0569,126.9959
0.7537,-13.6969,0.0562,0.0,0.2726,0.0919,0.368,268037.6,0.4825,4.4673,12.4989,3.0,0.0,0.3636,-6.6083,0.1775,0.3288,-0.4825,0.0052,479.8944,-3.066,0.2893,0.2697,0.7537,0.0,152.4414
0.8167,-5.6644,0.0815,0.0,0.1769,0.0243,0.2801,325064.8,0.7267,5.4177,12.6918,4.0,3.0,0.5935,-4.1161,0.2035,0.2583,-0.7267,0.002,722.7925,-1.0455,0.3009,0.3362,0.8167,0.0,96.1242
0.6647,-6.9948,0.0235,0.4781,0.0,0.2828,0.4727,230539.92,0.7185,3.8423,12.3482,2.0,2.0,0.4776,-5.0255,0.3397,0.0235,-0.2404,0.0066,1.4996,-1.8205,0.3772,0.2871,0.7185,0.0,103.6312
0.8067,-4.2516,0.1067,0.3285,0.0,0.237,0.3717,297511.44,0.8377,4.9585,12.6032,4.0,3.0,0.6758,-3.5614,0.3114,0.1067,-0.5091,0.0253,2.5421,-0.8574,0.384,0.325,0.8377,0.0,135.4629
0.6947,-5.3655,0.0815,0.4847,0.0797,0.0243,0.3906,234576.25,0.7353,3.9096,12.3655,2.0,3.0,0.5109,-3.9454,0.2872,0.1613,-0.2506,0.002,1.5139,-1.3724,0.3558,0.2995,0.7353,0.0243,110.0775
0.562,-7.2915,0.0235,0.0,0.2169,0.1706,0.837,299211.44,0.7424,4.9869,12.6089,4.0,2.0,0.4173,-5.4132,0.6214,0.2404,-0.7424,0.004,738.442,-1.4622,0.3646,0.3449,0.837,0.0,135.8345
0.975,-7.2511,0.1001,0.1344,0.1135,0.0243,0.7821,121384.69,0.8827,2.0231,11.7067,0.0,2.0,0.8606,-6.4003,0.6903,0.2136,-0.7483,0.0024,6.5183,-3.5842,0.4303,0.4256,0.975,0.0243,111.6049
0.403,-16.6869,0.1144,0.0,0.0433,0.0546,0.2749,351617.47,0.9811,5.8603,12.7703,4.0,0.0,0.3954,-16.3721,0.2697,0.1577,-0.9811,0.0062,975.9025,-2.8475,0.2673,0.346,0.9811,0.0,81.5563
0.975,-5.7358,0.0913,0.1846,0.0,0.2716,0.7815,63973.0,0.2523,1.0662,11.0662,0.0,3.0,0.246,-1.4469,0.1972,0.0913,-0.0677,0.0248,1.3593,-5.3795,0.3652,0.3669,0.975,0.0,62.1065
0.6039,-2.6275,0.0473,0.406,0.3369,0.1476,0.7425,282365.3,0.2351,4.7061,12.551,3.0,4.0,0.1419,-0.6176,0.1745,0.3842,0.171,0.007,0.5775,-0.5583,0.3599,0.2473,0.7425,0.0473,56.2157
0.5628,-5.7447,0.0235,0.3717,0.1766,0.1144,0.3869,127940.086,0.1685,2.1323,11.7593,0.0,3.0,0.0949,-0.9682,0.0652,0.2001,0.2031,0.0027,0.4522,-2.6941,0.2578,0.1883,0.5628,0.0235,140.666
0.9442,-6.3299,0.0235,0.1176,0.0,0.2809,0.6477,272738.12,0.4669,4.5456,12.5163,3.0,3.0,0.4408,-2.9552,0.3024,0.0235,-0.3493,0.0066,3.9364,-1.3925,0.3544,0.3519,0.9442,0.0,108.2012
0.4767,-4.9816,0.0235,0.0,0.1431,0.301,0.4765,297065.25,0.9558,4.9511,12.6017,4.0,3.0,0.4556,-4.7614,0.4555,0.1666,-0.9558,0.0071,950.7042,-1.0062,0.3395,0.3348,0.9558,0.0,138.7876
0.6364,-6.3059,0.0235,0.1809,0.0,0.1146,0.3363,155845.14,0.6363,2.5974,11.9566,0.0,3.0,0.4049,-4.0122,0.214,0.0235,-0.4554,0.0027,3.4981,-2.4278,0.2754,0.2703,0.6364,0.0,65.1936
0.4145,-8.8394,0.0235,0.4418,0.3689,0.0561,0.781,352574.4,0.4645,5.8762,12.773,4.0,2.0,0.1925,-4.1056,0.3628,0.3924,-0.0227,0.0013,1.049,-1.5043,0.3643,0.2593,0.781,0.0235,103.2527
0.9432,-11.1401,0.0235,0.1209,0.0106,0.3556,0.6741,63973.0,0.634,1.0662,11.0662,0.0,1.0,0.598,-7.0628,0.4274,0.0341,-0.5131,0.0084,5.2029,-10.4483,0.3945,0.3647,0.9432,0.0106,115.2961
0.3737,-18.9743,0.0235,0.2316,0.0388,0.3721,0.673,273069.6,0.2437,4.5512,12.5175,3.0,0.0,0.0911,-4.6234,0.164,0.0623,-0.0121,0.0087,1.0477,-4.1691,0.2795,0.2234,0.673,0.0235,133.2398
0.975,-3.8718,0.2317,0.068,0.0,0.1438,0.4438,314744.4,0.5545,5.2457,12.6595,4.0,4.0,0.5406,-2.1468,0.2461,0.2317,-0.4865,0.0333,8.0354,-0.7381,0.3453,0.3415,0.975,0.0,119.2247
0.6373,-4.5913,0.0582,0.2045,0.0637,0.1119,0.2717,157880.67,0.3449,2.6313,11.9696,0.0,3.0,0.2198,-1.5834,0.0937,0.1219,-0.1403,0.0065,1.678,-1.7448,0.2417,0.2048,0.6373,0.0582,121.1144
0.5661,-8.7556,0.0471,0.0095,0.0,0.0554,0.978,181293.45,0.5878,3.0216,12.1079,0.0,2.0,0.3328,-5.1465,0.5749,0.0471,-0.5783,0.0026,55.7749,-2.8977,0.3206,0.3891,0.978,0.0,125.6375
0.7376,-2.6713,0.041,0.2049,0.0066,0.1384,0.978,230957.48,0.3304,3.8493,12.35,2.0,4.0,0.2437,-0.8826,0.3231,0.0477,-0.1255,0.0057,1.6045,-0.694,0.3482,0.3706,0.978,0.0066,102.7187
0.6778,-16.2414,0.0829,0.3761,0.1096,0.0859,0.4937,254963.58,0.2549,4.2494,12.4489,2.0,0.0,0.1727,-4.1394,0.1258,0.1925,0.1212,0.0071,0.6759,-3.822,0.2973,0.23,0.6778,0.0829,104.7055
0.4849,-18.4223,0.0235,0.0,0.0,0.4339,0.7038,180801.25,0.6984,3.0134,12.1052,0.0,0.0,0.3386,-12.8662,0.4916,0.0235,-0.6984,0.0102,694.6765,-6.1136,0.3349,0.3219,0.7038,0.0,97.5765
0.5545,-1.357,0.0723,0.3813,0.0,0.0243,0.2325,184789.47,0.738,3.0798,12.127,1.0,4.0,0.4092,-1.0015,0.1716,0.0723,-0.3567,0.0018,1.9305,-0.4406,0.2861,0.2841,0.738,0.0,65.0509
0.788,-15.956,0.0235,0.6642,0.1416,0.0976,0.4467,272296.62,0.0866,4.5383,12.5147,3.0,0.0,0.0682,-1.3818,0.0387,0.1651,0.5776,0.0023,0.1302,-3.5159,0.3212,0.3102,0.788,0.0235,87.6549
0.4378,-13.367,0.0235,0.6227,0.1408,0.0778,0.6799,220927.47,0.3925,3.6821,12.3056,1.0,0.0,0.1718,-5.2461,0.2668,0.1643,0.2302,0.0018,0.6292,-3.6303,0.3393,0.2634,0.6799,0.0235,136.5355
